breath,start_s,mid_s,peak_s,end_s,clock,inhale_dur_s,exhale_dur_s,cycle_dur_s,rate_bpm,ie_ratio,duty_cycle,inhale_amp_norm,exhale_amp_norm,inhale_amp_raw,inhale_slope_norm,n_holds,hold_dur_s,event_marker,phase,amp_local_median,amp_ratio,is_sigh,cv_cycle_w,succ_diff_w,autocorr1_w,arousal_index_z
1,7.2,8.85,8.3,10.5,2025-08-08 15:53:32.560000,1.1,2.2,3.3,18.182,0.5,0.3333,0.2222,-0.2282,2.7835,0.202,1,0.55,biometric_baseline,biometric_baseline,4.95786,0.561,0,0.339,1.23,0.5506,-0.3019
2,10.5,12.05,11.8,13.6,2025-08-08 15:53:35.855000,1.3,1.8,3.1,19.355,0.7222,0.4194,0.3148,-0.3148,3.9442,0.2422,0,0.0,biometric_baseline,biometric_baseline,4.74736,0.831,0,0.3411,1.3318,0.4744,-0.2314
3,13.6,15.175,14.9,16.75,2025-08-08 15:53:38.951000,1.3,1.85,3.15,19.048,0.7027,0.4127,0.1264,-0.1253,1.58329,0.0972,1,0.55,biometric_baseline,biometric_baseline,4.53687,0.349,0,0.3543,1.275,0.5161,-0.2056
4,16.75,19.475,18.3,22.2,2025-08-08 15:53:42.064000,1.55,3.9,5.45,11.009,0.3974,0.2844,0.3621,-0.3077,4.53687,0.2336,0,0.0,biometric_baseline,biometric_baseline,4.48967,1.011,0,0.3449,1.2731,0.5247,-0.6724
5,22.2,25.3,24.7,28.4,2025-08-08 15:53:47.550000,2.5,3.7,6.2,9.677,0.6757,0.4032,0.5771,-0.6267,7.23054,0.2309,0,0.0,biometric_baseline,biometric_baseline,4.53687,1.594,0,0.3312,1.2714,0.512,-0.7889
6,28.4,32.2,32.7,36.0,2025-08-08 15:53:53.764000,4.3,3.3,7.6,7.895,1.303,0.5658,0.6107,-0.6057,7.65115,0.142,0,0.0,biometric_baseline,biometric_baseline,4.74736,1.612,0,0.3223,1.2433,0.5199,-0.9143
7,36.0,39.9,40.8,43.8,2025-08-08 15:54:01.354000,4.8,3.0,7.8,7.692,1.6,0.6154,0.4053,-0.4229,5.07805,0.0844,0,0.0,biometric_baseline,biometric_baseline,4.95786,1.024,0,0.3152,1.2875,0.48,-0.9482
8,43.8,47.05,46.65,50.3,2025-08-08 15:54:09.068000,2.85,3.65,6.5,9.231,0.7808,0.4385,0.4777,-0.4654,5.98518,0.1676,0,0.0,biometric_baseline,biometric_baseline,5.01796,1.193,0,0.3088,1.2147,0.4845,-0.8853
9,50.3,51.95,51.5,53.6,2025-08-08 15:54:15.632000,1.2,2.1,3.3,18.182,0.5714,0.3636,0.265,-0.265,3.31941,0.2208,0,0.0,biometric_baseline,biometric_baseline,4.95786,0.67,0,0.3242,1.2417,0.4828,-0.3496
10,53.6,56.675,56.35,59.75,2025-08-08 15:54:18.941000,2.75,3.4,6.15,9.756,0.8088,0.4472,0.4057,-0.3922,5.08259,0.1475,1,1.05,biometric_baseline,biometric_baseline,5.01796,1.013,0,0.3187,1.3737,0.3762,-0.8249
11,59.75,62.85,62.75,65.95,2025-08-08 15:54:25.056000,3.0,3.2,6.2,9.677,0.9375,0.4839,0.3957,-0.4087,4.95786,0.1319,0,0.0,biometric_baseline,biometric_baseline,5.07805,0.976,0,0.3114,1.3225,0.3973,-0.8527
12,65.95,67.875,67.4,69.8,2025-08-08 15:54:31.238000,1.45,2.4,3.85,15.584,0.6042,0.3766,0.3418,-0.3433,4.28278,0.2358,0,0.0,biometric_baseline,biometric_baseline,5.07805,0.843,0,0.2949,1.2976,0.3441,-0.5851
13,69.8,71.4,70.95,73.0,2025-08-08 15:54:35.168000,1.15,2.05,3.2,18.75,0.561,0.3594,0.2914,-0.3023,3.65019,0.2534,0,0.0,biometric_baseline,biometric_baseline,5.07805,0.719,0,0.2829,1.3571,0.2543,-0.4519
14,73.0,75.225,74.2,77.45,2025-08-08 15:54:38.348000,1.2,3.25,4.45,13.483,0.3692,0.2697,0.3546,-0.3427,4.44247,0.2955,0,0.0,biometric_baseline,biometric_baseline,5.07805,0.875,0,0.2821,1.3929,0.3255,-0.7405
15,77.45,80.3,80.4,83.15,2025-08-08 15:54:42.725000,2.95,2.75,5.7,10.526,1.0727,0.5175,0.537,-0.5394,6.72781,0.182,0,0.0,biometric_baseline,biometric_baseline,5.07805,1.325,0,0.2916,1.3167,0.3646,-0.8704
16,83.15,86.425,86.6,89.7,2025-08-08 15:54:48.458000,3.45,3.1,6.55,9.16,1.1129,0.5267,0.4873,-0.516,6.10471,0.1412,0,0.0,biometric_baseline,biometric_baseline,4.95786,1.231,0,0.316,1.3381,0.3762,-0.8659
17,89.7,92.0,91.7,94.3,2025-08-08 15:54:54.969000,2.0,2.6,4.6,13.043,0.7692,0.4348,0.5277,-0.4963,6.61102,0.2638,0,0.0,biometric_baseline,biometric_baseline,4.74073,1.395,0,0.3109,1.3119,0.2946,-0.6715
18,94.3,96.575,97.0,98.85,2025-08-08 15:54:59.646000,2.7,1.85,4.55,13.187,1.4595,0.5934,0.4193,-0.3358,5.25308,0.1553,0,0.0,biometric_baseline,biometric_baseline,4.44247,1.182,0,0.3102,1.3524,0.2318,-0.666
19,98.85,100.275,99.5,101.7,2025-08-08 15:55:04.145000,0.65,2.2,2.85,21.053,0.2955,0.2281,0.1966,-0.184,2.46354,0.3025,1,0.65,biometric_baseline,biometric_baseline,4.44247,0.555,0,0.301,1.3857,0.3002,-0.2685
20,101.7,105.0,103.35,108.3,2025-08-08 15:55:06.971000,1.65,4.95,6.6,9.091,0.3333,0.25,0.4494,-0.4938,5.63065,0.2724,0,0.0,biometric_baseline,biometric_baseline,4.74073,1.188,0,0.2905,1.2571,0.3766,-0.9519
21,108.3,111.425,111.1,114.55,2025-08-08 15:55:13.656000,2.8,3.45,6.25,9.6,0.8116,0.448,1.9547,-2.0022,24.48967,0.6981,0,0.0,biometric_baseline,biometric_baseline,4.44247,5.513,1,0.2972,1.2143,0.2854,-0.9026
22,114.55,117.275,117.7,120.0,2025-08-08 15:55:19.837000,3.15,2.3,5.45,11.009,1.3696,0.578,0.2298,-0.2733,2.87876,0.0729,1,0.65,biometric_baseline,biometric_baseline,4.28278,0.672,0,0.3025,1.2214,0.3696,-0.809
23,120.0,122.0,121.3,124.0,2025-08-08 15:55:25.356000,1.3,2.7,4.0,15.0,0.4815,0.325,0.2758,-0.2802,3.45471,0.2121,1,0.65,biometric_baseline,biometric_baseline,4.26382,0.81,0,0.3156,1.1143,0.4038,-0.5501
24,124.0,125.6,125.15,127.2,2025-08-08 15:55:29.288000,1.15,2.05,3.2,18.75,0.561,0.3594,0.2835,-0.2868,3.55144,0.2465,0,0.0,biometric_baseline,biometric_baseline,4.26382,0.833,0,0.3132,1.1143,0.4364,-0.3542
25,127.2,129.15,128.8,131.1,2025-08-08 15:55:32.560000,1.6,2.3,3.9,15.385,0.6957,0.4103,0.3018,-0.3125,3.78145,0.1886,1,0.7,subject_idle,subject_idle,4.26382,0.887,0,0.3218,1.0643,0.4549,-0.5092
26,131.1,132.45,132.4,133.8,2025-08-08 15:55:36.461000,1.3,1.4,2.7,22.222,0.9286,0.4815,0.2947,-0.2485,3.69164,0.2267,0,0.0,subject_idle,subject_idle,4.05396,0.911,0,0.329,1.0262,0.4118,-0.1148
27,133.8,135.575,135.7,137.35,2025-08-08 15:55:39.132000,1.9,1.65,3.55,16.901,1.1515,0.5352,0.3784,-0.3327,4.74073,0.1992,0,0.0,subject_idle,subject_idle,4.05396,1.169,0,0.3043,1.0524,0.3717,-0.4833
28,137.35,138.6,138.35,139.85,2025-08-08 15:55:42.635000,1.0,1.5,2.5,24.0,0.6667,0.4,0.3175,-0.3464,3.97812,0.3175,0,0.0,subject_idle,subject_idle,3.98037,0.999,0,0.309,1.0048,0.3501,-0.0827
29,139.85,142.1,142.15,144.35,2025-08-08 15:55:45.133000,2.3,2.2,4.5,13.333,1.0455,0.5111,0.5204,-0.5233,6.51955,0.2263,0,0.0,subject_idle,subject_idle,3.97812,1.639,0,0.3121,1.0071,0.3924,-0.6519
30,144.35,146.85,147.0,149.35,2025-08-08 15:55:49.632000,2.65,2.35,5.0,12.0,1.1277,0.53,0.4826,-0.5015,6.0467,0.1821,0,0.0,subject_idle,subject_idle,3.97812,1.52,0,0.3187,0.9667,0.6056,-0.703
31,149.35,150.875,150.95,152.4,2025-08-08 15:55:54.642000,1.6,1.45,3.05,19.672,1.1034,0.5246,0.3403,-0.2984,4.26382,0.2127,1,0.3,subject_idle,subject_idle,3.97812,1.072,0,0.2815,0.8167,0.4217,-0.4063
32,152.4,153.825,153.4,155.25,2025-08-08 15:55:57.737000,1.0,1.85,2.85,21.053,0.5405,0.3509,0.2572,-0.2838,3.22267,0.2572,1,0.3,subject_idle,subject_idle,3.97812,0.81,0,0.3102,0.9905,-0.0167,-0.2388
33,155.25,156.625,156.35,158.0,2025-08-08 15:56:00.546000,1.1,1.65,2.75,21.818,0.6667,0.4,0.279,-0.282,3.49563,0.2537,0,0.0,subject_idle,subject_idle,3.98037,0.878,0,0.3194,1.0071,0.2968,-0.1676
34,158.0,159.7,159.9,161.4,2025-08-08 15:56:03.370000,1.9,1.5,3.4,17.647,1.2667,0.5588,0.3177,-0.3133,3.98037,0.1672,0,0.0,subject_idle,subject_idle,4.05396,0.982,0,0.323,1.0667,0.2366,-0.3825
35,161.4,163.0,163.05,164.6,2025-08-08 15:56:06.699000,1.65,1.55,3.2,18.75,1.0645,0.5156,0.3826,-0.39,4.79313,0.2319,0,0.0,subject_idle,subject_idle,4.05396,1.182,0,0.3388,1.0786,0.255,-0.2717
36,164.6,165.975,165.85,167.35,2025-08-08 15:56:09.947000,1.25,1.5,2.75,21.818,0.8333,0.4545,0.3236,-0.3061,4.05396,0.2589,0,0.0,subject_idle,subject_idle,4.05396,1.0,0,0.3738,1.0786,0.3367,0.0077
37,167.35,169.425,168.65,171.5,2025-08-08 15:56:12.637000,1.3,2.85,4.15,14.458,0.4561,0.3133,0.3697,-0.4054,4.63114,0.2843,1,0.35,subject_idle,subject_idle,4.19806,1.103,0,0.3666,1.1619,0.2584,-0.4152
38,171.5,173.1,172.5,174.7,2025-08-08 15:56:16.870000,1.0,2.2,3.2,18.75,0.4545,0.3125,0.2776,-0.2785,3.47727,0.2776,1,0.8,subject_idle,subject_idle,4.05396,0.858,0,0.3661,1.1262,0.2796,-0.1837
39,174.7,176.35,176.0,178.0,2025-08-08 15:56:20.056000,1.3,2.0,3.3,18.182,0.65,0.3939,0.2862,-0.2562,3.58523,0.2201,1,0.3,subject_idle,subject_idle,4.05396,0.884,0,0.3766,1.1881,0.2705,-0.1807
40,178.0,179.225,179.0,180.45,2025-08-08 15:56:23.292000,1.0,1.45,2.45,24.49,0.6897,0.4082,0.2921,-0.295,3.65899,0.2921,0,0.0,subject_idle,subject_idle,3.98037,0.919,0,0.4128,1.1238,0.308,0.2785
41,180.45,181.975,182.2,183.5,2025-08-08 15:56:25.747000,1.75,1.3,3.05,19.672,1.3462,0.5738,0.3351,-0.3116,4.19806,0.1915,0,0.0,subject_idle,subject_idle,3.98037,1.055,0,0.4266,1.319,0.1547,0.0613
42,183.5,187.025,189.9,190.55,2025-08-08 15:56:28.845000,6.4,0.65,7.05,8.511,9.8462,0.9078,2.251,-1.5138,28.20121,0.3517,0,0.0,subject_idle,subject_idle,3.65899,7.707,1,0.4383,1.4024,0.0645,-0.507
43,190.55,193.5,191.05,196.45,2025-08-08 15:56:35.858000,0.5,5.4,5.9,10.169,0.0926,0.0847,1.5314,-2.2297,19.18567,3.0628,1,0.8,subject_idle,subject_idle,3.72608,5.149,0,0.4389,1.4214,0.0721,-0.415
44,196.45,198.05,197.55,199.65,2025-08-08 15:56:41.740000,1.1,2.1,3.2,18.75,0.5238,0.3438,0.3741,-0.3088,4.68727,0.3401,0,0.0,subject_idle,subject_idle,3.72608,1.258,0,0.4633,1.481,0.0954,0.1295
45,199.65,200.725,200.3,201.8,2025-08-08 15:56:44.957000,0.65,1.5,2.15,27.907,0.4333,0.3023,0.1473,-0.2856,1.8452,0.2266,1,0.25,subject_idle,subject_idle,3.65899,0.504,0,0.5109,1.481,0.1797,0.7802
46,201.8,202.525,202.1,203.25,2025-08-08 15:56:47.142000,0.3,1.15,1.45,41.379,0.2609,0.2069,0.1437,-0.2867,1.80006,0.4789,0,0.0,subject_idle,subject_idle,3.58523,0.502,0,0.5319,1.5167,0.2301,1.5794
47,203.25,205.45,205.35,207.65,2025-08-08 15:56:48.556000,2.1,2.3,4.4,13.636,0.913,0.4773,0.3596,-0.1639,4.50578,0.1713,0,0.0,subject_idle,subject_idle,3.47727,1.296,0,0.5337,1.5357,0.2489,0.0787
48,207.65,209.8,208.75,211.95,2025-08-08 15:56:52.930000,1.1,3.2,4.3,13.953,0.3437,0.2558,0.2541,-0.3005,3.18323,0.231,2,1.1,subject_idle,subject_idle,3.47727,0.915,0,0.5386,1.4833,0.2494,0.1118
49,211.95,212.925,213.4,213.9,2025-08-08 15:56:57.257000,1.45,0.5,1.95,30.769,2.9,0.7436,0.1969,-0.2462,2.46666,0.1358,1,0.35,subject_idle,subject_idle,3.58523,0.688,0,0.5361,1.4833,0.2452,1.0168
50,213.9,214.55,214.65,215.2,2025-08-08 15:56:59.168000,0.75,0.55,1.3,46.154,1.3636,0.5769,0.2559,-0.1613,3.20647,0.3412,1,0.4,subject_idle,subject_idle,3.65899,0.876,0,0.5471,1.5524,0.2351,1.8877
51,215.2,218.15,216.05,221.1,2025-08-08 15:57:00.548000,0.85,5.05,5.9,10.169,0.1683,0.1441,0.4394,-0.4792,5.50536,0.517,0,0.0,subject_idle,subject_idle,3.31744,1.66,0,0.5364,1.5881,0.2215,-0.1008
52,221.1,222.2,221.9,223.3,2025-08-08 15:57:06.376000,0.8,1.4,2.2,27.273,0.5714,0.3636,0.2648,-0.2259,3.31744,0.331,1,0.5,subject_idle,subject_idle,3.31744,1.0,0,0.5356,1.5952,0.2676,0.8254
53,223.3,224.7,224.4,226.1,2025-08-08 15:57:08.651000,1.1,1.7,2.8,21.429,0.6471,0.3929,0.2974,-0.3376,3.72608,0.2704,0,0.0,subject_idle,subject_idle,3.31744,1.123,0,0.4853,1.481,0.0152,0.3459
54,226.1,226.825,227.0,227.55,2025-08-08 15:57:11.437000,0.9,0.55,1.45,41.379,1.6364,0.6207,0.2482,-0.1162,3.10922,0.2757,0,0.0,subject_idle,subject_idle,3.31744,0.937,0,0.4546,1.4548,0.057,1.3303
55,227.55,227.95,227.8,228.35,2025-08-08 15:57:12.847000,0.25,0.55,0.8,75.0,0.4545,0.3125,0.1958,-0.2201,2.45276,0.7831,1,0.4,subject_idle,subject_idle,3.31744,0.739,0,0.4673,1.4262,0.0317,3.1968
56,228.35,229.225,229.05,230.1,2025-08-08 15:57:13.658000,0.7,1.05,1.75,34.286,0.6667,0.4,0.1315,-0.2399,1.64713,0.1878,0,0.0,subject_idle,subject_idle,3.72608,0.442,0,0.485,1.4095,0.038,1.0431
57,230.1,231.4,231.0,232.7,2025-08-08 15:57:15.466000,0.9,1.7,2.6,23.077,0.5294,0.3462,0.2565,-0.3342,3.21352,0.285,0,0.0,subject_idle,subject_idle,3.72608,0.862,0,0.4586,1.4738,0.0794,0.3494
58,232.7,234.15,234.2,235.6,2025-08-08 15:57:18.037000,1.5,1.4,2.9,20.69,1.0714,0.5172,0.3004,-0.2398,3.76343,0.2003,0,0.0,subject_idle,subject_idle,3.72608,1.01,0,0.4542,1.3571,0.032,0.2056
59,235.6,237.525,237.65,239.45,2025-08-08 15:57:20.947000,2.05,1.8,3.85,15.584,1.1389,0.5325,0.4117,-0.4244,5.15741,0.2008,0,0.0,subject_idle,subject_idle,3.72608,1.384,0,0.4533,1.4143,0.0656,-0.0746
60,239.45,240.6,240.55,241.75,2025-08-08 15:57:24.757000,1.1,1.2,2.3,26.087,0.9167,0.4783,0.3553,-0.3085,4.45088,0.323,0,0.0,subject_idle,subject_idle,3.72608,1.195,0,0.4734,1.3714,0.0354,0.5605
61,241.75,243.7,243.3,245.65,2025-08-08 15:57:27.045000,1.55,2.35,3.9,15.385,0.6596,0.3974,0.2632,-0.3158,3.29701,0.1698,0,0.0,subject_idle,subject_idle,3.72608,0.885,0,0.4485,1.4071,0.2368,-0.1009
62,245.65,247.225,246.8,248.8,2025-08-08 15:57:30.937000,1.15,2.0,3.15,19.048,0.575,0.3651,0.4258,-0.4355,5.33486,0.3703,0,0.0,subject_idle,subject_idle,3.36405,1.586,0,0.4126,1.2333,0.3519,-0.0177
63,248.8,251.175,250.4,253.55,2025-08-08 15:57:34.157000,1.6,3.15,4.75,12.632,0.5079,0.3368,0.3167,-0.3276,3.96729,0.1979,0,0.0,ser_baseline,ser_baseline,3.36405,1.179,0,0.4095,1.1595,0.2912,-0.3761
64,253.55,255.625,254.7,257.7,2025-08-08 15:57:38.837000,1.15,3.0,4.15,14.458,0.3833,0.2771,0.3815,-0.3618,4.77952,0.3317,1,0.45,ser_baseline,ser_baseline,3.36405,1.421,0,0.6273,1.419,0.3521,0.4251
65,257.7,258.725,258.8,259.75,2025-08-08 15:57:43.034000,1.1,0.95,2.05,29.268,1.1579,0.5366,0.3405,-0.2408,4.26551,0.3095,1,0.8,ser_baseline,ser_baseline,3.36405,1.268,0,0.6088,1.7071,0.088,1.1696
66,259.75,260.425,260.1,261.1,2025-08-08 15:57:45.037000,0.35,1.0,1.35,44.444,0.35,0.2593,0.4063,-0.4828,5.09045,1.1609,0,0.0,ser_baseline,ser_baseline,3.76343,1.353,0,0.561,1.7905,0.0184,1.8396
67,261.1,262.8,262.85,264.5,2025-08-08 15:57:46.455000,1.75,1.65,3.4,17.647,1.0606,0.5147,0.2337,-0.18,2.92825,0.1336,1,0.6,ser_baseline,ser_baseline,3.76343,0.778,0,0.5346,1.7619,0.0245,0.2994
68,264.5,266.45,265.4,268.4,2025-08-08 15:57:49.837000,0.9,3.0,3.9,15.385,0.3,0.2308,0.34,-0.3029,4.25944,0.3778,0,0.0,ser_baseline,ser_baseline,3.96729,1.074,0,0.5356,1.8119,0.0591,0.1798
69,268.4,269.7,269.0,271.0,2025-08-08 15:57:53.773000,0.6,2.0,2.6,23.077,0.3,0.2308,0.2218,-0.2303,2.77934,0.3697,0,0.0,ser_baseline,ser_baseline,4.25944,0.653,0,0.5269,1.8476,0.1194,0.5695
70,271.0,271.575,271.3,272.15,2025-08-08 15:57:56.351000,0.3,0.85,1.15,52.174,0.3529,0.2609,0.1207,-0.1539,1.51276,0.4025,0,0.0,ser_baseline,ser_baseline,4.25944,0.355,0,0.5245,1.8381,0.1401,2.1417
71,272.15,273.425,273.1,274.7,2025-08-08 15:57:57.461000,0.95,1.6,2.55,23.529,0.5938,0.3725,0.2685,-0.2654,3.36405,0.2826,0,0.0,ser_baseline,ser_baseline,4.25944,0.79,0,0.5135,1.8333,0.136,0.5508
72,274.7,275.5,275.7,276.3,2025-08-08 15:58:00.042000,1.0,0.6,1.6,37.5,1.6667,0.625,0.211,-0.1811,2.64349,0.211,1,0.45,ser_baseline,ser_baseline,4.25944,0.621,0,0.5319,1.7976,0.1482,1.3688
73,276.3,278.175,276.8,280.05,2025-08-08 15:58:01.667000,0.5,3.25,3.75,16.0,0.1538,0.1333,0.1594,-0.2606,1.99653,0.3187,0,0.0,ser_baseline,ser_baseline,3.96729,0.503,0,0.5309,1.8095,0.1639,0.1981
74,280.05,284.95,283.3,289.85,2025-08-08 15:58:05.356000,3.25,6.55,9.8,6.122,0.4962,0.3316,1.6399,-1.7047,20.54587,0.5046,0,0.0,ser_baseline,ser_baseline,3.91831,5.244,1,0.5462,1.7667,0.1621,-0.289
75,289.85,291.05,290.9,292.25,2025-08-08 15:58:15.159000,1.05,1.35,2.4,25.0,0.7778,0.4375,0.2625,-0.2457,3.28865,0.25,0,0.0,ser_baseline,ser_baseline,3.91831,0.839,0,0.5476,1.8762,0.1473,0.7406
76,292.25,294.65,293.8,297.05,2025-08-08 15:58:17.590000,1.55,3.25,4.8,12.5,0.4769,0.3229,0.3922,-0.3967,4.91421,0.2531,3,1.0,ser_baseline,ser_baseline,3.36405,1.461,0,0.5543,1.9548,0.0501,0.0835
77,297.05,299.275,300.05,301.5,2025-08-08 15:58:22.329000,3.0,1.45,4.45,13.483,2.069,0.6742,0.2238,-0.1537,2.80408,0.0746,0,0.0,ser_baseline,ser_baseline,3.36405,0.834,0,0.5348,1.9524,0.0765,0.074
78,301.5,304.675,302.45,307.85,2025-08-08 15:58:26.836000,0.95,5.4,6.35,9.449,0.1759,0.1496,0.4489,-0.3562,5.62427,0.4726,0,0.0,ser_baseline,ser_baseline,3.36405,1.672,0,0.5674,1.9024,0.1134,-0.04
79,307.85,310.5,308.7,313.15,2025-08-08 15:58:33.128000,0.85,4.45,5.3,11.321,0.191,0.1604,0.4409,-0.4629,5.52391,0.5187,0,0.0,ser_baseline,ser_baseline,3.28865,1.68,0,0.5968,1.8929,0.1625,0.1564
80,313.15,315.425,314.0,317.7,2025-08-08 15:58:38.438000,0.85,3.7,4.55,13.187,0.2297,0.1868,0.4675,-0.5381,5.85666,0.55,0,0.0,ser_baseline,ser_baseline,3.36405,1.741,0,0.5961,1.8786,0.1582,0.2555
81,317.7,319.25,318.45,320.8,2025-08-08 15:58:43.038000,0.75,2.35,3.1,19.355,0.3191,0.2419,0.4138,-0.3435,5.18425,0.5517,0,0.0,ser_baseline,ser_baseline,3.62742,1.429,0,0.5624,1.8286,0.1383,0.4818
82,320.8,321.925,321.55,323.05,2025-08-08 15:58:46.150000,0.75,1.5,2.25,26.667,0.5,0.3333,0.084,-0.1708,1.0528,0.112,1,0.25,ser_baseline,ser_baseline,3.62742,0.29,0,0.5849,1.8429,0.1272,0.9514
83,323.05,324.675,323.6,326.3,2025-08-08 15:58:48.338000,0.55,2.7,3.25,18.462,0.2037,0.1692,0.3128,-0.2648,3.91831,0.5686,0,0.0,ser_baseline,ser_baseline,3.68422,1.064,0,0.5686,1.8524,0.1598,0.4533
84,326.3,327.575,327.1,328.85,2025-08-08 15:58:51.674000,0.8,1.75,2.55,23.529,0.4571,0.3137,0.1795,-0.2574,2.24892,0.2244,1,0.35,ser_baseline,ser_baseline,3.91831,0.574,0,0.5675,1.8905,0.1593,0.7249
85,328.85,331.575,330.4,334.3,2025-08-08 15:58:54.159000,1.55,3.9,5.45,11.009,0.3974,0.2844,0.4017,-0.3595,5.03233,0.2591,1,0.75,ser_baseline,ser_baseline,3.91831,1.284,0,0.4502,1.6524,0.3972,-0.333
86,334.3,335.15,334.6,336.0,2025-08-08 15:58:59.652000,0.3,1.4,1.7,35.294,0.2143,0.1765,0.163,-0.2003,2.04179,0.5432,1,0.35,ser_baseline,ser_baseline,3.91831,0.521,0,0.4465,1.3833,0.4183,0.9737
87,336.0,337.175,336.8,338.35,2025-08-08 15:59:01.361000,0.8,1.55,2.35,25.532,0.5161,0.3404,0.3915,-0.2996,4.90514,0.4894,0,0.0,ser_baseline,ser_baseline,3.91831,1.252,0,0.4545,1.4071,0.3392,0.4694
88,338.35,339.025,338.8,339.7,2025-08-08 15:59:03.643000,0.45,0.9,1.35,44.444,0.5,0.3333,0.0918,-0.0837,1.14962,0.2039,0,0.0,ser_baseline,ser_baseline,3.91831,0.293,0,0.4545,1.4786,0.3039,1.4964
89,339.7,340.525,340.1,341.35,2025-08-08 15:59:05.049000,0.4,1.25,1.65,36.364,0.32,0.2424,0.1953,-0.1698,2.44726,0.4883,0,0.0,ser_baseline,ser_baseline,3.91831,0.625,0,0.431,1.4333,0.1749,0.9819
90,341.35,342.675,341.95,344.0,2025-08-08 15:59:06.647000,0.6,2.05,2.65,22.642,0.2927,0.2264,0.2941,-0.2834,3.68422,0.4901,0,0.0,ser_baseline,ser_baseline,3.91831,0.94,0,0.4219,1.3857,0.1004,0.2075
91,344.0,345.525,344.45,347.05,2025-08-08 15:59:09.348000,0.45,2.6,3.05,19.672,0.1731,0.1475,0.2895,-0.3002,3.62742,0.6434,0,0.0,ser_baseline,ser_baseline,3.91831,0.926,0,0.4222,1.3571,0.1042,0.0471
92,347.05,347.725,347.45,348.4,2025-08-08 15:59:12.344000,0.4,0.95,1.35,44.444,0.4211,0.2963,0.1972,-0.239,2.47106,0.4931,1,0.8,ser_baseline,ser_baseline,3.80544,0.649,0,0.4264,1.2905,0.1125,1.4058
93,348.4,349.65,349.35,350.9,2025-08-08 15:59:13.757000,0.95,1.55,2.5,24.0,0.6129,0.38,0.3187,-0.3623,3.99266,0.3355,0,0.0,ser_baseline,ser_baseline,3.80544,1.049,0,0.43,1.2762,0.1298,0.3073
94,350.9,353.625,353.25,356.35,2025-08-08 15:59:16.246000,2.35,3.1,5.45,11.009,0.7581,0.4312,0.509,-0.5132,6.37724,0.2166,0,0.0,ser_baseline,ser_baseline,3.80544,1.676,0,0.4947,1.4667,0.0148,-0.1896
95,356.35,358.55,357.75,360.75,2025-08-08 15:59:21.645000,1.4,3.0,4.4,13.636,0.4667,0.3182,0.4741,-0.4922,5.94007,0.3387,0,0.0,ser_baseline,ser_baseline,3.99266,1.488,0,0.4932,1.519,0.2111,-0.0518
96,360.75,362.075,361.8,363.4,2025-08-08 15:59:26.052000,1.05,1.6,2.65,22.642,0.6563,0.3962,0.3037,-0.2914,3.80544,0.2893,0,0.0,ser_baseline,ser_baseline,3.80544,1.0,0,0.5026,1.5405,0.2294,0.4675
97,363.4,366.175,365.7,368.95,2025-08-08 15:59:28.757000,2.3,3.25,5.55,10.811,0.7077,0.4144,0.4613,-0.4684,5.77872,0.2005,0,0.0,ser_baseline,ser_baseline,3.80544,1.519,0,0.4945,1.3714,0.2329,-0.201
98,368.95,370.8,371.4,372.65,2025-08-08 15:59:34.246000,2.45,1.25,3.7,16.216,1.96,0.6622,0.2891,-0.2564,3.62229,0.118,0,0.0,ser_baseline,ser_baseline,3.68422,0.983,0,0.5274,1.5833,0.0982,0.1985
99,372.65,374.025,373.3,375.4,2025-08-08 15:59:37.965000,0.65,2.1,2.75,21.818,0.3095,0.2364,0.3425,-0.3698,4.29118,0.5269,0,0.0,ser_baseline,ser_baseline,3.80544,1.128,0,0.4952,1.6286,0.139,0.399
100,375.4,376.75,376.3,378.1,2025-08-08 15:59:40.751000,0.9,1.8,2.7,22.222,0.5,0.3333,0.4193,-0.4087,5.25262,0.4658,1,0.3,ser_baseline,ser_baseline,3.99266,1.316,0,0.4723,1.719,0.0901,0.3471
101,378.1,379.375,378.55,380.65,2025-08-08 15:59:43.367000,0.45,2.1,2.55,23.529,0.2143,0.1765,0.3589,-0.2433,4.49698,0.7977,1,0.5,ser_baseline,ser_baseline,4.29118,1.048,0,0.4658,1.6786,0.0849,0.3971
102,380.65,381.95,381.3,383.25,2025-08-08 15:59:45.949000,0.65,1.95,2.6,23.077,0.3333,0.25,0.1283,-0.2538,1.60767,0.1974,0,0.0,ser_baseline,ser_baseline,4.29118,0.375,0,0.4647,1.6619,0.0675,0.369
103,383.25,384.275,384.15,385.3,2025-08-08 15:59:48.552000,0.9,1.15,2.05,29.268,0.7826,0.439,0.2482,-0.221,3.10911,0.2757,0,0.0,ser_baseline,ser_baseline,4.49698,0.691,0,0.4326,1.5833,0.0193,0.6017
104,385.3,388.825,388.05,392.35,2025-08-08 15:59:50.651000,2.75,4.3,7.05,8.511,0.6395,0.3901,0.4244,-0.3505,5.31703,0.1543,0,0.0,ser_baseline,ser_baseline,4.49698,1.182,0,0.4289,1.55,0.0756,-0.5373
105,392.35,394.975,393.5,397.6,2025-08-08 15:59:57.645000,1.15,4.1,5.25,11.429,0.2805,0.219,0.5845,-0.5568,7.32263,0.5082,1,0.95,ser_baseline,ser_baseline,4.3632,1.678,0,0.4393,1.4262,0.0722,-0.3453
106,397.6,398.55,399.05,399.5,2025-08-08 16:00:02.945000,1.45,0.45,1.9,31.579,3.2222,0.7632,0.1272,-0.0973,1.59359,0.0877,0,0.0,ser_baseline,ser_baseline,4.29118,0.371,0,0.4821,1.4381,0.1378,0.8868
107,399.5,400.55,400.05,401.6,2025-08-08 16:00:04.834000,0.55,1.55,2.1,28.571,0.3548,0.2619,0.2769,-0.3108,3.46959,0.5035,0,0.0,ser_baseline,ser_baseline,4.29118,0.809,0,0.4717,1.4905,0.1478,0.6899
108,401.6,405.2,404.95,408.8,2025-08-08 16:00:06.938000,3.35,3.85,7.2,8.333,0.8701,0.4653,0.1539,-0.1581,1.92853,0.046,0,0.0,ser_baseline,ser_baseline,4.29118,0.449,0,0.4735,1.4357,0.1585,-0.4032
109,408.8,411.425,411.75,414.05,2025-08-08 16:00:14.137000,2.95,2.3,5.25,11.429,1.2826,0.5619,0.4329,-0.5241,5.42322,0.1467,0,0.0,subject_idle,subject_idle,4.29118,1.264,0,0.4739,1.3833,0.2097,-0.2338
110,414.05,415.575,415.1,417.1,2025-08-08 16:00:19.329000,1.05,2.0,3.05,19.672,0.525,0.3443,0.459,-0.5032,5.75048,0.4371,0,0.0,sart_1,sart_1,4.06879,1.413,0,0.4703,1.4286,0.1811,0.2022
111,417.1,418.7,418.6,420.3,2025-08-08 16:00:22.443000,1.5,1.7,3.2,18.75,0.8824,0.4688,0.5527,-0.532,6.92462,0.3685,0,0.0,sart_1,sart_1,3.82213,1.812,0,0.4666,1.4286,0.1718,0.1402
112,420.3,421.875,422.0,423.45,2025-08-08 16:00:25.656000,1.7,1.45,3.15,19.048,1.1724,0.5397,0.3248,-0.3666,4.06879,0.191,0,0.0,sart_1,sart_1,3.46959,1.173,0,0.4565,1.4429,0.156,0.1238
113,423.45,425.05,424.9,426.65,2025-08-08 16:00:28.752000,1.45,1.75,3.2,18.75,0.8286,0.4531,0.3787,-0.3152,4.74456,0.2612,0,0.0,sart_1,sart_1,3.46959,1.367,0,0.4697,1.5167,0.1318,0.1502
114,426.65,428.025,427.7,429.4,2025-08-08 16:00:31.959000,1.05,1.7,2.75,21.818,0.6176,0.3818,0.3051,-0.2943,3.82213,0.2906,1,0.3,sart_1,sart_1,3.46959,1.102,0,0.4598,1.5286,0.2983,0.2849
115,429.4,430.6,430.5,431.8,2025-08-08 16:00:34.741000,1.1,1.3,2.4,25.0,0.8462,0.4583,0.3483,-0.3753,4.3632,0.3166,0,0.0,sart_1,sart_1,3.46959,1.258,0,0.4428,1.3167,0.2164,0.4029
116,431.8,432.35,432.4,432.9,2025-08-08 16:00:37.148000,0.6,0.5,1.1,54.545,1.2,0.5455,0.2166,-0.1634,2.71326,0.3609,0,0.0,sart_1,sart_1,3.41107,0.795,0,0.4358,1.2952,0.2899,1.9846
117,432.9,434.875,433.2,436.85,2025-08-08 16:00:38.221000,0.3,3.65,3.95,15.19,0.0822,0.0759,0.1835,-0.1903,2.29903,0.6117,0,0.0,sart_1,sart_1,3.46959,0.663,0,0.421,1.1667,0.2528,-0.2001
118,436.85,439.7,439.8,442.55,2025-08-08 16:00:42.131000,2.95,2.75,5.7,10.526,1.0727,0.5175,1.8347,-1.7812,22.98597,0.6219,0,0.0,sart_1,sart_1,3.72034,6.178,1,0.4069,1.1714,0.5049,-0.4988
119,442.55,445.025,446.75,447.5,2025-08-08 16:00:47.824000,4.2,0.75,4.95,12.121,5.6,0.8485,0.0308,-0.146,0.38556,0.0073,1,0.6,sart_1,sart_1,3.82213,0.101,0,0.3373,0.9405,0.3299,-0.6365
120,447.5,449.025,448.3,450.55,2025-08-08 16:00:52.771000,0.8,2.25,3.05,19.672,0.3556,0.2623,0.2109,-0.229,2.64284,0.2637,0,0.0,sart_1,sart_1,3.72034,0.71,0,0.3197,0.8667,0.3747,-0.2832
121,450.55,452.05,451.55,453.55,2025-08-08 16:00:55.835000,1.0,2.0,3.0,20.0,0.5,0.3333,0.1989,-0.1945,2.4919,0.1989,1,0.7,sart_1,sart_1,3.71594,0.671,0,0.3194,0.7929,0.3698,-0.2664
122,453.55,455.275,455.55,457.0,2025-08-08 16:00:58.832000,2.0,1.45,3.45,17.391,1.3793,0.5797,0.1834,-0.1684,2.29766,0.0917,0,0.0,sart_1,sart_1,3.42586,0.671,0,0.3209,0.7952,0.3687,-0.4032
123,457.0,457.925,457.95,458.85,2025-08-08 16:01:02.319000,0.95,0.9,1.85,32.432,1.0556,0.5135,0.1735,-0.1285,2.1735,0.1826,1,0.7,sart_1,sart_1,3.41107,0.637,0,0.3305,0.8238,0.3682,0.4445
124,458.85,460.175,459.65,461.5,2025-08-08 16:01:04.119000,0.8,1.85,2.65,22.642,0.4324,0.3019,0.1677,-0.2154,2.10095,0.2096,1,0.7,sart_1,sart_1,3.39701,0.618,0,0.3455,0.8357,0.395,-0.0388
125,461.5,462.55,462.5,463.6,2025-08-08 16:01:06.847000,1.0,1.1,2.1,28.571,0.9091,0.4762,0.297,-0.2651,3.72034,0.297,0,0.0,sart_1,sart_1,3.3851,1.099,0,0.3512,0.831,0.4105,0.3015
126,463.6,465.325,465.4,467.05,2025-08-08 16:01:08.945000,1.8,1.65,3.45,17.391,1.0909,0.5217,0.2723,-0.2725,3.41107,0.1513,0,0.0,sart_1,sart_1,3.3851,1.008,0,0.3447,0.8595,0.3857,-0.3265
127,467.05,468.45,468.25,469.85,2025-08-08 16:01:12.336000,1.2,1.6,2.8,21.429,0.75,0.4286,0.3259,-0.3169,4.08254,0.2716,1,0.25,sart_1,sart_1,3.39701,1.202,0,0.307,0.8262,0.532,-0.2287
128,469.85,471.4,470.95,472.95,2025-08-08 16:01:15.124000,1.1,2.0,3.1,19.355,0.55,0.3548,0.3483,-0.3459,4.36313,0.3166,0,0.0,sart_1,sart_1,3.39701,1.284,0,0.3053,0.6952,0.5357,-0.3468
129,472.95,474.375,474.0,475.8,2025-08-08 16:01:18.246000,1.05,1.8,2.85,21.053,0.5833,0.3684,0.3357,-0.3256,4.2053,0.3197,1,0.25,sart_1,sart_1,3.39701,1.238,0,0.2388,0.6333,0.0767,-0.469
130,475.8,477.025,476.85,478.25,2025-08-08 16:01:21.130000,1.05,1.4,2.45,24.49,0.75,0.4286,0.2711,-0.3028,3.39701,0.2582,0,0.0,sart_1,sart_1,3.41107,0.996,0,0.1705,0.6167,-0.0686,-0.5024
131,478.25,479.8,479.85,481.35,2025-08-08 16:01:23.531000,1.6,1.5,3.1,19.355,1.0667,0.5161,0.2966,-0.3077,3.71594,0.1854,0,0.0,sart_1,sart_1,3.42586,1.085,0,0.1693,0.5286,-0.0973,-0.7851
132,481.35,482.8,482.45,484.25,2025-08-08 16:01:26.651000,1.1,1.8,2.9,20.69,0.6111,0.3793,0.2734,-0.255,3.42586,0.2486,1,0.8,sart_1,sart_1,3.53116,0.97,0,0.1681,0.5333,-0.1752,-0.7165
133,484.25,485.375,485.6,486.5,2025-08-08 16:01:29.528000,1.35,0.9,2.25,26.667,1.5,0.6,0.2594,-0.2011,3.25045,0.1922,1,0.4,sart_1,sart_1,3.64629,0.891,0,0.1573,0.5143,0.0061,-0.4268
134,486.5,487.475,487.15,488.45,2025-08-08 16:01:31.840000,0.65,1.3,1.95,30.769,0.5,0.3333,0.1757,-0.2247,2.20086,0.2703,0,0.0,sart_1,sart_1,3.71594,0.592,0,0.1406,0.4452,0.0111,-0.2579
135,488.45,489.6,489.45,490.75,2025-08-08 16:01:33.725000,1.0,1.3,2.3,26.087,0.7692,0.4348,0.2702,-0.2763,3.3851,0.2702,0,0.0,sart_1,sart_1,3.71594,0.911,0,0.1406,0.4238,-0.0084,-0.5121
136,490.75,492.375,492.5,494.0,2025-08-08 16:01:36.031000,1.75,1.5,3.25,18.462,1.1667,0.5385,0.3231,-0.3378,4.04781,0.1846,0,0.0,sart_1,sart_1,3.6968,1.095,0,0.1329,0.4095,0.2028,-0.951
137,494.0,495.325,495.1,496.65,2025-08-08 16:01:39.340000,1.1,1.55,2.65,22.642,0.7097,0.4151,0.291,-0.2668,3.64629,0.2646,1,0.35,sart_1,sart_1,3.71594,0.981,0,0.1195,0.3595,0.1797,-0.7672
138,496.65,498.025,497.9,499.4,2025-08-08 16:01:41.946000,1.25,1.5,2.75,21.818,0.8333,0.4545,0.2514,-0.2617,3.14903,0.2011,0,0.0,sart_1,sart_1,3.71594,0.847,0,0.1313,0.3619,0.1507,-0.7739
139,499.4,500.55,500.35,501.7,2025-08-08 16:01:44.676000,0.95,1.35,2.3,26.087,0.7037,0.413,0.3126,-0.3101,3.91594,0.329,0,0.0,sart_1,sart_1,3.71594,1.054,0,0.1672,0.381,0.3957,-0.4264
140,501.7,503.05,502.9,504.4,2025-08-08 16:01:47.040000,1.2,1.5,2.7,22.222,0.8,0.4444,0.2819,-0.2751,3.53116,0.2349,0,0.0,sart_1,sart_1,3.71594,0.95,0,0.1711,0.4071,0.4651,-0.6237
141,504.4,505.725,505.45,507.05,2025-08-08 16:01:49.749000,1.05,1.6,2.65,22.642,0.6562,0.3962,0.302,-0.3202,3.78298,0.2876,0,0.0,sart_1,sart_1,3.76386,1.005,0,0.1678,0.4071,0.4961,-0.6115
142,507.05,508.45,508.15,509.85,2025-08-08 16:01:52.353000,1.1,1.7,2.8,21.429,0.6471,0.3929,0.3004,-0.3108,3.76386,0.2731,0,0.0,sart_1,sart_1,3.78298,0.995,0,0.1671,0.3833,0.4926,-0.6796
143,509.85,511.275,511.05,512.7,2025-08-08 16:01:55.142000,1.2,1.65,2.85,21.053,0.7273,0.4211,0.3113,-0.2859,3.90012,0.2594,0,0.0,sart_1,sart_1,3.82251,1.02,0,0.1672,0.3833,0.5237,-0.6997
144,512.7,514.2,513.95,515.7,2025-08-08 16:01:58.022000,1.25,1.75,3.0,20.0,0.7143,0.4167,0.3602,-0.3009,4.51329,0.2882,0,0.0,sart_1,sart_1,3.83416,1.177,0,0.1611,0.369,0.4556,-0.7766
145,515.7,517.025,516.65,518.35,2025-08-08 16:02:01.061000,0.95,1.7,2.65,22.642,0.5588,0.3585,0.0892,-0.1441,1.11727,0.0939,0,0.0,sart_1,sart_1,3.85947,0.289,0,0.1429,0.369,0.3682,-0.6917
146,518.35,519.55,519.15,520.75,2025-08-08 16:02:03.636000,0.8,1.6,2.4,25.0,0.5,0.3333,0.2951,-0.3037,3.6968,0.3688,0,0.0,sart_1,sart_1,3.86746,0.956,0,0.1356,0.3619,0.4669,-0.5872
147,520.75,522.1,521.95,523.45,2025-08-08 16:02:06.031000,1.2,1.5,2.7,22.222,0.8,0.4444,0.3762,-0.3459,4.71334,0.3135,0,0.0,sart_1,sart_1,3.86746,1.219,0,0.1333,0.3214,0.5107,-0.7455
148,523.45,525.15,524.4,526.85,2025-08-08 16:02:08.740000,0.95,2.45,3.4,17.647,0.3878,0.2794,0.3941,-0.3881,4.93783,0.4149,1,0.7,sart_1,sart_1,3.90012,1.266,0,0.1333,0.3,0.5077,-0.9939
149,526.85,528.9,527.85,530.95,2025-08-08 16:02:12.123000,1.0,3.1,4.1,14.634,0.3226,0.2439,0.4178,-0.4673,5.23472,0.4178,1,0.3,sart_1,sart_1,3.91594,1.337,0,0.145,0.319,0.5183,-1.1198
150,530.95,532.6,532.15,534.25,2025-08-08 16:02:16.239000,1.2,2.1,3.3,18.182,0.5714,0.3636,0.3615,-0.3526,4.52957,0.3013,0,0.0,sart_1,sart_1,3.90012,1.161,0,0.1524,0.3024,0.6017,-0.9033
151,534.25,535.7,535.4,537.15,2025-08-08 16:02:19.531000,1.15,1.75,2.9,20.69,0.6571,0.3966,0.3051,-0.3086,3.82251,0.2653,0,0.0,sart_1,sart_1,3.9242,0.974,0,0.1518,0.3238,0.5294,-0.7691
152,537.15,538.525,538.3,539.9,2025-08-08 16:02:22.446000,1.15,1.6,2.75,21.818,0.7187,0.4182,0.3081,-0.3159,3.85947,0.2679,0,0.0,sart_1,sart_1,4.00996,0.962,0,0.1523,0.3357,0.5217,-0.7062
153,539.9,541.375,541.05,542.85,2025-08-08 16:02:25.231000,1.15,1.8,2.95,20.339,0.6389,0.3898,0.306,-0.2916,3.83416,0.2661,1,0.3,sart_1,sart_1,4.10266,0.935,0,0.1522,0.3429,0.5131,-0.7868
154,542.85,544.15,543.9,545.45,2025-08-08 16:02:28.141000,1.05,1.55,2.6,23.077,0.6774,0.4038,0.3201,-0.3342,4.00996,0.3048,0,0.0,sart_1,sart_1,4.10266,0.977,0,0.1522,0.3405,0.5149,-0.6382
155,545.45,546.9,546.8,548.35,2025-08-08 16:02:30.752000,1.35,1.55,2.9,20.69,0.871,0.4655,0.341,-0.3361,4.27271,0.2526,0,0.0,sart_1,sart_1,4.06706,1.051,0,0.152,0.3357,0.5292,-0.7684
156,548.35,549.7,549.55,551.05,2025-08-08 16:02:33.637000,1.2,1.5,2.7,22.222,0.8,0.4444,0.3087,-0.2895,3.86746,0.2572,0,0.0,sart_1,sart_1,4.06706,0.951,0,0.1532,0.3381,0.5073,-0.6814
157,551.05,552.45,552.25,553.85,2025-08-08 16:02:36.337000,1.2,1.6,2.8,21.429,0.75,0.4286,0.3275,-0.3382,4.10266,0.2729,0,0.0,sart_1,sart_1,4.06706,1.009,0,0.1514,0.3286,0.5186,-0.7302
158,553.85,555.175,555.05,556.5,2025-08-08 16:02:39.131000,1.2,1.45,2.65,22.642,0.8276,0.4528,0.3132,-0.3208,3.9242,0.261,0,0.0,sart_1,sart_1,4.00996,0.979,0,0.1514,0.3238,0.5705,-0.6644
159,556.5,557.575,557.65,558.65,2025-08-08 16:02:41.826000,1.15,1.0,2.15,27.907,1.15,0.5349,0.3475,-0.2926,4.35397,0.3022,0,0.0,sart_1,sart_1,3.97458,1.095,0,0.1458,0.2905,0.5349,-0.3965
160,558.65,559.675,559.15,560.7,2025-08-08 16:02:43.926000,0.5,1.55,2.05,29.268,0.3226,0.2439,0.1979,-0.3284,2.47942,0.3958,1,0.3,sart_1,sart_1,3.92818,0.631,0,0.1006,0.2571,0.3002,-0.4683
161,560.7,562.15,561.85,563.6,2025-08-08 16:02:46.027000,1.15,1.75,2.9,20.69,0.6571,0.3966,0.4171,-0.3441,5.22566,0.3627,1,0.5,sart_1,sart_1,3.92818,1.33,0,0.089,0.2214,0.2378,-0.9715
162,563.6,564.9,564.65,566.2,2025-08-08 16:02:48.933000,1.05,1.55,2.6,23.077,0.6774,0.4038,0.3402,-0.316,4.26197,0.324,0,0.0,sart_1,sart_1,3.97458,1.072,0,0.0883,0.2071,0.2369,-0.8441
163,566.2,567.65,567.4,569.1,2025-08-08 16:02:51.549000,1.2,1.7,2.9,20.69,0.7059,0.4138,0.3292,-0.335,4.1241,0.2743,0,0.0,sart_1,sart_1,3.97458,1.038,0,0.0913,0.2071,0.2614,-0.964
164,569.1,570.55,570.45,572.0,2025-08-08 16:02:54.425000,1.35,1.55,2.9,20.69,0.871,0.4655,0.3246,-0.3228,4.06706,0.2405,0,0.0,sart_1,sart_1,3.97458,1.023,0,0.0903,0.219,0.2396,-0.9673
165,572.0,573.475,573.1,574.95,2025-08-08 16:02:57.335000,1.1,1.85,2.95,20.339,0.5946,0.3729,0.3135,-0.3119,3.92818,0.285,0,0.0,sart_1,sart_1,3.92818,1.0,0,0.1009,0.2214,0.293,-0.9522
166,574.95,576.225,576.0,577.5,2025-08-08 16:03:00.340000,1.05,1.5,2.55,23.529,0.7,0.4118,0.2915,-0.2778,3.65157,0.2776,0,0.0,sart_1,sart_1,3.92818,0.93,0,0.0998,0.2262,0.2967,-0.7825
167,577.5,578.75,578.7,580.0,2025-08-08 16:03:02.830000,1.2,1.3,2.5,24.0,0.9231,0.48,0.3065,-0.3217,3.84034,0.2554,0,0.0,sart_1,sart_1,3.97458,0.966,0,0.0998,0.2238,0.2884,-0.7569
168,580.0,581.35,581.05,582.7,2025-08-08 16:03:05.350000,1.05,1.65,2.7,22.222,0.6364,0.3889,0.3172,-0.3269,3.97458,0.3021,0,0.0,sart_1,sart_1,3.97458,1.0,0,0.1002,0.2286,0.2814,-0.8522
169,582.7,584.05,583.85,585.4,2025-08-08 16:03:08.050000,1.15,1.55,2.7,22.222,0.7419,0.4259,0.312,-0.309,3.90843,0.2713,0,0.0,sart_1,sart_1,4.00136,0.977,0,0.101,0.2214,0.3253,-0.8496
170,585.4,586.75,586.5,588.1,2025-08-08 16:03:10.745000,1.1,1.6,2.7,22.222,0.6875,0.4074,0.3102,-0.3122,3.88644,0.282,0,0.0,sart_1,sart_1,4.00136,0.971,0,0.0914,0.2024,0.1268,-0.8805
171,588.1,589.475,589.25,590.85,2025-08-08 16:03:13.449000,1.15,1.6,2.75,21.818,0.7187,0.4182,0.3327,-0.3329,4.1677,0.2893,0,0.0,sart_1,sart_1,4.00136,1.042,0,0.0762,0.2024,0.3518,-0.9515
172,590.85,592.275,592.0,593.7,2025-08-08 16:03:16.146000,1.15,1.7,2.85,21.053,0.6765,0.4035,0.3221,-0.3245,4.03585,0.2801,0,0.0,sart_1,sart_1,3.97458,1.015,0,0.1067,0.1976,0.3951,-0.8947
173,593.7,595.2,594.95,596.7,2025-08-08 16:03:19.061000,1.25,1.75,3.0,20.0,0.7143,0.4167,0.2791,-0.273,3.49674,0.2233,0,0.0,sart_1,sart_1,3.92818,0.89,0,0.1347,0.2738,-0.2316,-0.8616
174,596.7,597.975,597.75,599.25,2025-08-08 16:03:22.027000,1.05,1.5,2.55,23.529,0.7,0.4118,0.3127,-0.3145,3.9171,0.2978,0,0.0,sart_1,sart_1,3.92818,0.997,0,0.4454,0.4857,0.5637,0.3314
175,599.25,600.325,600.35,601.4,2025-08-08 16:03:24.545000,1.1,1.05,2.15,27.907,1.0476,0.5116,0.3034,-0.3115,3.80163,0.2759,0,0.0,sart_1,sart_1,3.9171,0.971,0,0.4447,0.7429,0.1651,0.5668
176,601.4,602.675,602.7,603.95,2025-08-08 16:03:26.736000,1.3,1.25,2.55,23.529,1.04,0.5098,0.3194,-0.3083,4.00136,0.2457,0,0.0,sart_1,sart_1,3.90843,1.024,0,0.448,0.7595,0.1647,0.3397
177,603.95,605.3,605.25,606.65,2025-08-08 16:03:29.228000,1.3,1.4,2.7,22.222,0.9286,0.4815,0.3331,-0.3561,4.17342,0.2562,0,0.0,sart_1,sart_1,3.90843,1.068,0,0.4575,0.7714,0.1677,0.2994
178,606.65,607.9,607.7,609.15,2025-08-08 16:03:31.925000,1.05,1.45,2.5,24.0,0.7241,0.42,0.3556,-0.343,4.45536,0.3387,0,0.0,sart_1,sart_1,3.90843,1.14,0,0.4514,0.85,0.142,0.3763
179,609.15,610.4,610.25,611.65,2025-08-08 16:03:34.538000,1.1,1.4,2.5,24.0,0.7857,0.44,0.3457,-0.3581,4.33096,0.3143,0,0.0,sart_1,sart_1,3.90843,1.108,0,0.4573,0.9,0.1697,0.3953
180,611.65,612.95,612.7,614.25,2025-08-08 16:03:36.934000,1.05,1.55,2.6,23.077,0.6774,0.4038,0.3249,-0.3199,4.07068,0.3094,0,0.0,sart_1,sart_1,3.89936,1.044,0,0.4871,1.0762,0.0672,0.4412
181,614.25,615.5,615.25,616.75,2025-08-08 16:03:39.545000,1.0,1.5,2.5,24.0,0.6667,0.4,0.2777,-0.2824,3.47945,0.2777,0,0.0,sart_1,sart_1,3.89936,0.892,0,0.5061,1.0952,0.1196,0.5526
182,616.75,617.625,617.95,618.5,2025-08-08 16:03:42.032000,1.2,0.55,1.75,34.286,2.1818,0.6857,0.3112,-0.1615,3.89936,0.2594,0,0.0,sart_1,sart_1,3.80163,1.026,0,0.5371,1.1143,0.1653,1.211
183,618.5,620.325,618.85,622.15,2025-08-08 16:03:43.841000,0.35,3.3,3.65,16.438,0.1061,0.0959,0.1673,-0.3109,2.09596,0.478,0,0.0,sart_1,sart_1,3.5469,0.591,0,0.5717,1.1143,0.2181,0.3534
184,622.15,626.35,625.25,630.55,2025-08-08 16:03:47.440000,3.1,5.3,8.4,7.143,0.5849,0.369,1.7032,-1.7257,21.33805,0.5494,0,0.0,sart_1,sart_1,3.5469,6.016,1,0.5773,1.1738,0.2224,-0.1333
185,630.55,632.05,631.55,633.55,2025-08-08 16:03:55.834000,1.0,2.0,3.0,20.0,0.5,0.3333,0.2831,-0.2983,3.5469,0.2831,0,0.0,sart_1,sart_1,3.5469,1.0,0,0.5815,1.1619,0.2232,0.5784
186,633.55,634.85,634.6,636.15,2025-08-08 16:03:58.836000,1.05,1.55,2.6,23.077,0.6774,0.4038,0.2532,-0.2418,3.17257,0.2412,0,0.0,sart_1,sart_1,3.5469,0.894,0,0.5694,1.1976,0.2138,0.7065
187,636.15,637.125,637.15,638.1,2025-08-08 16:04:01.442000,1.0,0.95,1.95,30.769,1.0526,0.5128,0.2102,-0.1769,2.63402,0.2102,1,0.8,sart_1,sart_1,3.47945,0.757,0,0.6084,1.3024,0.1816,1.2498
188,638.1,639.925,639.65,641.75,2025-08-08 16:04:03.429000,1.55,2.1,3.65,16.438,0.7381,0.4247,0.2729,-0.267,3.41873,0.1761,0,0.0,sart_1,sart_1,3.41873,1.0,0,0.6187,1.3524,0.1988,0.5048
189,641.75,644.2,644.25,646.65,2025-08-08 16:04:07.022000,2.5,2.4,4.9,12.245,1.0417,0.5102,0.4339,-0.4583,5.4358,0.1736,0,0.0,sart_1,sart_1,3.41873,1.59,0,0.623,1.3524,0.2029,0.291
190,646.65,647.25,647.15,647.85,2025-08-08 16:04:11.918000,0.5,0.7,1.2,50.0,0.7143,0.4167,0.2628,-0.1552,3.29201,0.5255,0,0.0,sart_1,sart_1,3.41873,0.963,0,0.6328,1.3667,0.2077,2.3727
191,647.85,648.65,648.8,649.45,2025-08-08 16:04:13.236000,0.95,0.65,1.6,37.5,1.4615,0.5937,0.1256,-0.1938,1.57335,0.1322,0,0.0,sart_1,sart_1,3.37372,0.466,0,0.6534,1.5595,0.1475,1.7604
192,649.45,650.025,649.8,650.6,2025-08-08 16:04:14.733000,0.35,0.8,1.15,52.174,0.4375,0.3043,0.122,-0.1971,1.52887,0.3487,0,0.0,sart_1,sart_1,3.29201,0.464,0,0.6472,1.6976,0.1434,2.5372
193,650.6,651.125,651.0,651.65,2025-08-08 16:04:15.935000,0.4,0.65,1.05,57.143,0.6154,0.381,0.1781,-0.149,2.23155,0.4453,0,0.0,sart_1,sart_1,3.29201,0.678,0,0.6319,1.7738,0.1587,2.7577
194,651.65,652.875,653.1,654.1,2025-08-08 16:04:16.957000,1.45,1.0,2.45,24.49,1.45,0.5918,0.2013,-0.1712,2.52136,0.1388,0,0.0,sart_1,sart_1,3.37372,0.747,0,0.6472,1.8357,0.0964,1.0339
195,654.1,655.225,655.2,656.35,2025-08-08 16:04:19.446000,1.1,1.15,2.25,26.667,0.9565,0.4889,0.3467,-0.2804,4.34296,0.3151,0,0.0,sart_1,sart_1,3.29201,1.319,0,0.5295,1.6786,0.0644,0.7728
196,656.35,658.05,657.55,659.75,2025-08-08 16:04:21.638000,1.2,2.2,3.4,17.647,0.5455,0.3529,0.3594,-0.3955,4.50331,0.2995,0,0.0,sart_1,sart_1,3.17257,1.419,0,0.5371,1.4881,0.054,0.3075
197,659.75,660.15,660.1,660.55,2025-08-08 16:04:25.056000,0.35,0.45,0.8,75.0,0.7778,0.4375,0.1717,-0.1413,2.15095,0.4905,0,0.0,sart_1,sart_1,3.08955,0.696,0,0.5346,1.5,0.0507,3.4137
198,660.55,661.55,661.1,662.55,2025-08-08 16:04:25.834000,0.55,1.45,2.0,30.0,0.3793,0.275,0.2186,-0.2619,2.73847,0.3974,0,0.0,sart_1,sart_1,3.29201,0.832,0,0.5211,1.481,0.0717,0.9267
199,662.55,663.65,663.0,664.75,2025-08-08 16:04:27.848000,0.45,1.75,2.2,27.273,0.2571,0.2045,0.3844,-0.3756,4.81596,0.8542,0,0.0,sart_1,sart_1,3.29201,1.463,0,0.5272,1.4357,0.0151,0.7983
200,664.75,665.7,665.15,666.65,2025-08-08 16:04:30.041000,0.4,1.5,1.9,31.579,0.2667,0.2105,0.284,-0.2323,3.55808,0.71,1,0.4,sart_1,sart_1,3.29201,1.081,0,0.5096,1.4048,0.11,0.9754
201,666.65,669.675,668.65,672.7,2025-08-08 16:04:31.922000,2.0,4.05,6.05,9.917,0.4938,0.3306,0.2693,-0.3478,3.37372,0.1346,1,0.8,sart_1,sart_1,3.37372,1.0,0,0.4804,1.2357,0.0701,-0.295
202,672.7,674.225,673.75,675.75,2025-08-08 16:04:38.050000,1.05,2.0,3.05,19.672,0.525,0.3443,0.2466,-0.3065,3.08955,0.2349,1,0.7,sart_1,sart_1,3.50866,0.881,0,0.4677,1.2452,0.0149,0.1938
203,675.75,678.45,677.1,681.15,2025-08-08 16:04:41.050000,1.35,4.05,5.4,11.111,0.3333,0.25,0.3305,-0.2627,4.14032,0.2448,1,0.5,sart_1,sart_1,3.50866,1.18,0,0.4777,1.2905,-0.0453,-0.2388
204,681.15,682.25,681.95,683.35,2025-08-08 16:04:46.419000,0.8,1.4,2.2,27.273,0.5714,0.3636,0.3167,-0.2324,3.96831,0.3959,0,0.0,sart_1,sart_1,3.50866,1.131,0,0.4659,1.3143,0.0206,0.6007
205,683.35,685.175,683.85,687.0,2025-08-08 16:04:48.635000,0.5,3.15,3.65,16.438,0.1587,0.137,0.1466,-0.2429,1.83692,0.2932,0,0.0,sart_1,sart_1,3.54282,0.518,0,0.4625,1.3571,-0.0251,0.0014
206,687.0,688.125,687.75,689.25,2025-08-08 16:04:52.326000,0.75,1.5,2.25,26.667,0.5,0.3333,0.2249,-0.2371,2.81751,0.2999,0,0.0,sart_1,sart_1,3.54282,0.795,0,0.4664,1.3952,0.0432,0.5694
207,689.25,690.7,690.55,692.15,2025-08-08 16:04:54.637000,1.3,1.6,2.9,20.69,0.8125,0.4483,0.2226,-0.2324,2.78868,0.1712,0,0.0,sart_1,sart_1,3.54282,0.787,0,0.4773,1.4643,0.038,0.28
208,692.15,693.725,693.3,695.3,2025-08-08 16:04:57.422000,1.15,2.0,3.15,19.048,0.575,0.3651,0.3288,-0.3314,4.11918,0.2859,1,0.65,sart_1,sart_1,3.54282,1.163,0,0.4478,1.3548,0.0051,0.0958
209,695.3,696.5,696.4,697.7,2025-08-08 16:05:00.639000,1.1,1.3,2.4,25.0,0.8462,0.4583,0.2828,-0.2601,3.54282,0.2571,0,0.0,sart_1,sart_1,3.54282,1.0,0,0.4443,1.3143,0.0083,0.4077
210,697.7,699.2,699.2,700.7,2025-08-08 16:05:03.037000,1.5,1.5,3.0,20.0,1.0,0.5,0.3077,-0.3232,3.85537,0.2052,0,0.0,sart_1,sart_1,3.50866,1.099,0,0.4356,1.3405,-0.0149,0.1081
211,700.7,702.125,701.95,703.55,2025-08-08 16:05:06.038000,1.25,1.6,2.85,21.053,0.7813,0.4386,0.2801,-0.2744,3.50866,0.224,0,0.0,sart_1,sart_1,3.50866,1.0,0,0.4232,1.3381,0.1099,0.1254
212,703.55,704.675,704.6,705.8,2025-08-08 16:05:08.822000,1.05,1.2,2.25,26.667,0.875,0.4667,0.303,-0.2719,3.79559,0.2885,0,0.0,sart_1,sart_1,3.54282,1.071,0,0.375,1.169,0.0949,0.2749
213,705.8,706.225,706.15,706.65,2025-08-08 16:05:11.133000,0.35,0.5,0.85,70.588,0.7,0.4118,0.1727,-0.127,2.16387,0.4935,1,0.35,sart_1,sart_1,3.54282,0.611,0,0.4099,1.0738,0.1209,2.7723
214,706.65,707.375,707.15,708.1,2025-08-08 16:05:11.944000,0.5,0.95,1.45,41.379,0.5263,0.3448,0.2737,-0.3078,3.4293,0.5474,0,0.0,sart_1,sart_1,3.50866,0.977,0,0.3534,1.031,0.1967,1.0041
215,708.1,709.975,709.05,711.85,2025-08-08 16:05:13.450000,0.95,2.8,3.75,16.0,0.3393,0.2533,0.3274,-0.3507,4.10153,0.3446,1,1.35,sart_1,sart_1,3.50866,1.169,0,0.3498,0.9071,0.228,-0.3856
216,711.85,714.225,712.85,716.6,2025-08-08 16:05:17.139000,1.0,3.75,4.75,12.632,0.2667,0.2105,0.4591,-0.4786,5.75169,0.4591,1,0.3,sart_1,sart_1,3.54282,1.623,0,0.3461,0.85,0.286,-0.5804
217,716.6,717.675,717.65,718.75,2025-08-08 16:05:21.937000,1.05,1.1,2.15,27.907,0.9545,0.4884,0.345,-0.2955,4.32248,0.3286,0,0.0,practice_stressor_test,practice_stressor_test,3.61368,1.196,0,0.3455,0.8357,0.2727,0.2471
218,718.75,719.675,719.35,720.6,2025-08-08 16:05:24.036000,0.6,1.25,1.85,32.432,0.48,0.3243,0.2252,-0.256,2.82187,0.3754,0,0.0,practice_stressor_test,practice_stressor_test,3.79559,0.743,0,0.3457,0.8381,0.2535,0.4935
219,720.6,721.7,721.35,722.8,2025-08-08 16:05:25.932000,0.75,1.45,2.2,27.273,0.5172,0.3409,0.238,-0.2638,2.98232,0.3174,0,0.0,practice_stressor_test,practice_stressor_test,3.61368,0.825,0,0.3447,0.8333,0.2691,0.2101
220,722.8,724.275,723.95,725.75,2025-08-08 16:05:28.121000,1.15,1.8,2.95,20.339,0.6389,0.3898,0.2635,-0.2319,3.30117,0.2291,1,0.5,practice_stressor_test,practice_stressor_test,3.79559,0.87,0,0.3425,0.8,0.2788,-0.1735
221,725.75,727.1,726.75,728.45,2025-08-08 16:05:31.032000,1.0,1.7,2.7,22.222,0.5882,0.3704,0.2884,-0.284,3.61368,0.2884,0,0.0,practice_stressor_test,practice_stressor_test,3.79559,0.952,0,0.3461,0.7976,0.2665,-0.0597
222,728.45,729.5,729.65,730.55,2025-08-08 16:05:33.723000,1.2,0.9,2.1,28.571,1.3333,0.5714,0.3228,-0.2422,4.04362,0.269,0,0.0,practice_stressor_test,practice_stressor_test,3.82803,1.056,0,0.3485,0.7952,0.2759,0.2928
223,730.55,731.1,730.85,731.65,2025-08-08 16:05:35.825000,0.3,0.8,1.1,54.545,0.375,0.2727,0.2012,-0.2513,2.52118,0.6708,0,0.0,practice_stressor_test,practice_stressor_test,3.84888,0.655,0,0.3511,0.8262,0.251,1.7116
224,731.65,732.925,732.5,734.2,2025-08-08 16:05:36.939000,0.85,1.7,2.55,23.529,0.5,0.3333,0.2222,-0.2835,2.78354,0.2614,0,0.0,practice_stressor_test,practice_stressor_test,3.84888,0.723,0,0.3089,0.8214,0.0821,-0.1086
225,734.2,735.775,735.8,737.35,2025-08-08 16:05:39.542000,1.6,1.55,3.15,19.048,1.0323,0.5079,0.3296,-0.3361,4.12951,0.206,0,0.0,practice_stressor_test,practice_stressor_test,3.95651,1.044,0,0.2973,0.8143,0.232,-0.3893
226,737.35,739.05,738.5,740.75,2025-08-08 16:05:42.635000,1.15,2.25,3.4,17.647,0.5111,0.3382,0.3191,-0.3026,3.99757,0.2775,1,0.3,practice_stressor_test,practice_stressor_test,3.84888,1.039,0,0.2898,0.731,0.0474,-0.4895
227,740.75,741.9,741.8,743.05,2025-08-08 16:05:46.026000,1.05,1.25,2.3,26.087,0.84,0.4565,0.3072,-0.3042,3.84888,0.2926,0,0.0,practice_stressor_test,practice_stressor_test,3.82803,1.005,0,0.2315,0.6929,0.1861,-0.2191
228,743.05,744.55,744.35,746.05,2025-08-08 16:05:48.334000,1.3,1.7,3.0,20.0,0.7647,0.4333,0.3317,-0.3415,4.15511,0.2551,0,0.0,practice_stressor_test,practice_stressor_test,3.82803,1.085,0,0.2282,0.5976,0.1423,-0.5603
229,746.05,747.475,747.3,748.9,2025-08-08 16:05:51.341000,1.25,1.6,2.85,21.053,0.7812,0.4386,0.2823,-0.2806,3.53653,0.2258,0,0.0,practice_stressor_test,practice_stressor_test,3.82803,0.924,0,0.2192,0.6071,0.0979,-0.5321
230,748.9,750.3,750.2,751.7,2025-08-08 16:05:54.249000,1.3,1.5,2.8,21.429,0.8667,0.4643,0.3197,-0.3126,4.00479,0.2459,0,0.0,practice_stressor_test,practice_stressor_test,3.84888,1.041,0,0.2231,0.6048,0.1429,-0.4991
231,751.7,752.825,752.55,753.95,2025-08-08 16:05:57.036000,0.85,1.4,2.25,26.667,0.6071,0.3778,0.3158,-0.3244,3.95651,0.3715,0,0.0,practice_stressor_test,practice_stressor_test,3.84888,1.028,0,0.226,0.5738,0.1584,-0.2054
232,753.95,755.125,754.85,756.3,2025-08-08 16:05:59.222000,0.9,1.45,2.35,25.532,0.6207,0.383,0.3055,-0.3019,3.82803,0.3395,0,0.0,practice_stressor_test,practice_stressor_test,3.84888,0.995,0,0.2634,0.6095,0.2236,-0.1465
233,756.3,758.1,758.75,759.9,2025-08-08 16:06:01.622000,2.45,1.15,3.6,16.667,2.1304,0.6806,0.3734,-0.3305,4.67778,0.1524,0,0.0,practice_stressor_test,practice_stressor_test,3.82803,1.222,0,0.2706,0.6119,0.2809,-0.6046
234,759.9,761.05,760.75,762.2,2025-08-08 16:06:05.233000,0.85,1.45,2.3,26.087,0.5862,0.3696,0.2584,-0.3093,3.23671,0.3039,0,0.0,practice_stressor_test,practice_stressor_test,3.82803,0.846,0,0.2355,0.5905,0.3435,-0.2062
235,762.2,763.125,763.25,764.05,2025-08-08 16:06:07.536000,1.05,0.8,1.85,32.432,1.3125,0.5676,0.3314,-0.2127,4.15221,0.3156,1,0.7,practice_stressor_test,practice_stressor_test,3.84888,1.079,0,0.6082,0.8762,0.0601,1.3395
236,764.05,765.25,764.95,766.45,2025-08-08 16:06:09.333000,0.9,1.5,2.4,25.0,0.6,0.375,0.3037,-0.3978,3.80531,0.3375,1,0.3,practice_stressor_test,practice_stressor_test,3.84888,0.989,0,0.6386,1.0,0.4287,1.0339
237,766.45,767.55,767.45,768.65,2025-08-08 16:06:11.743000,1.0,1.2,2.2,27.273,0.8333,0.4545,0.3045,-0.2928,3.81493,0.3045,0,0.0,practice_stressor_test,practice_stressor_test,3.82803,0.997,0,0.6367,1.1167,0.4363,1.1512
238,768.65,770.05,770.45,771.45,2025-08-08 16:06:13.929000,1.8,1.0,2.8,21.429,1.8,0.6429,0.3157,-0.2953,3.95468,0.1754,0,0.0,practice_stressor_test,practice_stressor_test,3.81493,1.037,0,0.6266,1.1,0.4364,0.8013
239,771.45,772.6,772.45,773.75,2025-08-08 16:06:16.717000,1.0,1.3,2.3,26.087,0.7692,0.4348,0.2773,-0.2877,3.47435,0.2773,0,0.0,practice_stressor_test,practice_stressor_test,3.80531,0.913,0,0.6342,1.1,0.4345,1.0787
240,773.75,774.75,774.6,775.75,2025-08-08 16:06:19.031000,0.85,1.15,2.0,30.0,0.7391,0.425,0.4625,-0.4618,5.79457,0.5441,0,0.0,practice_stressor_test,practice_stressor_test,3.80531,1.523,0,0.6599,1.1405,0.4389,1.3741
241,775.75,776.8,776.75,777.85,2025-08-08 16:06:21.042000,1.0,1.1,2.1,28.571,0.9091,0.4762,0.2882,-0.2822,3.61048,0.2882,0,0.0,subject_idle,subject_idle,3.80531,0.949,0,0.6639,1.1905,0.4401,1.3094
242,777.85,778.4,778.25,778.95,2025-08-08 16:06:23.138000,0.4,0.7,1.1,54.545,0.5714,0.3636,0.2266,-0.1568,2.83935,0.5666,0,0.0,subject_idle,subject_idle,3.80531,0.746,0,0.6573,1.1738,0.4378,2.6985
243,778.95,779.825,779.85,780.7,2025-08-08 16:06:24.218000,0.9,0.85,1.75,34.286,1.0588,0.5143,0.1563,-0.2384,1.95878,0.1737,0,0.0,subject_idle,subject_idle,3.73209,0.525,0,0.6462,1.1976,0.4437,1.5626
244,780.7,781.85,781.55,783.0,2025-08-08 16:06:26.017000,0.85,1.45,2.3,26.087,0.5862,0.3696,0.2416,-0.2798,3.02689,0.2842,0,0.0,subject_idle,subject_idle,3.73209,0.811,0,0.6497,1.1476,0.4525,1.1287
245,783.0,787.875,789.4,792.75,2025-08-08 16:06:28.323000,6.4,3.35,9.75,6.154,1.9104,0.6564,1.7771,-1.7855,22.26407,0.2777,0,0.0,subject_idle,subject_idle,3.80531,5.851,1,0.6505,1.1262,0.4444,0.0489
246,792.75,796.025,796.95,799.3,2025-08-08 16:06:38.136000,4.2,2.35,6.55,9.16,1.7872,0.6412,0.3315,-0.2932,4.15264,0.0789,0,0.0,subject_idle,subject_idle,3.73209,1.113,0,0.6682,1.1595,0.4471,0.2692
247,799.3,801.225,800.9,803.15,2025-08-08 16:06:44.675000,1.6,2.25,3.85,15.584,0.7111,0.4156,0.2979,-0.3134,3.73209,0.1862,0,0.0,subject_idle,subject_idle,3.73209,1.0,0,0.6562,1.3119,0.3786,0.5793
248,803.15,804.7,804.05,806.25,2025-08-08 16:06:48.430000,0.9,2.2,3.1,19.355,0.4091,0.2903,0.208,-0.2052,2.60624,0.2311,0,0.0,subject_idle,subject_idle,3.73209,0.698,0,0.6462,1.3952,0.3652,0.7519
249,806.25,807.45,807.15,808.65,2025-08-08 16:06:51.640000,0.9,1.5,2.4,25.0,0.6,0.375,0.2781,-0.2773,3.48382,0.309,0,0.0,subject_idle,subject_idle,3.73209,0.933,0,0.6533,1.3952,0.3644,1.0813
250,808.65,809.35,809.35,810.05,2025-08-08 16:06:53.917000,0.7,0.7,1.4,42.857,1.0,0.5,0.2571,-0.2315,3.22063,0.3672,0,0.0,subject_idle,subject_idle,3.96027,0.813,0,0.6404,1.5143,0.325,2.0094
251,810.05,811.3,810.95,812.55,2025-08-08 16:06:55.328000,0.9,1.6,2.5,24.0,0.5625,0.36,0.3336,-0.3887,4.17928,0.3707,0,0.0,subject_idle,subject_idle,3.88033,1.077,0,0.6306,1.6286,0.2867,0.9538
252,812.55,813.9,813.65,815.25,2025-08-08 16:06:57.936000,1.1,1.6,2.7,22.222,0.6875,0.4074,0.3258,-0.2908,4.08179,0.2962,1,0.45,subject_idle,subject_idle,3.96027,1.031,0,0.6306,1.6476,0.2724,0.8573
253,815.25,816.9,816.35,818.55,2025-08-08 16:07:00.517000,1.1,2.2,3.3,18.182,0.5,0.3333,0.2924,-0.3334,3.66377,0.2659,0,0.0,subject_idle,subject_idle,3.96027,0.925,0,0.6088,1.6,0.2542,0.5676
254,818.55,820.1,819.65,821.65,2025-08-08 16:07:03.822000,1.1,2.0,3.1,19.355,0.55,0.3548,0.349,-0.3561,4.37236,0.3173,0,0.0,subject_idle,subject_idle,3.96773,1.102,0,0.5971,1.5833,0.2498,0.5936
255,821.65,822.775,822.55,823.9,2025-08-08 16:07:06.937000,0.9,1.35,2.25,26.667,0.6667,0.4,0.3161,-0.2615,3.96027,0.3512,0,0.0,subject_idle,subject_idle,3.96773,0.998,0,0.6062,1.5857,0.5346,1.02
256,823.9,824.45,824.4,825.0,2025-08-08 16:07:09.243000,0.5,0.6,1.1,54.545,0.8333,0.4545,0.1971,-0.2051,2.46937,0.3942,0,0.0,subject_idle,subject_idle,3.96027,0.624,0,0.4544,1.2405,0.1263,2.0445
257,825.0,827.425,825.8,829.85,2025-08-08 16:07:10.330000,0.8,4.05,4.85,12.371,0.1975,0.1649,0.352,-0.3707,4.40971,0.44,0,0.0,subject_idle,subject_idle,3.88033,1.136,0,0.379,1.0952,-0.0371,-0.4885
258,829.85,831.3,830.9,832.75,2025-08-08 16:07:15.123000,1.05,1.85,2.9,20.69,0.5676,0.3621,0.3752,-0.4037,4.70096,0.3574,0,0.0,subject_idle,subject_idle,3.88033,1.211,0,0.3975,1.0048,-0.0371,0.0228
259,832.75,833.9,833.8,835.05,2025-08-08 16:07:18.040000,1.05,1.25,2.3,26.087,0.84,0.4565,0.32,-0.2969,4.00949,0.3048,0,0.0,stressor_test_1,stressor_test_1,3.88033,1.033,0,0.4224,0.9714,0.0376,0.3961
260,835.05,837.7,836.35,840.35,2025-08-08 16:07:20.351000,1.3,4.0,5.3,11.321,0.325,0.2453,0.4601,-0.3941,5.76415,0.3539,0,0.0,stressor_test_1,stressor_test_1,3.88033,1.485,0,0.4234,0.9857,0.0433,-0.4024
261,840.35,841.65,841.15,842.95,2025-08-08 16:07:25.624000,0.8,1.8,2.6,23.077,0.4444,0.3077,0.3097,-0.3656,3.88033,0.3872,0,0.0,stressor_test_1,stressor_test_1,3.88033,1.0,0,0.4168,0.969,0.0518,0.2146
262,842.95,844.0,843.7,845.05,2025-08-08 16:07:28.233000,0.75,1.35,2.1,28.571,0.5556,0.3571,0.3348,-0.3516,4.19473,0.4464,0,0.0,stressor_test_1,stressor_test_1,3.88033,1.081,0,0.4159,0.9643,0.044,0.5101
263,845.05,846.1,845.95,847.15,2025-08-08 16:07:30.340000,0.9,1.2,2.1,28.571,0.75,0.4286,0.2212,-0.2377,2.77127,0.2458,0,0.0,stressor_test_1,stressor_test_1,3.7588,0.737,0,0.4163,0.9571,0.0369,0.5114
264,847.15,848.35,848.1,849.55,2025-08-08 16:07:32.443000,0.95,1.45,2.4,25.0,0.6552,0.3958,0.3167,-0.1594,3.96773,0.3334,1,0.25,stressor_test_1,stressor_test_1,3.88033,1.023,0,0.4152,0.9286,0.0114,0.3139
265,849.55,850.45,849.9,851.35,2025-08-08 16:07:34.838000,0.35,1.45,1.8,33.333,0.2414,0.1944,0.1411,-0.2275,1.76757,0.4031,0,0.0,stressor_test_1,stressor_test_1,3.7588,0.47,0,0.4262,0.9595,0.0109,0.8018
266,851.35,852.35,852.45,853.35,2025-08-08 16:07:36.636000,1.1,0.9,2.0,30.0,1.2222,0.55,0.1974,-0.2174,2.47335,0.1795,0,0.0,stressor_test_1,stressor_test_1,3.63672,0.68,0,0.4366,0.9238,0.0257,0.6544
267,853.35,854.425,854.05,855.5,2025-08-08 16:07:38.649000,0.7,1.45,2.15,27.907,0.4828,0.3256,0.1926,-0.2589,2.41263,0.2751,1,0.4,stressor_test_1,stressor_test_1,3.7588,0.642,0,0.4077,0.9095,0.2273,0.4476
268,855.5,856.175,856.3,856.85,2025-08-08 16:07:40.833000,0.8,0.55,1.35,44.444,1.4545,0.5926,0.3,-0.2033,3.7588,0.375,0,0.0,stressor_test_1,stressor_test_1,3.7588,1.0,0,0.3554,0.7452,0.1608,1.177
269,856.85,857.5,857.65,858.15,2025-08-08 16:07:42.125000,0.8,0.5,1.3,46.154,1.6,0.6154,0.2537,-0.1937,3.1784,0.3171,0,0.0,stressor_test_1,stressor_test_1,3.7588,0.846,0,0.3554,0.6857,0.1559,1.2698
270,858.15,859.3,858.5,860.45,2025-08-08 16:07:43.449000,0.35,1.95,2.3,26.087,0.1795,0.1522,0.2168,-0.1985,2.71652,0.6195,1,0.4,stressor_test_1,stressor_test_1,3.74175,0.726,0,0.3723,0.7286,0.1963,0.2347
271,860.45,861.275,860.9,862.1,2025-08-08 16:07:45.725000,0.45,1.2,1.65,36.364,0.375,0.2727,0.1083,-0.2324,1.35729,0.2408,0,0.0,stressor_test_1,stressor_test_1,3.63672,0.373,0,0.2271,0.6,0.0394,0.3247
272,862.1,863.425,863.2,864.75,2025-08-08 16:07:47.441000,1.1,1.55,2.65,22.642,0.7097,0.4151,0.3343,-0.3273,4.18868,0.3039,0,0.0,stressor_test_1,stressor_test_1,3.41548,1.226,0,0.2225,0.4976,0.0176,-0.4352
273,864.75,866.05,865.9,867.35,2025-08-08 16:07:50.049000,1.15,1.45,2.6,23.077,0.7931,0.4423,0.2134,-0.242,2.67382,0.1856,0,0.0,stressor_test_1,stressor_test_1,3.41548,0.783,0,0.2268,0.4976,0.0032,-0.3977
274,867.35,868.65,868.4,869.95,2025-08-08 16:07:52.632000,1.05,1.55,2.6,23.077,0.6774,0.4038,0.3122,-0.3081,3.91074,0.2973,0,0.0,stressor_test_1,stressor_test_1,3.41548,1.145,0,0.2713,0.5857,-0.0876,-0.2543
275,869.95,870.825,870.8,871.7,2025-08-08 16:07:55.233000,0.85,0.9,1.75,34.286,0.9444,0.4857,0.2903,-0.2695,3.63672,0.3415,0,0.0,stressor_test_1,stressor_test_1,3.2122,1.132,0,0.2743,0.6548,-0.116,0.364
276,871.7,872.525,872.45,873.35,2025-08-08 16:07:57.043000,0.75,0.9,1.65,36.364,0.8333,0.4545,0.2726,-0.2344,3.41548,0.3635,0,0.0,stressor_test_1,stressor_test_1,3.30095,1.035,0,0.2737,0.6667,-0.1414,0.4749
277,873.35,874.6,874.3,875.85,2025-08-08 16:07:58.629000,0.95,1.55,2.5,24.0,0.6129,0.38,0.3627,-0.4098,4.54459,0.3818,0,0.0,stressor_test_1,stressor_test_1,3.41548,1.331,0,0.3026,0.7024,-0.0128,-0.1033
278,875.85,876.95,877.1,878.05,2025-08-08 16:08:01.123000,1.25,0.95,2.2,27.273,1.3158,0.5682,0.4133,-0.3526,5.17751,0.3306,1,0.8,stressor_test_1,stressor_test_1,3.41548,1.516,0,0.3026,0.7667,-0.0297,0.0744
279,878.05,879.5,879.0,880.95,2025-08-08 16:08:03.339000,0.95,1.95,2.9,20.69,0.4872,0.3276,0.3573,-0.4361,4.47619,0.3761,0,0.0,stressor_test_1,stressor_test_1,3.41548,1.311,0,0.2888,0.7429,-0.1384,-0.3275
280,880.95,881.65,881.85,882.35,2025-08-08 16:08:06.251000,0.9,0.5,1.4,42.857,1.8,0.6429,0.2987,-0.1835,3.74175,0.3318,1,0.35,stressor_test_1,stressor_test_1,3.63672,1.029,0,0.2722,0.7976,-0.1815,0.8227
281,882.35,883.2,882.7,884.05,2025-08-08 16:08:07.629000,0.35,1.35,1.7,35.294,0.2593,0.2059,0.1372,-0.2036,1.71935,0.3921,0,0.0,stressor_test_1,stressor_test_1,3.74175,0.46,0,0.2742,0.7952,-0.2025,0.4184
282,884.05,885.175,884.95,886.3,2025-08-08 16:08:09.342000,0.9,1.35,2.25,26.667,0.6667,0.4,0.239,-0.298,2.99484,0.2656,0,0.0,stressor_test_1,stressor_test_1,3.84709,0.778,0,0.2645,0.8024,-0.1952,-0.0813
283,886.3,887.175,887.55,888.05,2025-08-08 16:08:11.614000,1.25,0.5,1.75,34.286,2.5,0.7143,0.3231,-0.1254,4.04852,0.2585,1,0.4,stressor_test_1,stressor_test_1,3.74175,1.082,0,0.28,0.7857,-0.1097,0.3824
284,888.05,889.85,888.45,891.65,2025-08-08 16:08:13.326000,0.4,3.2,3.6,16.667,0.125,0.1111,0.0759,-0.2113,0.95136,0.1898,0,0.0,stressor_test_1,stressor_test_1,3.74175,0.254,0,0.2818,0.8452,-0.1252,-0.5685
285,891.65,892.575,892.5,893.5,2025-08-08 16:08:16.923000,0.85,1.0,1.85,32.432,0.85,0.4595,0.2564,-0.29,3.2122,0.3016,0,0.0,stressor_test_1,stressor_test_1,3.74175,0.858,0,0.3394,0.9643,-0.1186,0.4732
286,893.5,894.85,894.85,896.2,2025-08-08 16:08:18.847000,1.35,1.35,2.7,22.222,1.0,0.5,0.2635,-0.2834,3.30095,0.1952,0,0.0,stressor_test_1,stressor_test_1,3.84709,0.858,0,0.3846,0.95,0.2459,0.0644
287,896.2,898.025,897.65,899.85,2025-08-08 16:08:21.573000,1.45,2.2,3.65,16.438,0.6591,0.3973,0.3942,-0.361,4.93897,0.2719,1,0.75,stressor_test_1,stressor_test_1,3.93709,1.254,0,0.437,0.9905,0.5148,-0.0808
288,899.85,900.925,900.65,902.0,2025-08-08 16:08:25.143000,0.8,1.35,2.15,27.907,0.5926,0.3721,0.2414,-0.3047,3.02454,0.3018,0,0.0,stressor_test_1,stressor_test_1,3.84709,0.786,0,0.4327,1.1071,0.4076,0.5282
289,902.0,902.925,903.1,903.85,2025-08-08 16:08:27.340000,1.1,0.75,1.85,32.432,1.4667,0.5946,0.3143,-0.1845,3.93709,0.2857,1,0.6,stressor_test_1,stressor_test_1,3.84709,1.023,0,0.4258,1.1548,0.3999,0.7516
290,903.85,905.375,904.7,906.9,2025-08-08 16:08:29.134000,0.85,2.2,3.05,19.672,0.3864,0.2787,0.3071,-0.4152,3.84709,0.3613,1,0.65,stressor_test_1,stressor_test_1,3.84709,1.0,0,0.4232,1.1548,0.4214,0.0504
291,906.9,907.95,907.8,909.0,2025-08-08 16:08:32.229000,0.9,1.2,2.1,28.571,0.75,0.4286,0.3276,-0.3211,4.10377,0.364,0,0.0,stressor_test_1,stressor_test_1,3.93181,1.044,0,0.3989,1.1286,0.3615,0.4553
292,909.0,910.45,909.6,911.9,2025-08-08 16:08:34.272000,0.6,2.3,2.9,20.69,0.2609,0.2069,0.3409,-0.139,4.27072,0.5681,1,0.5,stressor_test_1,stressor_test_1,3.93709,1.085,0,0.3762,1.1476,0.3279,-0.0458
293,911.9,913.675,912.75,915.45,2025-08-08 16:08:37.302000,0.85,2.7,3.55,16.901,0.3148,0.2394,0.1276,-0.218,1.59841,0.1501,1,0.4,stressor_test_1,stressor_test_1,3.93709,0.406,0,0.3707,1.1548,0.2894,-0.2693
294,915.45,916.575,916.3,917.7,2025-08-08 16:08:40.839000,0.85,1.4,2.25,26.667,0.6071,0.3778,0.2358,-0.3133,2.95376,0.2774,1,0.45,stressor_test_1,stressor_test_1,3.93709,0.75,0,0.3609,1.15,0.3405,0.2294
295,917.7,920.075,919.2,922.45,2025-08-08 16:08:43.034000,1.5,3.25,4.75,12.632,0.4615,0.3158,0.8078,-0.745,10.12067,0.5385,1,0.25,stressor_test_1,stressor_test_1,4.10377,2.466,1,0.3646,1.0929,0.3804,-0.5208
296,922.45,925.1,924.65,927.75,2025-08-08 16:08:47.736000,2.2,3.1,5.3,11.321,0.7097,0.4151,0.621,-0.6089,7.77986,0.2823,1,0.45,stressor_test_1,stressor_test_1,4.27072,1.822,0,0.3537,1.031,0.3733,-0.6271
297,927.75,930.875,929.9,934.0,2025-08-08 16:08:53.017000,2.15,4.1,6.25,9.6,0.5244,0.344,0.4278,-0.5137,5.35949,0.199,0,0.0,stressor_test_1,stressor_test_1,4.33967,1.235,0,0.3661,1.131,0.2871,-0.6806
298,934.0,935.475,935.0,936.95,2025-08-08 16:08:59.349000,1.0,1.95,2.95,20.339,0.5128,0.339,0.1942,-0.2079,2.43297,0.1942,1,0.75,stressor_test_1,stressor_test_1,4.27072,0.57,0,0.377,1.2262,0.2185,-0.0623
299,936.95,939.075,939.1,941.2,2025-08-08 16:09:02.225000,2.15,2.1,4.25,14.118,1.0238,0.5059,0.3916,-0.3726,4.90615,0.1821,0,0.0,stressor_test_1,stressor_test_1,4.33967,1.131,0,0.3615,1.2238,0.1497,-0.4501
300,941.2,942.975,942.3,944.75,2025-08-08 16:09:06.548000,1.1,2.45,3.55,16.901,0.449,0.3099,0.37,-0.363,4.63584,0.3364,1,0.6,stressor_test_1,stressor_test_1,4.33967,1.068,0,0.357,1.2952,0.1085,-0.3135
301,944.75,946.05,945.9,947.35,2025-08-08 16:09:10.034000,1.15,1.45,2.6,23.077,0.7931,0.4423,0.3138,-0.3374,3.93181,0.2729,0,0.0,stressor_test_1,stressor_test_1,4.63584,0.848,0,0.3583,1.3643,0.0297,0.0261
302,947.35,949.0,948.45,950.65,2025-08-08 16:09:12.635000,1.1,2.2,3.3,18.182,0.5,0.3333,0.425,-0.4013,5.32399,0.3863,0,0.0,stressor_test_1,stressor_test_1,4.63584,1.148,0,0.3509,1.4238,-0.0417,-0.2636
303,950.65,951.95,951.65,953.25,2025-08-08 16:09:15.934000,1.0,1.6,2.6,23.077,0.625,0.3846,0.2807,-0.3036,3.51731,0.2807,1,0.3,stressor_test_1,stressor_test_1,4.63584,0.759,0,0.3729,1.4238,0.0194,0.0731
304,953.25,954.35,954.3,955.45,2025-08-08 16:09:18.520000,1.05,1.15,2.2,27.273,0.913,0.4773,0.3464,-0.3137,4.33967,0.3299,0,0.0,stressor_test_1,stressor_test_1,4.76049,0.912,0,0.3827,1.431,0.0716,0.3326
305,955.45,956.875,956.05,958.3,2025-08-08 16:09:20.734000,0.6,2.25,2.85,21.053,0.2667,0.2105,0.4014,-0.4391,5.02937,0.6691,1,0.25,stressor_test_1,stressor_test_1,4.76049,1.056,0,0.3748,1.4881,0.0748,-0.0306
306,958.3,959.5,959.25,960.7,2025-08-08 16:09:23.620000,0.95,1.45,2.4,25.0,0.6552,0.3958,0.4015,-0.3935,5.02969,0.4226,0,0.0,stressor_test_1,stressor_test_1,4.63584,1.085,0,0.3867,1.5024,-0.0662,0.222
307,960.7,963.375,962.05,966.05,2025-08-08 16:09:26.019000,1.35,4.0,5.35,11.215,0.3375,0.2523,0.4382,-0.4214,5.49041,0.3246,0,0.0,stressor_test_1,stressor_test_1,4.63584,1.184,0,0.3742,1.5714,-0.3621,-0.5668
308,966.05,967.25,966.95,968.45,2025-08-08 16:09:31.328000,0.9,1.5,2.4,25.0,0.6,0.375,0.3207,-0.3425,4.01837,0.3564,0,0.0,stressor_test_1,stressor_test_1,4.33967,0.926,0,0.3346,1.6071,-0.4244,0.0541
309,968.45,970.375,969.6,972.3,2025-08-08 16:09:33.723000,1.15,2.7,3.85,15.584,0.4259,0.2987,0.38,-0.181,4.76049,0.3304,0,0.0,stressor_test_1,stressor_test_1,4.33967,1.097,0,0.3446,1.4643,-0.3893,-0.4249
310,972.3,973.325,973.1,974.35,2025-08-08 16:09:37.627000,0.8,1.25,2.05,29.268,0.64,0.3902,0.2938,-0.3781,3.68068,0.3672,0,0.0,stressor_test_1,stressor_test_1,4.33967,0.848,0,0.3417,1.431,-0.4175,0.3088
311,974.35,976.7,976.25,979.05,2025-08-08 16:09:39.642000,1.9,2.8,4.7,12.766,0.6786,0.4043,0.4354,-0.5038,5.45433,0.2291,0,0.0,stressor_test_1,stressor_test_1,4.10135,1.33,0,0.3492,1.419,-0.401,-0.5631
312,979.05,980.3,979.95,981.55,2025-08-08 16:09:44.320000,0.9,1.6,2.5,24.0,0.5625,0.36,0.2847,-0.3073,3.56661,0.3163,1,0.45,stressor_test_1,stressor_test_1,4.33967,0.822,0,0.3542,1.3786,-0.3678,0.063
313,981.55,982.4,982.45,983.25,2025-08-08 16:09:46.841000,0.9,0.8,1.7,35.294,1.125,0.5294,0.3274,-0.2186,4.10135,0.3637,0,0.0,stressor_test_1,stressor_test_1,4.33967,0.945,0,0.3685,1.3595,-0.3221,0.7224
314,983.25,984.5,984.05,985.75,2025-08-08 16:09:48.525000,0.8,1.7,2.5,24.0,0.4706,0.32,0.3898,-0.3773,4.88337,0.4872,0,0.0,stressor_test_1,stressor_test_1,4.33967,1.125,0,0.3649,1.3857,-0.3414,0.0975
315,985.75,988.25,987.85,990.75,2025-08-08 16:09:51.036000,2.1,2.9,5.0,12.0,0.7241,0.42,0.3223,-0.4207,4.03784,0.1535,0,0.0,stressor_test_1,stressor_test_1,4.42811,0.912,0,0.3552,1.369,-0.3441,-0.5854
316,990.75,991.85,991.55,992.95,2025-08-08 16:09:56.023000,0.8,1.4,2.2,27.273,0.5714,0.3636,0.252,-0.3305,3.15739,0.315,0,0.0,stressor_test_1,stressor_test_1,4.10135,0.77,0,0.3854,1.431,-0.3494,0.3413
317,992.95,995.05,994.55,997.15,2025-08-08 16:09:58.239000,1.6,2.6,4.2,14.286,0.6154,0.381,0.4297,-0.4248,5.38335,0.2686,0,0.0,stressor_test_1,stressor_test_1,4.05022,1.329,0,0.3868,1.4571,-0.2772,-0.3594
318,997.15,998.4,998.05,999.65,2025-08-08 16:10:02.440000,0.9,1.6,2.5,24.0,0.5625,0.36,0.3153,-0.3469,3.95006,0.3503,0,0.0,stressor_test_1,stressor_test_1,4.03784,0.978,0,0.3676,1.35,-0.2326,0.1062
319,999.65,1000.75,1000.85,1001.85,2025-08-08 16:10:04.927000,1.2,1.0,2.2,27.273,1.2,0.5455,0.3097,-0.2895,3.88052,0.2581,0,0.0,stressor_test_1,stressor_test_1,4.05022,0.958,0,0.3981,1.381,-0.3124,0.3822
320,1001.85,1003.25,1002.55,1004.65,2025-08-08 16:10:07.122000,0.7,2.1,2.8,21.429,0.3333,0.25,0.4006,-0.3937,5.01906,0.5723,1,0.45,stressor_test_1,stressor_test_1,4.03784,1.243,0,0.3993,1.4405,-0.2792,0.0687
321,1004.65,1005.825,1005.55,1007.0,2025-08-08 16:10:09.934000,0.9,1.45,2.35,25.532,0.6207,0.383,0.2795,-0.3256,3.50187,0.3106,0,0.0,stressor_test_1,stressor_test_1,4.03784,0.867,0,0.3967,1.369,-0.2318,0.2832
322,1007.0,1008.125,1007.95,1009.25,2025-08-08 16:10:12.335000,0.95,1.3,2.25,26.667,0.7308,0.4222,0.3534,-0.3229,4.42811,0.372,0,0.0,stressor_test_1,stressor_test_1,4.03784,1.097,0,0.3838,1.2476,-0.2172,0.3032
323,1009.25,1010.225,1010.65,1011.2,2025-08-08 16:10:14.529000,1.4,0.55,1.95,30.769,2.5455,0.7179,0.3965,-0.1768,4.9674,0.2832,1,0.4,stressor_test_1,stressor_test_1,4.05022,1.226,0,0.3829,1.1667,-0.2269,0.5231
324,1011.2,1012.8,1012.15,1014.4,2025-08-08 16:10:16.480000,0.95,2.25,3.2,18.75,0.4222,0.2969,0.3233,-0.4774,4.05022,0.3403,0,0.0,stressor_test_1,stressor_test_1,4.03784,1.003,0,0.3737,1.15,-0.2384,-0.1592
325,1014.4,1016.025,1015.15,1017.65,2025-08-08 16:10:19.752000,0.75,2.5,3.25,18.462,0.3,0.2308,0.4107,-0.1999,5.14519,0.5476,1,0.35,stressor_test_1,stressor_test_1,4.0043,1.285,0,0.38,1.1167,-0.2304,-0.1546
326,1017.65,1018.3,1018.2,1018.95,2025-08-08 16:10:22.928000,0.55,0.75,1.3,46.154,0.7333,0.4231,0.127,-0.2785,1.59087,0.2309,1,0.6,stressor_test_1,stressor_test_1,4.0043,0.397,0,0.3364,1.0405,-0.225,1.2086
327,1018.95,1020.1,1019.85,1021.25,2025-08-08 16:10:24.340000,0.9,1.4,2.3,26.087,0.6429,0.3913,0.2949,-0.3056,3.6952,0.3277,0,0.0,stressor_test_1,stressor_test_1,4.05022,0.912,0,0.334,0.9262,-0.1765,0.1112
328,1021.25,1022.05,1022.1,1022.85,2025-08-08 16:10:26.525000,0.85,0.75,1.6,37.5,1.1333,0.5313,0.2479,-0.2091,3.10538,0.2916,0,0.0,stressor_test_1,stressor_test_1,4.05022,0.767,0,0.5972,1.1238,0.1207,1.5792
329,1022.85,1025.45,1023.85,1028.05,2025-08-08 16:10:28.238000,1.0,4.2,5.2,11.538,0.2381,0.1923,0.5772,-0.5403,7.23084,0.5772,0,0.0,stressor_test_1,stressor_test_1,4.10972,1.759,0,0.5926,1.2595,0.2757,0.1547
330,1028.05,1029.3,1029.0,1030.55,2025-08-08 16:10:33.335000,0.95,1.55,2.5,24.0,0.6129,0.38,0.3035,-0.392,3.80261,0.3195,0,0.0,stressor_test_1,stressor_test_1,4.10972,0.925,0,0.5788,1.3167,0.2779,0.7869
331,1030.55,1031.65,1031.6,1032.75,2025-08-08 16:10:35.828000,1.05,1.15,2.2,27.273,0.913,0.4773,0.3196,-0.2485,4.0043,0.3044,0,0.0,stressor_test_1,stressor_test_1,4.10972,0.974,0,0.5777,1.3143,0.2748,0.9611
332,1032.75,1033.8,1033.5,1034.85,2025-08-08 16:10:38.023000,0.75,1.35,2.1,28.571,0.5556,0.3571,0.328,-0.4225,4.10972,0.4374,0,0.0,stressor_test_1,stressor_test_1,4.10972,1.0,0,0.5755,1.3119,0.2685,1.0244
333,1034.85,1036.15,1035.6,1037.45,2025-08-08 16:10:40.148000,0.75,1.85,2.6,23.077,0.4054,0.2885,0.4192,-0.4275,5.2519,0.5589,0,0.0,stressor_test_1,stressor_test_1,4.05022,1.297,0,0.5648,1.3357,0.2562,0.6916
334,1037.45,1038.525,1037.95,1039.6,2025-08-08 16:10:42.729000,0.5,1.65,2.15,27.907,0.303,0.2326,0.2365,-0.2547,2.96356,0.4731,1,0.55,stressor_test_1,stressor_test_1,4.05022,0.732,0,0.5443,1.3738,0.2568,0.8878
335,1039.6,1040.625,1040.4,1041.65,2025-08-08 16:10:44.952000,0.8,1.25,2.05,29.268,0.64,0.3902,0.2703,-0.2959,3.38669,0.3379,0,0.0,stressor_test_1,stressor_test_1,4.0043,0.846,0,0.5495,1.3857,0.2459,0.9785
336,1041.65,1043.125,1043.35,1044.6,2025-08-08 16:10:46.932000,1.7,1.25,2.95,20.339,1.36,0.5763,0.3524,-0.3082,4.41444,0.2073,0,0.0,stressor_test_1,stressor_test_1,3.80261,1.161,0,0.5557,1.3857,0.2589,0.5136
337,1044.6,1046.275,1045.45,1047.95,2025-08-08 16:10:49.927000,0.85,2.5,3.35,17.91,0.34,0.2537,0.3411,-0.3837,4.27391,0.4013,0,0.0,stressor_test_1,stressor_test_1,4.0043,1.067,0,0.5208,1.3476,0.2301,0.2693
338,1047.95,1052.7,1051.05,1057.45,2025-08-08 16:10:53.224000,3.1,6.4,9.5,6.316,0.4844,0.3263,1.7138,-1.7132,21.47132,0.5528,0,0.0,stressor_test_1,stressor_test_1,4.0043,5.362,1,0.5138,1.3476,0.2012,-0.3829
339,1057.45,1059.925,1058.8,1062.4,2025-08-08 16:11:02.736000,1.35,3.6,4.95,12.121,0.375,0.2727,0.4563,-0.4642,5.71655,0.338,0,0.0,stressor_test_1,stressor_test_1,4.0043,1.428,0,0.4963,1.3262,0.2826,-0.1241
340,1062.4,1064.125,1063.25,1065.85,2025-08-08 16:11:07.714000,0.85,2.6,3.45,17.391,0.3269,0.2464,0.2341,-0.247,2.93264,0.2754,1,1.05,stressor_test_1,stressor_test_1,3.80261,0.771,0,0.517,1.1976,0.3345,0.2288
341,1065.85,1067.3,1067.05,1068.75,2025-08-08 16:11:11.228000,1.2,1.7,2.9,20.69,0.7059,0.4138,0.3413,-0.323,4.27552,0.2844,1,0.3,stressor_test_1,stressor_test_1,4.0043,1.068,0,0.509,1.1452,0.3169,0.3822
342,1068.75,1070.0,1069.45,1071.25,2025-08-08 16:11:14.025000,0.7,1.8,2.5,24.0,0.3889,0.28,0.1809,-0.1618,2.26587,0.2584,0,0.0,stressor_test_1,stressor_test_1,4.10972,0.551,0,0.5167,1.2,0.2947,0.5867
343,1071.25,1072.8,1072.85,1074.35,2025-08-08 16:11:16.534000,1.6,1.5,3.1,19.355,1.0667,0.5161,0.2577,-0.2632,3.22906,0.1611,0,0.0,stressor_test_1,stressor_test_1,3.99491,0.808,0,0.5167,1.2095,0.3072,0.3345
344,1074.35,1076.45,1075.85,1078.55,2025-08-08 16:11:19.626000,1.5,2.7,4.2,14.286,0.5556,0.3571,0.4548,-0.4141,5.69824,0.3032,0,0.0,stressor_test_1,stressor_test_1,3.99491,1.426,0,0.5072,1.2714,0.2805,0.0286
345,1078.55,1079.9,1079.55,1081.25,2025-08-08 16:11:23.826000,1.0,1.7,2.7,22.222,0.5882,0.3704,0.2591,-0.2923,3.24581,0.2591,1,0.45,stressor_test_1,stressor_test_1,4.27391,0.759,0,0.4926,1.2976,0.2716,0.4125
346,1081.25,1082.575,1082.25,1083.9,2025-08-08 16:11:26.527000,1.0,1.65,2.65,22.642,0.6061,0.3774,0.2906,-0.3007,3.64053,0.2906,0,0.0,stressor_test_1,stressor_test_1,4.27391,0.852,0,0.4917,1.4262,0.2177,0.4324
347,1083.9,1085.8,1085.3,1087.7,2025-08-08 16:11:29.227000,1.4,2.4,3.8,15.789,0.5833,0.3684,0.4373,-0.3242,5.47811,0.3123,1,0.95,stressor_test_1,stressor_test_1,4.27391,1.282,0,0.4865,1.4548,0.2095,0.0435
348,1087.7,1089.1,1088.55,1090.5,2025-08-08 16:11:33.036000,0.85,1.95,2.8,21.429,0.4359,0.3036,0.2545,-0.2185,3.18815,0.2994,0,0.0,stressor_test_1,stressor_test_1,3.99491,0.798,0,0.4931,1.4786,0.3932,0.3711
349,1090.5,1091.775,1091.2,1093.05,2025-08-08 16:11:35.825000,0.7,1.85,2.55,23.529,0.3784,0.2745,0.2519,-0.3619,3.15643,0.3599,0,0.0,stressor_test_1,stressor_test_1,3.99491,0.79,0,0.3028,1.2024,0.0097,-0.1282
350,1093.05,1093.875,1093.8,1094.7,2025-08-08 16:11:38.322000,0.75,0.9,1.65,36.364,0.8333,0.4545,0.2438,-0.225,3.05462,0.3251,0,0.0,stressor_test_1,stressor_test_1,3.99491,0.765,0,0.2753,1.0357,-0.0856,0.4801
351,1094.7,1096.325,1096.05,1097.95,2025-08-08 16:11:40.027000,1.35,1.9,3.25,18.462,0.7105,0.4154,0.4486,-0.5217,5.61966,0.3323,1,0.7,stressor_test_1,stressor_test_1,3.99491,1.407,0,0.285,1.0238,-0.1089,-0.4607
352,1097.95,1098.85,1098.55,1099.75,2025-08-08 16:11:43.238000,0.6,1.2,1.8,33.333,0.5,0.3333,0.3882,-0.3364,4.86384,0.647,0,0.0,stressor_test_1,stressor_test_1,3.99491,1.218,0,0.3087,1.1238,-0.1906,0.4231
353,1099.75,1100.8,1100.75,1101.85,2025-08-08 16:11:45.134000,1.0,1.1,2.1,28.571,0.9091,0.4762,0.3189,-0.3172,3.99491,0.3189,0,0.0,stressor_test_1,stressor_test_1,3.99491,1.0,0,0.3127,1.2262,-0.247,0.1775
354,1101.85,1103.8,1103.35,1105.75,2025-08-08 16:11:47.235000,1.5,2.4,3.9,15.385,0.625,0.3846,0.4936,-0.5156,6.18356,0.329,0,0.0,stressor_test_1,stressor_test_1,4.43017,1.396,0,0.314,1.2262,-0.2574,-0.5344
355,1105.75,1108.2,1108.35,1110.65,2025-08-08 16:11:51.127000,2.6,2.3,4.9,12.245,1.1304,0.5306,0.3536,-0.3689,4.43017,0.136,0,0.0,stressor_test_1,stressor_test_1,4.4156,1.003,0,0.3053,1.1952,-0.2532,-0.7329
356,1110.65,1111.7,1111.65,1112.75,2025-08-08 16:11:55.930000,1.0,1.1,2.1,28.571,0.9091,0.4762,0.2625,-0.2153,3.28815,0.2625,0,0.0,stressor_test_1,stressor_test_1,4.4156,0.745,0,0.3549,1.2429,-0.2702,0.3135
357,1112.75,1114.55,1113.75,1116.35,2025-08-08 16:11:58.032000,1.0,2.6,3.6,16.667,0.3846,0.2778,0.3589,-0.3717,4.49677,0.3589,0,0.0,stressor_test_1,stressor_test_1,4.43017,1.015,0,0.3523,1.3548,-0.2706,-0.3413
358,1116.35,1117.7,1117.25,1119.05,2025-08-08 16:12:01.628000,0.9,1.8,2.7,22.222,0.5,0.3333,0.2383,-0.2805,2.98572,0.2648,1,0.7,stressor_test_1,stressor_test_1,4.43017,0.674,0,0.3697,1.3762,-0.217,0.0164
359,1119.05,1120.225,1120.15,1121.4,2025-08-08 16:12:04.330000,1.1,1.25,2.35,25.532,0.88,0.4681,0.386,-0.3055,4.83649,0.3509,0,0.0,stressor_test_1,stressor_test_1,4.49677,1.076,0,0.3682,1.4119,-0.1911,0.1913
360,1121.4,1123.1,1122.55,1124.8,2025-08-08 16:12:06.734000,1.15,2.25,3.4,17.647,0.5111,0.3382,0.4065,-0.4326,5.09238,0.3535,0,0.0,stressor_test_1,stressor_test_1,4.83649,1.053,0,0.4686,1.619,-0.1437,0.0867
361,1124.8,1125.875,1125.65,1126.95,2025-08-08 16:12:10.124000,0.85,1.3,2.15,27.907,0.6538,0.3953,0.2882,-0.3021,3.61093,0.3391,0,0.0,stressor_test_1,stressor_test_1,4.83649,0.747,0,0.4428,1.7619,-0.0537,0.5607
362,1126.95,1129.35,1129.35,1131.75,2025-08-08 16:12:12.218000,2.4,2.4,4.8,12.5,1.0,0.5,0.4033,-0.395,5.05261,0.168,0,0.0,stressor_test_1,stressor_test_1,4.49677,1.124,0,0.4409,1.7048,-0.0452,-0.282
363,1131.75,1132.875,1132.65,1134.0,2025-08-08 16:12:17.138000,0.9,1.35,2.25,26.667,0.6667,0.4,0.2872,-0.3445,3.59844,0.3191,0,0.0,stressor_test_1,stressor_test_1,4.43017,0.812,0,0.4193,1.6762,-0.101,0.4176
364,1134.0,1135.425,1135.55,1136.85,2025-08-08 16:12:19.331000,1.55,1.3,2.85,21.053,1.1923,0.5439,0.4226,-0.3469,5.29411,0.2726,0,0.0,stressor_test_1,stressor_test_1,4.43017,1.195,0,0.4124,1.7,-0.0831,0.0906
365,1136.85,1138.5,1137.65,1140.15,2025-08-08 16:12:22.125000,0.8,2.5,3.3,18.182,0.32,0.2424,0.3524,-0.3448,4.4156,0.4406,0,0.0,subject_idle,subject_idle,4.4156,1.0,0,0.417,1.6381,-0.097,-0.0505
366,1140.15,1140.55,1140.45,1140.95,2025-08-08 16:12:25.505000,0.3,0.5,0.8,75.0,0.6,0.375,0.1646,-0.172,2.06259,0.5488,0,0.0,subject_idle,subject_idle,4.4156,0.467,0,0.4162,1.5952,-0.046,3.0321
367,1140.95,1142.55,1142.05,1144.15,2025-08-08 16:12:26.228000,1.1,2.1,3.2,18.75,0.5238,0.3437,0.6574,-0.6198,8.23587,0.5976,0,0.0,subject_idle,subject_idle,4.4156,1.865,0,0.408,1.4762,-0.0285,-0.0487
368,1144.15,1146.55,1146.65,1148.95,2025-08-08 16:12:29.563000,2.5,2.3,4.8,12.5,1.087,0.5208,0.5042,-0.5693,6.3173,0.2017,1,0.45,subject_idle,subject_idle,4.19629,1.505,0,0.4386,1.4595,0.0107,-0.2894
369,1148.95,1150.475,1149.65,1152.0,2025-08-08 16:12:34.245000,0.7,2.35,3.05,19.672,0.2979,0.2295,1.4322,-1.4735,17.9425,2.0459,1,0.7,subject_idle,subject_idle,4.19629,4.276,0,0.4497,1.4429,0.0535,0.1358
370,1152.0,1155.825,1155.55,1159.65,2025-08-08 16:12:37.328000,3.55,4.1,7.65,7.843,0.8659,0.4641,1.6235,-1.6461,20.33987,0.4573,0,0.0,sart_2,sart_2,4.19629,4.847,1,0.441,1.5476,0.0161,-0.5346
371,1159.65,1161.525,1161.6,1163.4,2025-08-08 16:12:44.924000,1.95,1.8,3.75,16.0,1.0833,0.52,0.3349,-0.3316,4.19629,0.1718,0,0.0,sart_2,sart_2,4.19629,1.0,0,0.4399,1.5357,0.0358,-0.0952
372,1163.4,1165.475,1164.55,1167.55,2025-08-08 16:12:48.727000,1.15,3.0,4.15,14.458,0.3833,0.2771,0.2406,-0.2353,3.0149,0.2093,0,0.0,sart_2,sart_2,4.19629,0.718,0,0.4272,1.5071,0.0793,-0.2199
373,1167.55,1169.2,1168.55,1170.85,2025-08-08 16:12:52.834000,1.0,2.3,3.3,18.182,0.4348,0.303,0.209,-0.2069,2.61884,0.209,0,0.0,sart_2,sart_2,4.10216,0.638,0,0.4327,1.4119,0.126,0.0001
374,1170.85,1172.1,1171.95,1173.35,2025-08-08 16:12:56.138000,1.1,1.4,2.5,24.0,0.7857,0.44,0.2845,-0.2382,3.56419,0.2586,0,0.0,sart_2,sart_2,4.19629,0.849,0,0.4291,1.4238,0.0698,0.3044
375,1173.35,1174.85,1174.35,1176.35,2025-08-08 16:12:58.636000,1.0,2.0,3.0,20.0,0.5,0.3333,0.3124,-0.3276,3.91332,0.3124,0,0.0,sart_2,sart_2,4.10216,0.954,0,0.4241,1.481,0.069,0.0711
376,1176.35,1177.8,1177.55,1179.25,2025-08-08 16:13:01.627000,1.2,1.7,2.9,20.69,0.7059,0.4138,0.3575,-0.3683,4.47913,0.2979,0,0.0,sart_2,sart_2,3.91332,1.145,0,0.4257,1.4762,0.0693,0.1137
377,1179.25,1180.55,1180.35,1181.85,2025-08-08 16:13:04.635000,1.1,1.5,2.6,23.077,0.7333,0.4231,0.3274,-0.1767,4.10216,0.2977,0,0.0,sart_2,sart_2,3.91332,1.048,0,0.3814,1.3762,0.0611,0.1005
378,1181.85,1182.575,1182.75,1183.3,2025-08-08 16:13:07.124000,0.9,0.55,1.45,41.379,1.6364,0.6207,0.2253,-0.1761,2.82219,0.2503,0,0.0,sart_2,sart_2,3.91332,0.721,0,0.3794,1.3,0.0725,1.0879
379,1183.3,1184.3,1183.6,1185.3,2025-08-08 16:13:08.654000,0.3,1.7,2.0,30.0,0.1765,0.15,0.2893,-0.4243,3.62466,0.9644,0,0.0,sart_2,sart_2,3.91332,0.926,0,0.401,1.3524,0.0882,0.5396
380,1185.3,1187.575,1186.9,1189.85,2025-08-08 16:13:10.626000,1.6,2.95,4.55,13.187,0.5424,0.3516,0.3826,-0.4156,4.79315,0.2391,0,0.0,sart_2,sart_2,3.88917,1.232,0,0.4039,1.431,0.1089,-0.364
381,1189.85,1191.725,1191.15,1193.6,2025-08-08 16:13:15.125000,1.3,2.45,3.75,16.0,0.5306,0.3467,0.377,-0.3725,4.72265,0.29,0,0.0,sart_2,sart_2,3.88917,1.214,0,0.3299,1.2262,0.0821,-0.4497
382,1193.6,1195.15,1194.55,1196.7,2025-08-08 16:13:18.939000,0.95,2.15,3.1,19.355,0.4419,0.3065,0.2364,-0.2673,2.96122,0.2488,0,0.0,sart_2,sart_2,3.88917,0.761,0,0.33,1.1024,0.0457,-0.2672
383,1196.7,1197.925,1197.65,1199.15,2025-08-08 16:13:22.027000,0.95,1.5,2.45,24.49,0.6333,0.3878,0.2996,-0.3024,3.75342,0.3154,0,0.0,sart_2,sart_2,3.91332,0.959,0,0.3283,1.1024,0.0477,0.0061
384,1199.15,1201.775,1202.15,1204.4,2025-08-08 16:13:24.427000,3.0,2.25,5.25,11.429,1.3333,0.5714,0.5199,-0.5243,6.5129,0.1733,1,0.3,sart_2,sart_2,4.10216,1.588,0,0.3353,1.1024,0.0448,-0.6805
385,1204.4,1206.125,1205.2,1207.85,2025-08-08 16:13:29.744000,0.8,2.65,3.45,17.391,0.3019,0.2319,0.3104,-0.2568,3.88917,0.388,1,1.35,sart_2,sart_2,4.10216,0.948,0,0.3308,1.0786,0.0489,-0.3713
386,1207.85,1209.4,1209.4,1210.95,2025-08-08 16:13:33.126000,1.55,1.55,3.1,19.355,1.0,0.5,0.2819,-0.2954,3.53198,0.1819,0,0.0,sart_2,sart_2,4.10216,0.861,0,0.3418,1.0857,0.0619,-0.2292
387,1210.95,1212.3,1212.05,1213.65,2025-08-08 16:13:36.339000,1.1,1.6,2.7,22.222,0.6875,0.4074,0.2877,-0.2571,3.60388,0.2615,0,0.0,sart_2,sart_2,4.10216,0.879,0,0.3418,1.1143,0.0662,-0.0735
388,1213.65,1215.4,1214.6,1217.15,2025-08-08 16:13:38.950000,0.95,2.55,3.5,17.143,0.3725,0.2714,0.3599,-0.3034,4.50954,0.3789,1,0.35,sart_2,sart_2,3.88917,1.16,0,0.3375,1.1048,0.0242,-0.3632
389,1217.15,1220.25,1219.95,1223.35,2025-08-08 16:13:42.432000,2.8,3.4,6.2,9.677,0.8235,0.4516,0.5686,-0.5849,7.1241,0.2031,0,0.0,sart_2,sart_2,4.03541,1.765,0,0.3165,1.0833,-0.0794,-0.8363
390,1223.35,1224.75,1224.2,1226.15,2025-08-08 16:13:48.644000,0.85,1.95,2.8,21.429,0.4359,0.3036,0.305,-0.2092,3.82174,0.3589,0,0.0,sart_2,sart_2,4.03541,0.947,0,0.3013,1.0857,0.0249,-0.2471
391,1226.15,1227.4,1226.85,1228.65,2025-08-08 16:13:51.430000,0.7,1.8,2.5,24.0,0.3889,0.28,0.3663,-0.5039,4.58949,0.5233,0,0.0,sart_2,sart_2,3.97715,1.154,0,0.2999,0.9786,0.0002,-0.112
392,1228.65,1230.55,1230.15,1232.45,2025-08-08 16:13:53.919000,1.5,2.3,3.8,15.789,0.6522,0.3947,0.4542,-0.5109,5.68986,0.3028,0,0.0,sart_2,sart_2,3.97715,1.431,0,0.5368,1.3262,-0.1189,0.2056
393,1232.45,1234.15,1233.95,1235.85,2025-08-08 16:13:57.729000,1.5,1.9,3.4,17.647,0.7895,0.4412,0.4379,-0.4378,5.4863,0.2919,0,0.0,sart_2,sart_2,3.97715,1.379,0,0.5368,1.6571,-0.1131,0.3065
394,1235.85,1237.125,1236.95,1238.4,2025-08-08 16:14:01.122000,1.1,1.45,2.55,23.529,0.7586,0.4314,0.4098,-0.3763,5.13466,0.3726,0,0.0,sart_2,sart_2,3.97715,1.291,0,0.5274,1.631,-0.0863,0.5956
395,1238.4,1239.825,1239.65,1241.25,2025-08-08 16:14:03.728000,1.25,1.6,2.85,21.053,0.7813,0.4386,0.2938,-0.3081,3.68127,0.2351,1,0.4,sart_2,sart_2,3.88917,0.947,0,0.5404,1.5333,-0.0821,0.5031
396,1241.25,1242.35,1242.25,1243.45,2025-08-08 16:14:06.553000,1.0,1.2,2.2,27.273,0.8333,0.4545,0.2976,-0.2862,3.72843,0.2976,0,0.0,sart_2,sart_2,3.8694,0.964,0,0.5445,1.4738,-0.0751,0.8541
397,1243.45,1244.9,1245.05,1246.35,2025-08-08 16:14:08.835000,1.6,1.3,2.9,20.69,1.2308,0.5517,0.3342,-0.3323,4.18665,0.2089,0,0.0,sart_2,sart_2,3.97715,1.053,0,0.5445,1.4619,-0.0767,0.4966
398,1246.35,1247.85,1247.75,1249.35,2025-08-08 16:14:11.617000,1.4,1.6,3.0,20.0,0.875,0.4667,0.3052,-0.3182,3.82385,0.218,1,0.55,sart_2,sart_2,3.97715,0.961,0,0.542,1.4524,-0.0735,0.4511
399,1249.35,1250.5,1250.3,1251.65,2025-08-08 16:14:14.619000,0.95,1.35,2.3,26.087,0.7037,0.413,0.3221,-0.324,4.03541,0.3391,0,0.0,sart_2,sart_2,3.91218,1.031,0,0.5449,1.4262,-0.0792,0.7909
400,1251.65,1253.1,1253.0,1254.55,2025-08-08 16:14:16.935000,1.35,1.55,2.9,20.69,0.871,0.4655,0.3175,-0.3101,3.97715,0.2351,0,0.0,sart_2,sart_2,3.8694,1.028,0,0.5374,1.3119,-0.0609,0.4737
401,1254.55,1255.85,1255.45,1257.15,2025-08-08 16:14:19.841000,0.9,1.7,2.6,23.077,0.5294,0.3462,0.3089,-0.3053,3.8694,0.3432,0,0.0,sart_2,sart_2,3.8694,1.0,0,0.5348,1.1595,-0.0656,0.5949
402,1257.15,1262.5,1260.9,1267.85,2025-08-08 16:14:22.449000,3.75,6.95,10.7,5.607,0.5396,0.3505,1.3346,-1.3402,16.72033,0.3559,1,0.75,sart_2,sart_2,3.83285,4.362,1,0.5395,1.1857,-0.0544,-0.3385
403,1267.85,1269.4,1268.75,1270.95,2025-08-08 16:14:33.136000,0.9,2.2,3.1,19.355,0.4091,0.2903,0.2592,-0.2521,3.24758,0.288,1,0.6,sart_2,sart_2,3.82385,0.849,0,0.5508,1.1381,-0.0435,0.4444
404,1270.95,1272.55,1271.95,1274.15,2025-08-08 16:14:36.338000,1.0,2.2,3.2,18.75,0.4545,0.3125,0.2378,-0.244,2.97883,0.2378,1,0.55,sart_2,sart_2,3.80219,0.783,0,0.5545,1.1405,-0.0387,0.4235
405,1274.15,1275.375,1275.05,1276.6,2025-08-08 16:14:39.430000,0.9,1.55,2.45,24.49,0.5806,0.3673,0.2291,-0.2339,2.86973,0.2545,0,0.0,sart_2,sart_2,3.78541,0.758,0,0.5626,1.1429,-0.0375,0.7613
406,1276.6,1278.1,1278.15,1279.6,2025-08-08 16:14:41.917000,1.55,1.45,3.0,20.0,1.069,0.5167,0.2174,-0.2751,2.72315,0.1402,0,0.0,sart_2,sart_2,3.78541,0.719,0,0.5584,1.1881,-0.0448,0.5039
407,1279.6,1281.15,1281.1,1282.7,2025-08-08 16:14:44.922000,1.5,1.6,3.1,19.355,0.9375,0.4839,0.3475,-0.2827,4.35331,0.2317,1,0.4,sart_2,sart_2,3.78541,1.15,0,0.5492,1.1786,-0.0507,0.4392
408,1282.7,1284.15,1283.95,1285.6,2025-08-08 16:14:48.008000,1.25,1.65,2.9,20.69,0.7576,0.431,0.3035,-0.3152,3.80219,0.2428,0,0.0,sart_2,sart_2,3.69142,1.03,0,0.555,1.1643,-0.0471,0.5304
409,1285.6,1287.175,1287.25,1288.75,2025-08-08 16:14:50.949000,1.65,1.5,3.15,19.048,1.1,0.5238,0.3123,-0.3035,3.91218,0.1893,0,0.0,sart_2,sart_2,3.68637,1.061,0,0.556,1.181,-0.0465,0.4445
410,1288.75,1290.175,1290.25,1291.6,2025-08-08 16:14:54.042000,1.5,1.35,2.85,21.053,1.1111,0.5263,0.2336,-0.2377,2.92666,0.1557,0,0.0,sart_2,sart_2,3.68634,0.794,0,0.553,1.1667,-0.0476,0.5437
411,1291.6,1293.125,1292.85,1294.65,2025-08-08 16:14:56.952000,1.25,1.8,3.05,19.672,0.6944,0.4098,0.2238,-0.2378,2.8036,0.179,0,0.0,sart_2,sart_2,3.62716,0.773,0,0.5566,1.1429,-0.0436,0.4803
412,1294.65,1295.75,1295.8,1296.85,2025-08-08 16:14:59.918000,1.15,1.05,2.2,27.273,1.0952,0.5227,0.3059,-0.239,3.83285,0.266,0,0.0,sart_2,sart_2,3.61573,1.06,0,0.5603,1.1405,0.1827,0.905
413,1296.85,1298.1,1297.4,1299.35,2025-08-08 16:15:02.141000,0.55,1.95,2.5,24.0,0.2821,0.22,0.2942,-0.343,3.68637,0.535,1,0.4,sart_2,sart_2,3.61573,1.02,0,0.1276,0.7643,-0.1094,-0.6673
414,1299.35,1300.825,1300.25,1302.3,2025-08-08 16:15:04.628000,0.9,2.05,2.95,20.339,0.439,0.3051,0.3021,-0.3114,3.78541,0.3357,1,0.7,sart_2,sart_2,3.62716,1.044,0,0.1254,0.4095,-0.1844,-0.8732
415,1302.3,1303.325,1303.15,1304.35,2025-08-08 16:15:07.628000,0.85,1.2,2.05,29.268,0.7083,0.4146,0.2942,-0.2845,3.68634,0.3462,0,0.0,sart_2,sart_2,3.62716,1.016,0,0.1286,0.4286,-0.1229,-0.378
416,1304.35,1306.0,1305.95,1307.65,2025-08-08 16:15:09.734000,1.6,1.7,3.3,18.182,0.9412,0.4848,0.2895,-0.2863,3.62716,0.1809,0,0.0,sart_2,sart_2,3.62716,1.0,0,0.1279,0.4071,-0.041,-0.9823
417,1307.65,1309.075,1308.85,1310.5,2025-08-08 16:15:13.028000,1.2,1.65,2.85,21.053,0.7273,0.4211,0.2946,-0.2982,3.69142,0.2455,1,0.3,sart_2,sart_2,3.6682,1.006,0,0.1261,0.3881,-0.101,-0.8322
418,1310.5,1311.725,1311.55,1312.95,2025-08-08 16:15:15.820000,1.05,1.4,2.45,24.49,0.75,0.4286,0.2886,-0.2878,3.61573,0.2749,0,0.0,sart_2,sart_2,3.6682,0.986,0,0.1225,0.3881,-0.157,-0.6571
419,1312.95,1314.4,1314.35,1315.85,2025-08-08 16:15:18.225000,1.4,1.5,2.9,20.69,0.9333,0.4828,0.2846,-0.2826,3.5655,0.2033,0,0.0,sart_2,sart_2,3.6682,0.972,0,0.1305,0.4,-0.1991,-0.8377
420,1315.85,1317.1,1316.85,1318.35,2025-08-08 16:15:21.126000,1.0,1.5,2.5,24.0,0.6667,0.4,0.2857,-0.2702,3.57952,0.2857,0,0.0,sart_2,sart_2,3.6682,0.976,0,0.1775,0.4333,0.0546,-0.5065
421,1318.35,1319.65,1319.45,1320.95,2025-08-08 16:15:23.624000,1.1,1.5,2.6,23.077,0.7333,0.4231,0.2788,-0.3005,3.49301,0.2535,0,0.0,sart_2,sart_2,3.68634,0.948,0,0.1827,0.5143,-0.2298,-0.5399
422,1320.95,1322.125,1322.05,1323.3,2025-08-08 16:15:26.229000,1.1,1.25,2.35,25.532,0.88,0.4681,0.272,-0.2658,3.40814,0.2473,0,0.0,sart_2,sart_2,3.68637,0.925,0,0.3237,0.6357,0.1858,0.0479
423,1323.3,1324.575,1324.6,1325.85,2025-08-08 16:15:28.631000,1.3,1.25,2.55,23.529,1.04,0.5098,0.2928,-0.3018,3.6682,0.2252,0,0.0,sart_2,sart_2,3.68637,0.995,0,0.3343,0.7952,-0.1224,-0.0267
424,1325.85,1327.2,1327.0,1328.55,2025-08-08 16:15:31.119000,1.15,1.55,2.7,22.222,0.7419,0.4259,0.3014,-0.3263,3.77561,0.2621,0,0.0,sart_2,sart_2,3.69142,1.023,0,0.3748,0.819,-0.008,0.0328
425,1328.55,1329.65,1329.45,1330.75,2025-08-08 16:15:33.937000,0.9,1.3,2.2,27.273,0.6923,0.4091,0.2542,-0.2701,3.18505,0.2825,0,0.0,sart_2,sart_2,3.69142,0.863,0,0.4368,1.0262,-0.2285,0.5069
426,1330.75,1332.0,1331.75,1333.25,2025-08-08 16:15:36.040000,1.0,1.5,2.5,24.0,0.6667,0.4,0.2698,-0.3065,3.38061,0.2698,0,0.0,sart_2,sart_2,3.77561,0.895,0,0.4293,1.069,-0.0464,0.305
427,1333.25,1334.575,1334.45,1335.9,2025-08-08 16:15:38.534000,1.2,1.45,2.65,22.642,0.8276,0.4528,0.4102,-0.3292,5.13936,0.3418,0,0.0,sart_2,sart_2,4.17639,1.231,0,0.4304,1.0571,-0.0418,0.2348
428,1335.9,1337.175,1337.25,1338.45,2025-08-08 16:15:41.226000,1.35,1.2,2.55,23.529,1.125,0.5294,0.6042,-0.5041,7.56981,0.4476,0,0.0,sart_2,sart_2,5.00602,1.512,0,0.4307,1.0405,-0.0408,0.284
429,1338.45,1339.5,1340.15,1340.55,2025-08-08 16:15:43.724000,1.7,0.4,2.1,28.571,4.25,0.8095,0.6548,-0.2663,8.20398,0.3852,0,0.0,sart_2,sart_2,5.13936,1.596,0,0.4489,1.1357,-0.0349,0.6164
430,1340.55,1341.125,1341.05,1341.7,2025-08-08 16:15:45.818000,0.5,0.65,1.15,52.174,0.7692,0.4348,0.8089,-1.3544,10.13462,1.6179,0,0.0,sart_2,sart_2,5.2373,1.935,0,0.4557,1.2524,-0.0724,1.92
431,1341.7,1343.275,1343.95,1344.85,2025-08-08 16:15:47.025000,2.25,0.9,3.15,19.048,2.5,0.7143,0.6698,-0.4203,8.39152,0.2977,1,0.8,sart_2,sart_2,5.2373,1.602,0,0.4563,1.2405,-0.0678,0.1232
432,1344.85,1347.8,1347.45,1350.75,2025-08-08 16:15:50.232000,2.6,3.3,5.9,10.169,0.7879,0.4407,1.2853,-1.201,16.10314,0.4944,0,0.0,sart_2,sart_2,5.26332,3.06,1,0.4539,1.2548,-0.072,-0.3667
433,1350.75,1351.6,1351.7,1352.45,2025-08-08 16:15:56.020000,0.95,0.75,1.7,35.294,1.2667,0.5588,0.4384,-0.5553,5.49205,0.4614,1,0.65,sart_2,sart_2,5.26332,1.043,0,0.4464,1.2571,-0.0787,0.9734
434,1352.45,1352.9,1353.1,1353.35,2025-08-08 16:15:57.736000,0.65,0.25,0.9,66.667,2.6,0.7222,0.81,-0.4765,10.14827,1.2462,0,0.0,sart_2,sart_2,5.26332,1.928,0,0.4453,1.2714,-0.0833,2.6734
435,1353.35,1356.2,1354.75,1359.05,2025-08-08 16:15:58.638000,1.4,4.3,5.7,10.526,0.3256,0.2456,1.7506,-2.2317,21.93235,1.2504,0,0.0,sart_2,sart_2,5.49205,3.993,1,0.4414,1.3143,-0.0949,-0.3876
436,1359.05,1361.0,1360.75,1362.95,2025-08-08 16:16:04.331000,1.7,2.2,3.9,15.385,0.7727,0.4359,0.3996,-0.4278,5.00602,0.235,0,0.0,sart_2,sart_2,5.49205,0.912,0,0.433,1.331,-0.1109,-0.1508
437,1362.95,1364.4,1364.15,1365.85,2025-08-08 16:16:08.231000,1.2,1.7,2.9,20.69,0.7059,0.4138,0.3334,-0.3299,4.17639,0.2778,0,0.0,sart_2,sart_2,5.49205,0.76,0,0.4312,1.3262,-0.1152,0.1314
438,1365.85,1367.25,1366.95,1368.65,2025-08-08 16:16:11.140000,1.1,1.7,2.8,21.429,0.6471,0.3929,0.418,-0.4172,5.2373,0.38,0,0.0,sart_2,sart_2,5.49205,0.954,0,0.4306,1.3214,-0.1171,0.1696
439,1368.65,1371.25,1369.85,1373.85,2025-08-08 16:16:13.929000,1.2,4.0,5.2,11.538,0.3,0.2308,0.7989,-0.9364,10.00839,0.6657,0,0.0,sart_2,sart_2,5.26332,1.902,0,0.4269,1.3262,-0.1313,-0.3794
440,1373.85,1375.0,1375.0,1376.15,2025-08-08 16:16:19.156000,1.15,1.15,2.3,26.087,1.0,0.5,0.6119,-0.3979,7.66648,0.5321,0,0.0,sart_2,sart_2,5.26332,1.457,0,0.4413,1.4476,-0.1967,0.457
441,1376.15,1377.375,1377.15,1378.6,2025-08-08 16:16:21.431000,1.0,1.45,2.45,24.49,0.6897,0.4082,0.3546,-0.3768,4.44225,0.3546,0,0.0,sart_2,sart_2,5.2373,0.848,0,0.4382,1.4381,0.039,0.3603
442,1378.6,1380.025,1379.65,1381.45,2025-08-08 16:16:23.923000,1.05,1.8,2.85,21.053,0.5833,0.3684,0.4201,-0.4492,5.26332,0.4001,0,0.0,sart_2,sart_2,5.20167,1.012,0,0.4338,1.4667,0.0966,0.1595
443,1381.45,1383.025,1382.65,1384.6,2025-08-08 16:16:26.829000,1.2,1.95,3.15,19.048,0.6154,0.381,0.3977,-0.3908,4.98286,0.3314,1,0.3,sart_2,sart_2,5.10473,0.976,0,0.4205,1.3762,0.2127,0.0078
444,1384.6,1385.925,1385.65,1387.25,2025-08-08 16:16:29.917000,1.05,1.6,2.65,22.642,0.6563,0.3962,0.3944,-0.4253,4.9407,0.3756,0,0.0,sart_2,sart_2,5.00602,0.987,0,0.3986,1.1857,0.1136,0.1324
445,1387.25,1389.1,1388.75,1390.95,2025-08-08 16:16:32.531000,1.5,2.2,3.7,16.216,0.6818,0.4054,0.4689,-0.4673,5.87424,0.3126,0,0.0,task_1,task_1,4.98286,1.179,0,0.3524,1.1476,0.3459,-0.3655
446,1390.95,1392.375,1392.25,1393.8,2025-08-08 16:16:36.250000,1.3,1.55,2.85,21.053,0.8387,0.4561,0.3954,-0.368,4.95345,0.3041,0,0.0,task_1,task_1,4.95345,1.0,0,0.3363,0.9238,0.3417,-0.1547
447,1393.8,1395.125,1394.85,1396.45,2025-08-08 16:16:39.127000,1.05,1.6,2.65,22.642,0.6562,0.3962,0.3932,-0.3901,4.9256,0.3744,0,0.0,task_1,task_1,4.9407,0.997,0,0.3391,0.8381,0.3565,-0.0594
448,1396.45,1397.8,1397.55,1399.15,2025-08-08 16:16:41.747000,1.1,1.6,2.7,22.222,0.6875,0.4074,0.4075,-0.4183,5.10473,0.3704,0,0.0,task_1,task_1,4.9407,1.033,0,0.3385,0.7976,0.3523,-0.0841
449,1399.15,1400.6,1400.3,1402.05,2025-08-08 16:16:44.439000,1.15,1.75,2.9,20.69,0.6571,0.3966,0.4152,-0.4247,5.20167,0.361,0,0.0,task_1,task_1,4.9256,1.056,0,0.3358,0.7976,0.4305,-0.176
450,1402.05,1405.0,1404.85,1407.95,2025-08-08 16:16:47.327000,2.8,3.1,5.9,10.169,0.9032,0.4746,1.3161,-1.3345,16.48876,0.47,0,0.0,task_1,task_1,4.75559,3.467,1,0.3229,0.6857,0.5597,-0.7889
451,1407.95,1411.275,1412.05,1414.6,2025-08-08 16:16:53.236000,4.1,2.55,6.65,9.023,1.6078,0.6165,0.2767,-0.2753,3.46599,0.0675,0,0.0,task_1,task_1,4.65538,0.745,0,0.3122,0.5476,0.5415,-0.8856
452,1414.6,1416.625,1416.55,1418.65,2025-08-08 16:16:59.925000,1.95,2.1,4.05,14.815,0.9286,0.4815,0.3087,-0.2899,3.86793,0.1583,1,0.45,task_1,task_1,4.65538,0.831,0,0.3039,0.5405,0.5341,-0.5979
453,1418.65,1420.25,1419.75,1421.85,2025-08-08 16:17:04.034000,1.1,2.1,3.2,18.75,0.5238,0.3437,0.3369,-0.3386,4.22074,0.3063,0,0.0,task_1,task_1,4.51554,0.935,0,0.3,0.531,0.5324,-0.3968
454,1421.85,1423.35,1422.95,1424.85,2025-08-08 16:17:07.121000,1.1,1.9,3.0,20.0,0.5789,0.3667,0.3415,-0.3425,4.279,0.3105,0,0.0,task_1,task_1,4.51554,0.948,0,0.3036,0.5405,0.5294,-0.3173
455,1424.85,1426.35,1425.95,1427.85,2025-08-08 16:17:10.117000,1.1,1.9,3.0,20.0,0.5789,0.3667,0.3517,-0.3589,4.40631,0.3197,1,0.3,task_1,task_1,4.51554,0.976,0,0.4309,0.8119,0.2399,0.093
456,1427.85,1429.4,1429.05,1430.95,2025-08-08 16:17:13.238000,1.2,1.9,3.1,19.355,0.6316,0.3871,0.3716,-0.3793,4.65538,0.3097,0,0.0,task_1,task_1,4.40631,1.057,0,0.4564,0.8524,0.4714,0.1402
457,1430.95,1432.5,1432.05,1434.05,2025-08-08 16:17:16.242000,1.1,2.0,3.1,19.355,0.55,0.3548,0.3796,-0.3136,4.75559,0.3451,0,0.0,task_1,task_1,4.279,1.111,0,0.4495,0.9833,0.3927,0.1179
458,1434.05,1435.525,1435.2,1437.0,2025-08-08 16:17:19.328000,1.15,1.8,2.95,20.339,0.6389,0.3898,0.2839,-0.3223,3.55739,0.2469,0,0.0,task_1,task_1,4.22074,0.843,0,0.4389,0.9786,0.3777,0.1372
459,1437.0,1438.525,1438.05,1440.05,2025-08-08 16:17:22.327000,1.05,2.0,3.05,19.672,0.525,0.3443,0.2891,-0.318,3.62161,0.2753,0,0.0,task_1,task_1,4.22074,0.858,0,0.4282,0.981,0.3639,0.0665
460,1440.05,1441.6,1441.3,1443.15,2025-08-08 16:17:25.333000,1.25,1.85,3.1,19.355,0.6757,0.4032,0.3604,-0.3574,4.51554,0.2883,0,0.0,task_1,task_1,4.22074,1.07,0,0.434,1.0286,0.4201,0.068
461,1443.15,1444.7,1444.55,1446.25,2025-08-08 16:17:28.422000,1.4,1.7,3.1,19.355,0.8235,0.4516,0.3287,-0.3137,4.11833,0.2348,0,0.0,task_1,task_1,4.22074,0.976,0,0.4379,0.9048,0.3719,0.0805
462,1446.25,1447.8,1447.65,1449.35,2025-08-08 16:17:31.637000,1.4,1.7,3.1,19.355,0.8235,0.4516,0.328,-0.3205,4.1092,0.2343,0,0.0,task_1,task_1,4.22074,0.974,0,0.4229,0.8786,0.3847,0.0322
463,1449.35,1451.0,1450.65,1452.65,2025-08-08 16:17:34.626000,1.3,2.0,3.3,18.182,0.65,0.3939,0.3131,-0.3301,3.9232,0.2409,1,0.55,task_1,task_1,4.279,0.917,0,0.4258,0.769,0.3909,-0.0222
464,1452.65,1454.05,1453.75,1455.45,2025-08-08 16:17:37.934000,1.1,1.7,2.8,21.429,0.6471,0.3929,0.3908,-0.3816,4.89547,0.3552,0,0.0,task_1,task_1,4.40631,1.111,0,0.425,0.7333,0.3886,0.1516
465,1455.45,1459.95,1461.75,1464.45,2025-08-08 16:17:40.717000,6.3,2.7,9.0,6.667,2.3333,0.7,2.336,-2.2688,29.26648,0.3708,0,0.0,task_1,task_1,4.49851,6.506,1,0.4755,0.9619,0.2908,-0.4872
466,1464.45,1468.0,1468.8,1471.55,2025-08-08 16:17:49.726000,4.35,2.75,7.1,8.451,1.5818,0.6127,0.2225,-0.3064,2.7877,0.0512,1,0.9,task_1,task_1,4.51554,0.617,0,0.467,1.1667,0.2403,-0.4178
467,1471.55,1473.3,1473.0,1475.05,2025-08-08 16:17:56.837000,1.45,2.05,3.5,17.143,0.7073,0.4143,0.3149,-0.3275,3.94499,0.2172,1,0.65,task_1,task_1,4.49851,0.877,0,0.4721,1.2238,0.2282,0.0706
468,1475.05,1476.85,1476.55,1478.65,2025-08-08 16:18:00.342000,1.5,2.1,3.6,16.667,0.7143,0.4167,0.3102,-0.2753,3.8863,0.2068,1,0.25,task_1,task_1,4.49851,0.864,0,0.4833,1.4476,0.1405,0.0809
469,1478.65,1480.5,1480.45,1482.35,2025-08-08 16:18:04.063000,1.8,1.9,3.7,16.216,0.9474,0.4865,0.4277,-0.3938,5.3581,0.2376,0,0.0,task_1,task_1,4.51554,1.187,0,0.4733,1.6024,0.1084,0.0242
470,1482.35,1483.6,1483.35,1484.85,2025-08-08 16:18:07.629000,1.0,1.5,2.5,24.0,0.6667,0.4,0.3779,-0.3562,4.73466,0.3779,0,0.0,task_1,task_1,4.73466,1.0,0,0.4708,1.7405,0.0823,0.4388
471,1484.85,1486.3,1486.05,1487.75,2025-08-08 16:18:10.119000,1.2,1.7,2.9,20.69,0.7059,0.4138,0.3591,-0.3569,4.49851,0.2992,0,0.0,task_1,task_1,4.73466,0.95,0,0.4575,1.8143,0.0917,0.2162
472,1487.75,1489.3,1489.05,1490.85,2025-08-08 16:18:13.029000,1.3,1.8,3.1,19.355,0.7222,0.4194,0.1809,-0.3393,2.26697,0.1392,0,0.0,task_1,task_1,4.73466,0.479,0,0.4601,1.9333,0.0497,0.1521
473,1490.85,1492.55,1492.0,1494.25,2025-08-08 16:18:16.117000,1.15,2.25,3.4,17.647,0.5111,0.3382,0.4796,-0.3431,6.00864,0.417,0,0.0,task_1,task_1,4.89547,1.227,0,0.4528,1.9762,0.0429,0.0358
474,1494.25,1495.9,1495.65,1497.55,2025-08-08 16:18:19.538000,1.4,1.9,3.3,18.182,0.7368,0.4242,0.4482,-0.4796,5.61581,0.3202,0,0.0,task_1,task_1,5.05418,1.111,0,0.4534,1.9929,0.0286,0.0668
475,1497.55,1501.7,1503.1,1505.85,2025-08-08 16:18:22.843000,5.55,2.75,8.3,7.229,2.0182,0.6687,0.8438,-0.9215,10.57173,0.152,0,0.0,task_1,task_1,5.05418,2.092,1,0.4408,2.0024,0.1598,-0.5686
476,1505.85,1507.85,1507.65,1509.85,2025-08-08 16:18:31.125000,1.8,2.2,4.0,15.0,0.8182,0.45,0.4094,-0.4293,5.12931,0.2275,1,0.7,task_1,task_1,4.73466,1.083,0,0.4174,1.781,-0.0322,-0.222
477,1509.85,1511.2,1510.85,1512.55,2025-08-08 16:18:35.137000,1.0,1.7,2.7,22.222,0.5882,0.3704,0.3567,-0.3484,4.4686,0.3567,0,0.0,task_1,task_1,4.73466,0.944,0,0.4022,1.7524,0.0094,0.1212
478,1512.55,1516.25,1516.25,1519.95,2025-08-08 16:18:37.931000,3.7,3.7,7.4,8.108,1.0,0.5,0.5715,-0.4571,7.15948,0.1544,1,0.25,task_1_1,task_1_1,4.73466,1.512,0,0.4181,1.6476,0.0163,-0.594
479,1519.95,1521.95,1521.15,1523.95,2025-08-08 16:18:45.220000,1.2,2.8,4.0,15.0,0.4286,0.3,0.5044,-0.5173,6.31929,0.4203,1,0.45,task_1_1,task_1_1,4.89061,1.292,0,0.421,1.8262,-0.0505,-0.2104
480,1523.95,1527.45,1526.75,1530.95,2025-08-08 16:18:49.329000,2.8,4.2,7.0,8.571,0.6667,0.4,0.4034,-0.4152,5.05418,0.1441,0,0.0,task_1_1,task_1_1,4.89061,1.033,0,0.4242,1.8333,0.0171,-0.5492
481,1530.95,1533.65,1532.95,1536.35,2025-08-08 16:18:56.237000,2.0,3.4,5.4,11.111,0.5882,0.3704,0.2301,-0.2212,2.88225,0.115,0,0.0,task_1_1,task_1_1,4.89061,0.589,0,0.4251,1.9643,-0.0876,-0.4084
482,1536.35,1537.8,1536.9,1539.25,2025-08-08 16:19:01.627000,0.55,2.35,2.9,20.69,0.234,0.1897,0.3143,-0.318,3.93808,0.5715,0,0.0,task_1_1,task_1_1,5.05418,0.779,0,0.4109,2.0762,-0.1406,0.066
483,1539.25,1541.15,1539.95,1543.05,2025-08-08 16:19:04.537000,0.7,3.1,3.8,15.789,0.2258,0.1842,0.516,-0.5364,6.46436,0.7371,0,0.0,task_1_1,task_1_1,5.05418,1.279,0,0.4344,2.2333,-0.1883,-0.1244
484,1543.05,1544.675,1543.65,1546.3,2025-08-08 16:19:08.320000,0.6,2.65,3.25,18.462,0.2264,0.1846,0.4712,-0.4779,5.90313,0.7853,0,0.0,task_1_1,task_1_1,4.89061,1.207,0,0.4513,2.2429,-0.1093,0.0752
485,1546.3,1548.275,1547.75,1550.25,2025-08-08 16:19:11.621000,1.45,2.5,3.95,15.19,0.58,0.3671,0.3173,-0.3379,3.97497,0.2188,1,0.4,task_1_1,task_1_1,4.55533,0.873,0,0.4561,2.2714,-0.015,-0.087
486,1550.25,1551.45,1550.75,1552.65,2025-08-08 16:19:15.517000,0.5,1.9,2.4,25.0,0.2632,0.2083,0.3431,-0.3133,4.29821,0.6862,1,0.3,task_1_1,task_1_1,4.55533,0.944,0,0.4268,2.0357,0.0026,0.3513
487,1552.65,1554.5,1554.55,1556.35,2025-08-08 16:19:17.923000,1.9,1.8,3.7,16.216,1.0556,0.5135,0.1753,-0.1644,2.19635,0.0923,1,0.25,task_1_1,task_1_1,4.4686,0.492,0,0.4352,1.8333,0.0204,-0.0986
488,1556.35,1557.5,1556.75,1558.65,2025-08-08 16:19:21.733000,0.4,1.9,2.3,26.087,0.2105,0.1739,0.3035,-0.3277,3.80273,0.7588,1,0.6,task_1_1,task_1_1,4.55533,0.835,0,0.4269,1.7905,0.1215,0.4106
489,1558.65,1561.725,1561.15,1564.8,2025-08-08 16:19:23.928000,2.5,3.65,6.15,9.756,0.6849,0.4065,0.3904,-0.4245,4.89061,0.1561,1,1.35,task_1_1,task_1_1,4.46302,1.096,0,0.4269,1.7571,0.0769,-0.4761
490,1564.8,1568.0,1567.6,1571.2,2025-08-08 16:19:30.135000,2.8,3.6,6.4,9.375,0.7778,0.4375,0.4784,-0.3777,5.99385,0.1709,1,0.5,task_1_1,task_1_1,4.46302,1.343,0,0.426,1.7452,0.0921,-0.4997
491,1571.2,1572.425,1571.7,1573.65,2025-08-08 16:19:36.520000,0.5,1.95,2.45,24.49,0.2564,0.2041,0.2703,-0.2962,3.38646,0.5406,0,0.0,task_1_1,task_1_1,4.3415,0.78,0,0.4037,1.6333,-0.0127,0.2491
492,1573.65,1576.25,1574.5,1578.85,2025-08-08 16:19:38.956000,0.85,4.35,5.2,11.538,0.1954,0.1635,0.6002,-0.6104,7.51913,0.7061,1,0.65,task_1_1,task_1_1,4.3415,1.732,0,0.402,1.5667,0.0186,-0.4596
493,1578.85,1579.7,1579.35,1580.55,2025-08-08 16:19:44.236000,0.5,1.2,1.7,35.294,0.4167,0.2941,0.3366,-0.3527,4.21649,0.6731,1,0.3,task_1_1,task_1_1,4.38482,0.962,0,0.4064,1.5762,0.0025,0.8445
494,1580.55,1581.65,1581.45,1582.75,2025-08-08 16:19:45.821000,0.9,1.3,2.2,27.273,0.6923,0.4091,0.3465,-0.2609,4.3415,0.385,0,0.0,task_1_1,task_1_1,4.38482,0.99,0,0.4293,1.581,0.141,0.4828
495,1582.75,1584.2,1583.55,1585.65,2025-08-08 16:19:48.137000,0.8,2.1,2.9,20.69,0.381,0.2759,0.3636,-0.4871,4.55533,0.4545,0,0.0,task_1_1,task_1_1,4.3415,1.049,0,0.4231,1.7,0.129,0.1053
496,1585.65,1587.125,1586.8,1588.6,2025-08-08 16:19:50.924000,1.15,1.8,2.95,20.339,0.6389,0.3898,0.3657,-0.326,4.5814,0.318,0,0.0,task_1_1,task_1_1,4.3415,1.055,0,0.4305,1.7119,0.1284,0.1101
497,1588.6,1590.1,1590.85,1591.6,2025-08-08 16:19:53.951000,2.25,0.75,3.0,20.0,3.0,0.75,0.1463,-0.1617,1.83242,0.065,0,0.0,task_1_1,task_1_1,4.38482,0.418,0,0.4988,1.9881,0.0076,0.3118
498,1591.6,1593.3,1592.25,1595.0,2025-08-08 16:19:56.927000,0.65,2.75,3.4,17.647,0.2364,0.1912,0.4263,-0.3741,5.34089,0.6559,1,0.45,task_1_1,task_1_1,4.46302,1.197,0,0.492,2.1952,0.0158,0.1622
499,1595.0,1598.7,1598.35,1602.4,2025-08-08 16:20:00.310000,3.35,4.05,7.4,8.108,0.8272,0.4527,0.3562,-0.4148,4.46302,0.1063,1,0.25,task_1_1,task_1_1,4.46302,1.0,0,0.4717,2.1667,0.0556,-0.4212
500,1602.4,1604.525,1603.95,1606.65,2025-08-08 16:20:07.718000,1.55,2.7,4.25,14.118,0.5741,0.3647,0.3853,-0.3858,4.82725,0.2486,0,0.0,task_1_1,task_1_1,4.38482,1.101,0,0.5035,2.0857,0.0295,0.0076
501,1606.65,1608.45,1607.8,1610.25,2025-08-08 16:20:11.924000,1.15,2.45,3.6,16.667,0.4694,0.3194,0.2823,-0.351,3.53662,0.2455,1,0.35,task_1_1,task_1_1,4.3415,0.815,0,0.5111,2.1405,0.0984,0.1705
502,1610.25,1611.95,1612.65,1613.65,2025-08-08 16:20:15.519000,2.4,1.0,3.4,17.647,2.4,0.7059,0.2511,-0.2532,3.14557,0.1046,0,0.0,task_1_1,task_1_1,4.3415,0.725,0,0.5088,1.9833,0.1369,0.2163
503,1613.65,1616.7,1615.15,1619.75,2025-08-08 16:20:19.030000,1.5,4.6,6.1,9.836,0.3261,0.2459,0.35,-0.337,4.38482,0.2333,1,0.7,task_1_1,task_1_1,4.3415,1.01,0,0.5089,1.981,0.1496,-0.2075
504,1619.75,1623.3,1622.6,1626.85,2025-08-08 16:20:25.037000,2.85,4.25,7.1,8.451,0.6706,0.4014,2.0507,-1.9156,25.69133,0.7195,0,0.0,task_1_1,task_1_1,4.3415,5.918,1,0.498,1.9571,0.0653,-0.3179
505,1626.85,1628.875,1628.25,1630.9,2025-08-08 16:20:32.204000,1.4,2.65,4.05,14.815,0.5283,0.3457,0.2749,-0.338,3.44405,0.1964,0,0.0,task_1_1,task_1_1,4.11732,0.836,0,0.4801,1.9929,0.0486,-0.03
506,1630.9,1632.45,1631.85,1634.0,2025-08-08 16:20:36.226000,0.95,2.15,3.1,19.355,0.4419,0.3065,0.2641,-0.189,3.30902,0.278,1,0.35,task_1_1,task_1_1,4.11732,0.804,0,0.4801,1.9905,0.0385,0.2165
507,1634.0,1639.225,1637.35,1644.45,2025-08-08 16:20:39.308000,3.35,7.1,10.45,5.742,0.4718,0.3206,1.1543,-1.3349,14.4613,0.3446,1,1.75,task_1_1,task_1_1,4.11732,3.512,1,0.4654,2.0929,0.0028,-0.57
508,1644.45,1646.85,1645.45,1649.25,2025-08-08 16:20:49.728000,1.0,3.8,4.8,12.5,0.2632,0.2083,0.4083,-0.2612,5.11541,0.4083,1,0.3,task_1_2,task_1_2,4.11732,1.242,0,0.4717,2.2119,-0.0307,-0.1828
509,1649.25,1651.25,1649.55,1653.25,2025-08-08 16:20:54.548000,0.3,3.7,4.0,15.0,0.0811,0.075,0.1776,-0.1806,2.22518,0.592,1,0.4,task_1_2,task_1_2,4.11732,0.54,0,0.4618,2.3286,-0.0178,-0.0789
510,1653.25,1654.175,1654.35,1655.1,2025-08-08 16:20:58.631000,1.1,0.75,1.85,32.432,1.4667,0.5946,0.2355,-0.1563,2.95065,0.2141,0,0.0,task_1_2,task_1_2,3.94328,0.748,0,0.4757,2.2952,-0.0487,0.9124
511,1655.1,1656.725,1655.65,1658.35,2025-08-08 16:21:00.372000,0.55,2.7,3.25,18.462,0.2037,0.1692,0.3286,-0.3483,4.11732,0.5975,1,1.1,task_1_2,task_1_2,3.67581,1.12,0,0.4853,2.1929,-0.0184,0.1848
512,1658.35,1659.65,1658.85,1660.95,2025-08-08 16:21:03.704000,0.5,2.1,2.6,23.077,0.2381,0.1923,0.1969,-0.2274,2.46701,0.3938,0,0.0,task_1_2,task_1_2,3.67581,0.671,0,0.5258,2.2571,0.0158,0.5659
513,1660.95,1663.6,1661.5,1666.25,2025-08-08 16:21:06.221000,0.55,4.75,5.3,11.321,0.1158,0.1038,0.4376,-0.5511,5.48269,0.7957,0,0.0,task_1_2,task_1_2,3.67581,1.492,0,0.5462,2.2881,0.0996,-0.0067
514,1666.25,1667.4,1667.4,1668.55,2025-08-08 16:21:11.538000,1.15,1.15,2.3,26.087,1.0,0.5,0.0844,-0.0957,1.0573,0.0734,1,0.4,task_1_2,task_1_2,3.67581,0.288,0,0.576,2.1738,0.0646,0.8912
515,1668.55,1670.325,1669.1,1672.1,2025-08-08 16:21:13.838000,0.55,3.0,3.55,16.901,0.1833,0.1549,0.2879,-0.3097,3.60671,0.5234,1,0.9,task_1_2,task_1_2,3.60671,1.0,0,0.5812,2.1476,0.0794,0.4091
516,1672.1,1673.55,1672.8,1675.0,2025-08-08 16:21:17.413000,0.7,2.2,2.9,20.69,0.3182,0.2414,0.3604,-0.3666,4.5151,0.5148,0,0.0,task_1_2,task_1_2,3.60671,1.252,0,0.612,2.0262,0.1099,0.7141
517,1675.0,1677.55,1677.35,1680.1,2025-08-08 16:21:20.324000,2.35,2.75,5.1,11.765,0.8545,0.4608,0.4494,-0.3728,5.63073,0.1913,1,0.25,task_1_2,task_1_2,3.60671,1.561,0,0.6319,1.9905,0.261,0.2936
518,1680.1,1681.375,1681.1,1682.65,2025-08-08 16:21:25.427000,1.0,1.55,2.55,23.529,0.6452,0.3922,0.1512,-0.1469,1.89381,0.1512,0,0.0,task_1_2,task_1_2,3.60671,0.525,0,0.443,1.7643,-0.0473,0.3236
519,1682.65,1685.35,1683.15,1688.05,2025-08-08 16:21:27.945000,0.5,4.9,5.4,11.111,0.102,0.0926,0.3862,-0.4295,4.83822,0.7724,0,0.0,task_1_2,task_1_2,3.23813,1.494,0,0.4636,1.6429,-0.1806,-0.2843
520,1688.05,1689.1,1688.6,1690.15,2025-08-08 16:21:33.400000,0.55,1.55,2.1,28.571,0.3548,0.2619,0.3147,-0.1811,3.94328,0.5723,0,0.0,task_1_2,task_1_2,3.60671,1.093,0,0.4615,1.6952,-0.1637,0.657
521,1690.15,1691.7,1692.15,1693.25,2025-08-08 16:21:35.502000,2.0,1.1,3.1,19.355,1.8182,0.6452,0.2934,-0.208,3.67581,0.1467,0,0.0,task_1_2,task_1_2,3.60671,1.019,0,0.4462,1.6024,-0.1526,0.1073
522,1693.25,1693.8,1693.5,1694.35,2025-08-08 16:21:38.531000,0.25,0.85,1.1,54.545,0.2941,0.2273,0.1171,-0.1892,1.46719,0.4684,0,0.0,task_1_2,task_1_2,3.60671,0.407,0,0.4486,1.5452,-0.1502,2.0259
523,1694.35,1695.325,1694.9,1696.3,2025-08-08 16:21:39.641000,0.55,1.4,1.95,30.769,0.3929,0.2821,0.2555,-0.2149,3.20099,0.4645,1,0.3,task_1_2,task_1_2,3.67581,0.871,0,0.4444,1.5333,-0.1458,0.7213
524,1696.3,1697.125,1697.3,1697.95,2025-08-08 16:21:41.589000,1.0,0.65,1.65,36.364,1.5385,0.6061,0.356,-0.2176,4.45976,0.356,0,0.0,task_1_2,task_1_2,3.67581,1.213,0,0.4167,1.419,-0.1049,0.9358
525,1697.95,1699.0,1698.35,1700.05,2025-08-08 16:21:43.336000,0.4,1.7,2.1,28.571,0.2353,0.1905,0.1851,-0.4413,2.31932,0.4628,1,0.3,task_1_2,task_1_2,3.67581,0.631,0,0.416,1.331,-0.1028,0.5104
526,1700.05,1700.85,1700.95,1701.65,2025-08-08 16:21:45.428000,0.9,0.7,1.6,37.5,1.2857,0.5625,0.2585,-0.1815,3.23813,0.2872,0,0.0,task_1_2,task_1_2,3.67581,0.881,0,0.4368,1.3095,-0.0873,1.0623
527,1701.65,1702.55,1702.75,1703.45,2025-08-08 16:21:46.934000,1.1,0.7,1.8,33.333,1.5714,0.6111,0.0972,-0.1395,1.21756,0.0883,1,0.6,task_1_2,task_1_2,3.52719,0.345,0,0.4668,1.2952,-0.0464,0.9327
528,1703.45,1705.65,1706.45,1707.85,2025-08-08 16:21:48.733000,3.0,1.4,4.4,13.636,2.1429,0.6818,0.3068,-0.3457,3.84338,0.1023,0,0.0,task_1_2,task_1_2,3.23813,1.187,0,0.4508,1.2048,-0.0021,-0.1884
529,1707.85,1708.5,1708.35,1709.15,2025-08-08 16:21:53.235000,0.5,0.8,1.3,46.154,0.625,0.3846,0.0976,-0.1065,1.22256,0.1952,0,0.0,task_1_2,task_1_2,3.23813,0.378,0,0.4557,1.1119,-0.0029,1.5931
530,1709.15,1710.75,1709.8,1712.35,2025-08-08 16:21:54.428000,0.65,2.55,3.2,18.75,0.2549,0.2031,0.3257,-0.3704,4.08076,0.5011,0,0.0,task_1_2,task_1_2,3.20099,1.275,0,0.3811,0.9905,0.0312,-0.1354
531,1712.35,1713.85,1712.95,1715.35,2025-08-08 16:21:57.732000,0.6,2.4,3.0,20.0,0.25,0.2,0.2815,-0.2629,3.52719,0.4692,0,0.0,task_1_2,task_1_2,3.20099,1.102,0,0.3779,0.8429,0.0445,-0.0778
532,1715.35,1716.75,1715.9,1718.15,2025-08-08 16:22:00.729000,0.55,2.25,2.8,21.429,0.2444,0.1964,0.3563,-0.3559,4.46351,0.6478,0,0.0,task_1_2,task_1_2,2.98102,1.497,0,0.3941,0.8571,0.1456,0.052
533,1718.15,1719.75,1718.8,1721.35,2025-08-08 16:22:03.428000,0.65,2.55,3.2,18.75,0.2549,0.2031,0.3377,-0.3183,4.23139,0.5196,0,0.0,task_1_2,task_1_2,3.20099,1.322,0,0.3665,0.7952,0.1777,-0.1824
534,1721.35,1723.1,1722.0,1724.85,2025-08-08 16:22:06.698000,0.65,2.85,3.5,17.143,0.2281,0.1857,0.3823,-0.3846,4.78898,0.5881,1,0.5,task_1_2,task_1_2,3.07648,1.557,0,0.3588,0.7738,0.1678,-0.2945
535,1724.85,1726.025,1725.55,1727.2,2025-08-08 16:22:10.127000,0.7,1.65,2.35,25.532,0.4242,0.2979,0.2379,-0.2114,2.98102,0.3399,1,0.5,task_1_2,task_1_2,3.07648,0.969,0,0.3516,0.8024,0.1623,0.1378
536,1727.2,1727.975,1728.0,1728.75,2025-08-08 16:22:12.525000,0.8,0.75,1.55,38.71,1.0667,0.5161,0.1356,-0.1403,1.69902,0.1695,0,0.0,task_1_2,task_1_2,3.23813,0.525,0,0.5076,0.9762,0.3022,1.3562
537,1728.75,1729.35,1729.1,1729.95,2025-08-08 16:22:14.021000,0.35,0.85,1.2,50.0,0.4118,0.2917,0.1286,-0.0941,1.61141,0.3675,0,0.0,task_1_2,task_1_2,3.52719,0.457,0,0.5153,1.0333,0.4949,1.994
538,1729.95,1730.7,1730.55,1731.45,2025-08-08 16:22:15.220000,0.6,0.9,1.5,40.0,0.6667,0.4,0.1268,-0.1968,1.58846,0.2113,1,0.75,task_1_2,task_1_2,3.84338,0.413,0,0.4993,1.181,0.4749,1.3995
539,1731.45,1732.5,1731.85,1733.55,2025-08-08 16:22:16.726000,0.4,1.7,2.1,28.571,0.2353,0.1905,0.1345,-0.1058,1.68479,0.3362,1,0.35,task_1_2,task_1_2,3.91972,0.43,0,0.5157,1.2,0.5007,0.8317
540,1733.55,1734.75,1733.95,1735.95,2025-08-08 16:22:18.827000,0.4,2.0,2.4,25.0,0.2,0.1667,0.2001,-0.1927,2.50652,0.5002,1,0.45,subject_idle,subject_idle,4.08076,0.614,0,0.4866,1.1905,0.4605,0.544
541,1735.95,1737.25,1736.85,1738.55,2025-08-08 16:22:21.220000,0.9,1.7,2.6,23.077,0.5294,0.3462,0.3283,-0.3953,4.11287,0.3648,0,0.0,prs_1,prs_1,4.11287,1.0,0,0.4843,1.1333,0.457,0.4322
542,1738.55,1740.5,1740.2,1742.45,2025-08-08 16:22:23.828000,1.65,2.25,3.9,15.385,0.7333,0.4231,0.1664,-0.201,2.0841,0.1008,0,0.0,prs_1,prs_1,4.23139,0.493,0,0.489,1.1714,0.4488,0.0297
543,1742.45,1744.05,1743.45,1745.65,2025-08-08 16:22:27.731000,1.0,2.2,3.2,18.75,0.4545,0.3125,0.3701,-0.2853,4.63691,0.3701,1,0.8,prs_1,prs_1,4.23139,1.096,0,0.5417,1.4214,0.3204,0.3822
544,1745.65,1747.05,1746.55,1748.45,2025-08-08 16:22:31.038000,0.9,1.9,2.8,21.429,0.4737,0.3214,0.2456,-0.2602,3.07648,0.2728,1,0.45,prs_1,prs_1,4.48111,0.687,0,0.5369,1.6024,0.2885,0.5122
545,1748.45,1750.3,1750.65,1752.15,2025-08-08 16:22:33.737000,2.2,1.5,3.7,16.216,1.4667,0.5946,0.3577,-0.3346,4.48111,0.1626,0,0.0,prs_1,prs_1,4.48111,1.0,0,0.533,1.619,0.2932,0.2166
546,1752.15,1756.05,1754.25,1759.95,2025-08-08 16:22:37.428000,2.1,5.7,7.8,7.692,0.3684,0.2692,0.9217,-0.9674,11.54748,0.4389,2,3.15,prs_1,prs_1,4.48111,2.577,1,0.5515,1.7119,0.2288,-0.1866
547,1759.95,1763.0,1763.75,1766.05,2025-08-08 16:22:45.229000,3.8,2.3,6.1,9.836,1.6522,0.623,0.4003,-0.3716,5.01468,0.1053,0,0.0,prs_1,prs_1,4.63691,1.081,0,0.5348,1.7238,0.2005,-0.124
548,1766.05,1767.45,1767.15,1768.85,2025-08-08 16:22:51.434000,1.1,1.7,2.8,21.429,0.6471,0.3929,0.3129,-0.3114,3.91972,0.2844,0,0.0,prs_1,prs_1,4.63691,0.845,0,0.4983,1.869,0.0865,0.3878
549,1768.85,1771.75,1772.25,1774.65,2025-08-08 16:22:54.134000,3.4,2.4,5.8,10.345,1.4167,0.5862,0.3988,-0.3896,4.99594,0.1173,0,0.0,prs_1,prs_1,4.74173,1.054,0,0.4703,1.981,-0.0002,-0.3043
550,1774.65,1776.1,1775.75,1777.55,2025-08-08 16:22:59.926000,1.1,1.8,2.9,20.69,0.6111,0.3793,0.3949,-0.3987,4.94718,0.359,0,0.0,prs_1,prs_1,4.74173,1.043,0,0.4605,1.9762,-0.0313,0.2259
551,1777.55,1779.35,1779.25,1781.15,2025-08-08 16:23:02.831000,1.7,1.9,3.6,16.667,0.8947,0.4722,0.3794,-0.3845,4.75386,0.2232,1,0.5,prs_1,prs_1,4.75386,1.0,0,0.4459,2.0048,-0.0597,-0.0396
552,1781.15,1782.45,1782.45,1783.75,2025-08-08 16:23:06.433000,1.3,1.3,2.6,23.077,1.0,0.5,0.3816,-0.3179,4.78021,0.2935,0,0.0,prs_1,prs_1,4.78021,1.0,0,0.4371,2.0095,-0.0583,0.2801
553,1783.75,1787.775,1788.15,1791.8,2025-08-08 16:23:09.040000,4.4,3.65,8.05,7.453,1.2055,0.5466,0.9021,-0.9827,11.30232,0.205,1,0.4,prs_1,prs_1,4.78021,2.364,1,0.4681,2.0262,-0.031,-0.4684
554,1791.8,1793.725,1793.4,1795.65,2025-08-08 16:23:17.144000,1.6,2.25,3.85,15.584,0.7111,0.4156,0.4588,-0.3933,5.74847,0.2868,0,0.0,prs_1_PRS-SHORT-5-DemandAttention,prs_1,4.78021,1.203,0,0.4649,2.2024,-0.1133,-0.0372
555,1795.65,1797.9,1798.3,1800.15,2025-08-08 16:23:20.918000,2.65,1.85,4.5,13.333,1.4324,0.5889,0.491,-0.3143,6.15102,0.1853,0,0.0,prs_1_PRS-SHORT-5-DemandAttention,prs_1,4.78021,1.287,0,0.4678,2.3476,-0.1587,-0.1501
556,1800.15,1800.85,1800.4,1801.55,2025-08-08 16:23:25.452000,0.25,1.15,1.4,42.857,0.2174,0.1786,0.1859,-0.4306,2.32941,0.7437,0,0.0,prs_1_PRS-SHORT-5-DemandAttention,prs_1,4.78021,0.487,0,0.4802,2.3048,-0.1212,1.493
557,1801.55,1802.775,1802.9,1804.0,2025-08-08 16:23:26.829000,1.35,1.1,2.45,24.49,1.2273,0.551,0.3993,-0.213,5.00195,0.2957,0,0.0,prs_1_PRS-SHORT-5-DemandAttention,prs_1,4.75386,1.052,0,0.4854,2.1714,-0.247,0.5125
558,1804.0,1806.925,1805.25,1809.85,2025-08-08 16:23:29.327000,1.25,4.6,5.85,10.256,0.2717,0.2137,0.3433,-0.5265,4.30067,0.2746,1,0.95,prs_1_PRS-SHORT-5-DemandAttention,prs_1,4.74173,0.907,0,0.4742,2.2286,-0.241,-0.2966
559,1809.85,1811.45,1810.55,1813.05,2025-08-08 16:23:35.233000,0.7,2.5,3.2,18.75,0.28,0.2188,0.3785,-0.3916,4.74173,0.5407,1,0.45,prs_1_PRS-SHORT-5-DemandAttention,prs_1,4.74173,1.0,0,0.4799,2.1571,-0.2309,0.183
560,1813.05,1814.4,1814.55,1815.75,2025-08-08 16:23:38.327000,1.5,1.2,2.7,22.222,1.25,0.5556,0.29,-0.2953,3.63325,0.1933,0,0.0,prs_1_PRS-SHORT-5-DemandAttention,prs_1,4.4915,0.809,0,0.4762,2.0429,-0.2067,0.3597
561,1815.75,1817.55,1816.95,1819.35,2025-08-08 16:23:41.023000,1.2,2.4,3.6,16.667,0.5,0.3333,0.4408,-0.4497,5.52216,0.3673,0,0.0,prs_1_PRS-SHORT-2-InterestingThings,prs_1,4.43262,1.246,0,0.494,1.9619,-0.187,0.1154
562,1819.35,1821.0,1820.7,1822.65,2025-08-08 16:23:44.621000,1.35,1.95,3.3,18.182,0.6923,0.4091,0.4332,-0.3661,5.42682,0.3209,0,0.0,prs_1_PRS-SHORT-2-InterestingThings,prs_1,4.30067,1.262,0,0.4995,1.981,-0.167,0.2154
563,1822.65,1823.475,1823.85,1824.3,2025-08-08 16:23:47.921000,1.2,0.45,1.65,36.364,2.6667,0.7273,0.1214,-0.0903,1.5211,0.1012,1,0.4,prs_1_PRS-SHORT-2-InterestingThings,prs_1,4.30067,0.354,0,0.4976,1.9405,-0.1266,1.1965
564,1824.3,1827.325,1826.4,1830.35,2025-08-08 16:23:49.639000,2.1,3.95,6.05,9.917,0.5316,0.3471,0.3585,-0.3815,4.4915,0.1707,1,0.7,prs_1_PRS-SHORT-2-InterestingThings,prs_1,4.20009,1.069,0,0.4461,1.7619,-0.2461,-0.4055
565,1830.35,1831.65,1831.15,1832.95,2025-08-08 16:23:55.637000,0.8,1.8,2.6,23.077,0.4444,0.3077,0.3352,-0.3707,4.20009,0.4191,0,0.0,prs_1_PRS-SHORT-2-InterestingThings,prs_1,3.69818,1.136,0,0.45,1.6405,-0.268,0.3216
566,1832.95,1834.25,1833.45,1835.55,2025-08-08 16:23:58.339000,0.5,2.1,2.6,23.077,0.2381,0.1923,0.2234,-0.1116,2.79938,0.4469,0,0.0,prs_1_PRS-SHORT-2-InterestingThings,prs_1,3.63325,0.77,0,0.4668,1.6643,-0.1989,0.3758
567,1835.55,1836.2,1835.95,1836.85,2025-08-08 16:24:00.820000,0.4,0.9,1.3,46.154,0.4444,0.3077,0.166,-0.2517,2.07944,0.4149,0,0.0,prs_1_PRS-SHORT-2-InterestingThings,prs_1,3.63325,0.572,0,0.4629,1.5167,-0.1614,1.6163
568,1836.85,1838.95,1838.75,1841.05,2025-08-08 16:24:02.146000,1.9,2.3,4.2,14.286,0.8261,0.4524,0.2952,-0.2881,3.69818,0.1554,0,0.0,prs_1_PRS-SHORT-4-RefugeNuisances,prs_1,3.63325,1.018,0,0.4685,1.6238,-0.2165,-0.0961
569,1841.05,1842.25,1841.55,1843.45,2025-08-08 16:24:06.428000,0.5,1.9,2.4,25.0,0.2632,0.2083,0.2817,-0.3122,3.5291,0.5634,0,0.0,prs_1_PRS-SHORT-4-RefugeNuisances,prs_1,3.63325,0.971,0,0.429,1.531,-0.2339,0.3584
570,1843.45,1844.95,1843.9,1846.45,2025-08-08 16:24:08.718000,0.45,2.55,3.0,20.0,0.1765,0.15,0.3538,-0.3197,4.43262,0.7862,0,0.0,prs_1_PRS-SHORT-4-RefugeNuisances,prs_1,3.5291,1.256,0,0.4292,1.419,-0.2252,0.0875
571,1846.45,1847.35,1847.35,1848.25,2025-08-08 16:24:11.800000,0.9,0.9,1.8,33.333,1.0,0.5,0.1104,-0.1111,1.38315,0.1227,0,0.0,prs_1_PRS-SHORT-4-RefugeNuisances,prs_1,3.5291,0.392,0,0.4764,1.5452,-0.1609,0.9636
572,1848.25,1849.7,1848.65,1851.15,2025-08-08 16:24:13.519000,0.4,2.5,2.9,20.69,0.16,0.1379,0.2784,-0.3181,3.48737,0.6959,0,0.0,prs_1_PRS-SHORT-4-RefugeNuisances,prs_1,3.48737,1.0,0,0.4991,1.7214,-0.2461,0.3503
573,1851.15,1852.525,1851.75,1853.9,2025-08-08 16:24:16.421000,0.6,2.15,2.75,21.818,0.2791,0.2182,0.4318,-0.4304,5.40991,0.7197,0,0.0,prs_1_PRS-SHORT-4-RefugeNuisances,prs_1,3.47657,1.556,0,0.509,1.7357,-0.2138,0.4434
574,1853.9,1854.425,1854.25,1854.95,2025-08-08 16:24:19.211000,0.35,0.7,1.05,57.143,0.5,0.3333,0.1392,-0.1289,1.74401,0.3977,0,0.0,prs_1_PRS-SHORT-4-RefugeNuisances,prs_1,3.48737,0.5,0,0.4913,1.7643,-0.1606,2.3045
575,1854.95,1856.3,1855.9,1857.65,2025-08-08 16:24:20.329000,0.95,1.75,2.7,22.222,0.5429,0.3519,0.2705,-0.2661,3.38848,0.2847,0,0.0,prs_1_PRS-SHORT-4-RefugeNuisances,prs_1,3.47657,0.975,0,0.4559,1.6452,-0.1676,0.2942
576,1857.65,1858.425,1858.15,1859.2,2025-08-08 16:24:22.940000,0.5,1.05,1.55,38.71,0.4762,0.3226,0.1283,-0.175,1.60798,0.2567,0,0.0,prs_1_PRS-SHORT-4-RefugeNuisances,prs_1,3.38848,0.475,0,0.454,1.4905,-0.1691,1.1834
577,1859.2,1859.975,1859.95,1860.75,2025-08-08 16:24:24.524000,0.75,0.8,1.55,38.71,0.9375,0.4839,0.2046,-0.1862,2.56334,0.2728,0,0.0,prs_1_PRS-SHORT-4-RefugeNuisances,prs_1,3.38848,0.756,0,0.4502,1.5071,-0.1873,1.1712
578,1860.75,1863.175,1862.0,1865.6,2025-08-08 16:24:26.030000,1.25,3.6,4.85,12.371,0.3472,0.2577,0.4002,-0.3642,5.01324,0.3201,0,0.0,prs_1_PRS-SHORT-9-ProperPlace,prs_1,3.47657,1.442,0,0.4639,1.5929,-0.0886,-0.2149
579,1865.6,1867.3,1866.05,1869.0,2025-08-08 16:24:30.948000,0.45,2.95,3.4,17.647,0.1525,0.1324,0.3121,-0.283,3.91047,0.6936,0,0.0,prs_1_PRS-SHORT-9-ProperPlace,prs_1,3.47657,1.125,0,0.4632,1.5952,-0.0367,0.0693
580,1869.0,1870.55,1870.75,1872.1,2025-08-08 16:24:34.338000,1.75,1.35,3.1,19.355,1.2963,0.5645,0.2775,-0.1747,3.47657,0.1586,0,0.0,prs_1_PRS-SHORT-9-ProperPlace,prs_1,3.47657,1.0,0,0.4593,1.5381,-0.0402,0.1495
581,1872.1,1875.225,1876.25,1878.35,2025-08-08 16:24:37.424000,4.15,2.1,6.25,9.6,1.9762,0.664,0.3363,-0.446,4.21377,0.081,0,0.0,prs_1_PRS-SHORT-9-ProperPlace,prs_1,3.47657,1.212,0,0.4633,1.5143,-0.0385,-0.3673
582,1878.35,1879.175,1879.05,1880.0,2025-08-08 16:24:43.639000,0.7,0.95,1.65,36.364,0.7368,0.4242,0.2337,-0.2999,2.92837,0.3339,1,0.8,prs_1_PRS-SHORT-9-ProperPlace,prs_1,3.47657,0.842,0,0.4703,1.5095,-0.0242,1.1086
583,1880.0,1881.125,1880.95,1882.25,2025-08-08 16:24:45.319000,0.95,1.3,2.25,26.667,0.7308,0.4222,0.2294,-0.2443,2.8737,0.2414,1,0.35,prs_1_PRS-SHORT-9-ProperPlace,prs_1,3.46752,0.829,0,0.4688,1.5333,-0.0272,0.5772
584,1882.25,1884.5,1883.55,1886.75,2025-08-08 16:24:47.627000,1.3,3.2,4.5,13.333,0.4062,0.2889,0.3134,-0.2941,3.92697,0.2411,0,0.0,prs_1_PRS-SHORT-3-HardToBeBored,prs_1,3.38848,1.159,0,0.4989,1.6167,-0.0447,-0.0499
585,1886.75,1888.05,1887.6,1889.35,2025-08-08 16:24:52.128000,0.85,1.75,2.6,23.077,0.4857,0.3269,0.2617,-0.1547,3.2786,0.3079,0,0.0,prs_1_PRS-SHORT-3-HardToBeBored,prs_1,3.38848,0.968,0,0.4796,1.5643,-0.0043,0.417
586,1889.35,1890.75,1890.65,1892.15,2025-08-08 16:24:54.617000,1.3,1.5,2.8,21.429,0.8667,0.4643,0.1186,-0.2471,1.48579,0.0912,0,0.0,prs_1_PRS-SHORT-3-HardToBeBored,prs_1,3.2786,0.453,0,0.4744,1.5667,-0.0303,0.3108
587,1892.15,1893.725,1893.1,1895.3,2025-08-08 16:24:57.439000,0.95,2.2,3.15,19.048,0.4318,0.3016,0.2558,-0.231,3.20439,0.2692,1,0.4,prs_1_PRS-SHORT-3-HardToBeBored,prs_1,3.37666,0.949,0,0.455,1.5548,-0.1009,0.119
588,1895.3,1898.425,1898.65,1901.55,2025-08-08 16:25:00.642000,3.35,2.9,6.25,9.6,1.1552,0.536,0.4416,-0.4715,5.53314,0.1318,1,0.3,prs_1_PRS-SHORT-3-HardToBeBored,prs_1,3.37666,1.639,0,0.4287,1.6262,-0.0455,-0.4788
589,1901.55,1903.2,1903.0,1904.85,2025-08-08 16:25:06.822000,1.45,1.85,3.3,18.182,0.7838,0.4394,0.3051,-0.3127,3.82302,0.2104,1,0.45,prs_1_PRS-SHORT-3-HardToBeBored,prs_1,3.37666,1.132,0,0.4238,1.5214,-0.0642,-0.0286
590,1904.85,1906.2,1906.15,1907.55,2025-08-08 16:25:10.125000,1.3,1.4,2.7,22.222,0.9286,0.4815,0.3551,-0.3652,4.4486,0.2731,0,0.0,prs_1_PRS-SHORT-3-HardToBeBored,prs_1,3.2786,1.357,0,0.4235,1.481,-0.0655,0.1898
591,1907.55,1908.85,1908.55,1910.15,2025-08-08 16:25:12.827000,1.0,1.6,2.6,23.077,0.625,0.3846,0.3491,-0.2259,4.37358,0.3491,0,0.0,prs_1_PRS-SHORT-11-Boundaries,prs_1,3.20439,1.365,0,0.4271,1.5095,-0.0821,0.2478
592,1910.15,1910.9,1910.45,1911.65,2025-08-08 16:25:15.438000,0.3,1.2,1.5,40.0,0.25,0.2,0.0827,-0.1492,1.03618,0.2757,1,0.25,prs_1_PRS-SHORT-11-Boundaries,prs_1,3.20439,0.323,0,0.3762,1.3881,0.0746,1.0027
593,1911.65,1913.2,1912.45,1914.75,2025-08-08 16:25:16.932000,0.8,2.3,3.1,19.355,0.3478,0.2581,0.2768,-0.2578,3.46752,0.346,0,0.0,prs_1_PRS-SHORT-11-Boundaries,prs_1,3.2786,1.058,0,0.3684,1.2452,0.0503,-0.1435
594,1914.75,1915.35,1915.05,1915.95,2025-08-08 16:25:20.020000,0.3,0.9,1.2,50.0,0.3333,0.25,0.09,-0.0795,1.12771,0.3,0,0.0,prs_1_PRS-SHORT-11-Boundaries,prs_1,3.37666,0.334,0,0.3589,1.3071,0.0878,1.49
595,1915.95,1916.85,1916.35,1917.75,2025-08-08 16:25:21.224000,0.4,1.4,1.8,33.333,0.2857,0.2222,0.1667,-0.1547,2.08788,0.4166,0,0.0,prs_1_PRS-SHORT-11-Boundaries,prs_1,3.2786,0.637,0,0.3672,1.2476,0.1217,0.6117
596,1917.75,1919.5,1918.25,1921.25,2025-08-08 16:25:23.025000,0.5,3.0,3.5,17.143,0.1667,0.1429,0.2336,-0.2229,2.92705,0.4673,0,0.0,prs_1_PRS-SHORT-11-Boundaries,prs_1,3.37666,0.867,0,0.366,1.1905,0.1297,-0.2713
597,1921.25,1922.55,1921.75,1923.85,2025-08-08 16:25:26.629000,0.5,2.1,2.6,23.077,0.2381,0.1923,0.2695,-0.2656,3.37666,0.539,0,0.0,prs_1_PRS-SHORT-11-Boundaries,prs_1,3.46752,0.974,0,0.3893,1.3143,0.0864,0.126
598,1923.85,1925.9,1926.35,1927.95,2025-08-08 16:25:29.120000,2.5,1.6,4.1,14.634,1.5625,0.6098,0.0979,-0.2185,1.22708,0.0392,1,0.7,prs_1_PRS-SHORT-11-Boundaries,prs_1,3.82302,0.321,0,0.3878,1.3857,0.141,-0.3373
599,1927.95,1929.45,1928.85,1930.95,2025-08-08 16:25:33.226000,0.9,2.1,3.0,20.0,0.4286,0.3,0.3242,-0.2601,4.06229,0.3603,0,0.0,prs_1_PRS-SHORT-11-Boundaries,prs_1,3.46752,1.172,0,0.4439,1.4333,0.1893,0.1349
600,1930.95,1932.75,1932.05,1934.55,2025-08-08 16:25:36.220000,1.1,2.5,3.6,16.667,0.44,0.3056,0.1713,-0.1583,2.14606,0.1557,0,0.0,prs_1_PRS-SHORT-7-ClearOrder,prs_1,3.46752,0.619,0,0.4512,1.4095,0.3383,-0.0226
601,1934.55,1935.9,1935.25,1937.25,2025-08-08 16:25:39.820000,0.7,2.0,2.7,22.222,0.35,0.2593,0.2542,-0.2202,3.18418,0.3631,1,0.7,prs_1_PRS-SHORT-7-ClearOrder,prs_1,3.46752,0.918,0,0.4867,1.481,0.42,0.3935
602,1937.25,1938.9,1938.15,1940.55,2025-08-08 16:25:42.522000,0.9,2.4,3.3,18.182,0.375,0.2727,0.3208,-0.2915,4.01873,0.3564,1,0.4,prs_1_PRS-SHORT-7-ClearOrder,prs_1,3.37666,1.19,0,0.4816,1.6857,0.3007,0.1577
603,1940.55,1943.0,1942.15,1945.45,2025-08-08 16:25:45.828000,1.6,3.3,4.9,12.245,0.4848,0.3265,0.3546,-0.3923,4.44208,0.2216,1,0.25,prs_1_PRS-SHORT-7-ClearOrder,prs_1,3.37666,1.316,0,0.4594,1.6476,0.299,-0.2362
604,1945.45,1946.95,1946.2,1948.45,2025-08-08 16:25:50.720000,0.75,2.25,3.0,20.0,0.3333,0.25,0.316,-0.3678,3.95869,0.4213,1,0.55,prs_1_PRS-SHORT-7-ClearOrder,prs_1,3.37619,1.173,0,0.4687,1.5857,0.3068,0.2148
605,1948.45,1949.45,1948.9,1950.45,2025-08-08 16:25:53.838000,0.45,1.55,2.0,30.0,0.2903,0.225,0.1906,-0.1844,2.3881,0.4236,0,0.0,prs_1_PRS-SHORT-7-ClearOrder,prs_1,3.37619,0.707,0,0.4468,1.5048,0.2681,0.6872
606,1950.45,1951.8,1951.45,1953.15,2025-08-08 16:25:55.723000,1.0,1.7,2.7,22.222,0.5882,0.3704,0.3216,-0.339,4.02892,0.3216,0,0.0,prs_1_PRS-SHORT-7-ClearOrder,prs_1,3.37619,1.193,0,0.42,1.6095,0.22,0.1785
607,1953.15,1955.9,1955.55,1958.65,2025-08-08 16:25:58.425000,2.4,3.1,5.5,10.909,0.7742,0.4364,0.6159,-0.5272,7.71607,0.2566,0,0.0,prs_1_PRS-SHORT-6-GetAway,prs_1,3.37666,2.285,1,0.4288,1.6381,0.1837,-0.4074
608,1958.65,1960.475,1959.2,1962.3,2025-08-08 16:26:04.035000,0.55,3.1,3.65,16.438,0.1774,0.1507,0.3081,-0.2745,3.8598,0.5602,1,0.45,prs_1_PRS-SHORT-6-GetAway,prs_1,3.8598,1.0,0,0.415,1.6976,0.1663,-0.1517
609,1962.3,1966.175,1965.45,1970.05,2025-08-08 16:26:07.638000,3.15,4.6,7.75,7.742,0.6848,0.4065,0.2695,-0.4415,3.37619,0.0856,1,0.4,prs_1_PRS-SHORT-6-GetAway,prs_1,3.95869,0.853,0,0.4513,1.7881,0.1179,-0.5069
610,1970.05,1972.7,1971.3,1975.35,2025-08-08 16:26:15.433000,1.25,4.05,5.3,11.321,0.3086,0.2358,0.4263,-0.3973,5.34123,0.3411,1,0.65,prs_1_PRS-SHORT-6-GetAway,prs_1,3.8598,1.384,0,0.4513,1.8095,0.1421,-0.3125
611,1975.35,1979.05,1978.15,1982.75,2025-08-08 16:26:20.620000,2.8,4.6,7.4,8.108,0.6087,0.3784,0.8027,-0.7997,10.05654,0.2867,0,0.0,prs_1_PRS-SHORT-8-Organized,prs_1,3.8598,2.605,1,0.4483,1.8667,0.1248,-0.4967
612,1982.75,1984.25,1984.6,1985.75,2025-08-08 16:26:28.039000,1.85,1.15,3.0,20.0,1.6087,0.6167,0.1784,-0.1201,2.23477,0.0964,0,0.0,prs_1_PRS-SHORT-8-Organized,prs_1,3.95869,0.565,0,0.4548,1.9333,0.1528,0.17
613,1985.75,1987.1,1986.25,1988.45,2025-08-08 16:26:31.040000,0.5,2.2,2.7,22.222,0.2273,0.1852,0.253,-0.2447,3.16929,0.5059,0,0.0,prs_1_PRS-SHORT-8-Organized,prs_1,3.8598,0.821,0,0.4615,2.1119,0.0909,0.3123
614,1988.45,1989.65,1990.05,1990.85,2025-08-08 16:26:33.733000,1.6,0.8,2.4,25.0,2.0,0.6667,0.1231,-0.0789,1.54225,0.0769,1,0.7,prs_1_PRS-SHORT-8-Organized,prs_1,3.62101,0.426,0,0.5086,2.1167,0.1481,0.6149
615,1990.85,1991.95,1991.25,1993.05,2025-08-08 16:26:36.220000,0.4,1.8,2.2,27.273,0.2222,0.1818,0.185,-0.2001,2.31762,0.4625,0,0.0,prs_1_PRS-SHORT-8-Organized,prs_1,3.37619,0.686,0,0.5111,2.1095,0.1617,0.7464
616,1993.05,1995.55,1993.35,1998.05,2025-08-08 16:26:38.321000,0.3,4.7,5.0,12.0,0.0638,0.06,0.2123,-0.3173,2.65927,0.7075,0,0.0,prs_1_PRS-SHORT-8-Organized,prs_1,3.37619,0.788,0,0.512,2.1024,0.1599,-0.08
617,1998.05,1999.4,1998.95,2000.75,2025-08-08 16:26:43.334000,0.9,1.8,2.7,22.222,0.5,0.3333,0.3674,-0.386,4.60246,0.4082,0,0.0,prs_1_PRS-SHORT-8-Organized,prs_1,3.37619,1.363,0,0.5262,2.0738,0.2333,0.5208
618,2000.75,2003.175,2002.65,2005.6,2025-08-08 16:26:46.036000,1.9,2.95,4.85,12.371,0.6441,0.3918,0.363,-0.3482,4.54797,0.1911,1,0.55,prs_1_PRS-SHORT-10-Exploration,prs_1,3.16929,1.435,0,0.5438,1.9619,0.2634,0.0426
619,2005.6,2006.325,2006.25,2007.05,2025-08-08 16:26:50.922000,0.65,0.8,1.45,41.379,0.8125,0.4483,0.3231,-0.2962,4.04832,0.4971,0,0.0,prs_1_PRS-SHORT-10-Exploration,prs_1,3.09499,1.308,0,0.5402,1.9881,0.2705,1.6062
620,2007.05,2008.55,2009.25,2010.05,2025-08-08 16:26:52.331000,2.2,0.8,3.0,20.0,2.75,0.7333,0.247,-0.1556,3.09499,0.1123,1,0.75,prs_1_PRS-SHORT-10-Exploration,prs_1,2.6655,1.161,0,0.5293,1.9357,0.1412,0.4101
621,2010.05,2012.45,2011.3,2014.85,2025-08-08 16:26:55.335000,1.25,3.55,4.8,12.5,0.3521,0.2604,0.1984,-0.235,2.48553,0.1587,0,0.0,prs_1_PRS-SHORT-10-Exploration,prs_1,2.65927,0.935,0,0.5568,1.831,0.0612,0.0915
622,2014.85,2018.4,2015.55,2021.95,2025-08-08 16:27:00.130000,0.7,6.4,7.1,8.451,0.1094,0.0986,0.6025,-0.5737,7.54895,0.8608,0,0.0,prs_1_PRS-SHORT-10-Exploration,prs_1,2.54707,2.964,0,0.5072,1.7786,0.0878,-0.2882
623,2021.95,2023.325,2022.85,2024.7,2025-08-08 16:27:07.218000,0.9,1.85,2.75,21.818,0.4865,0.3273,0.289,-0.1074,3.62101,0.3211,1,0.25,prs_1_PRS-SHORT-1-Fascinating,prs_1,2.54707,1.422,0,0.5325,1.6167,0.1024,0.5192
624,2024.7,2025.225,2024.95,2025.75,2025-08-08 16:27:10,0.25,0.8,1.05,57.143,0.3125,0.2381,0.0961,-0.3127,1.20405,0.3844,1,0.6,prs_1_PRS-SHORT-1-Fascinating,prs_1,2.54707,0.473,0,0.5355,1.65,0.1118,2.447
625,2025.75,2027.15,2026.65,2028.55,2025-08-08 16:27:11.024000,0.9,1.9,2.8,21.429,0.4737,0.3214,0.1952,-0.1951,2.44493,0.2168,0,0.0,prs_1_PRS-SHORT-1-Fascinating,prs_1,2.65927,0.919,0,0.5318,1.6476,0.1068,0.4958
626,2028.55,2029.525,2028.85,2030.5,2025-08-08 16:27:13.905000,0.3,1.65,1.95,30.769,0.1818,0.1538,0.0853,-0.1448,1.0681,0.2842,0,0.0,prs_1_PRS-SHORT-1-Fascinating,prs_1,2.6655,0.401,0,0.5205,1.7095,0.1375,0.9665
627,2030.5,2031.425,2031.0,2032.35,2025-08-08 16:27:15.822000,0.5,1.35,1.85,32.432,0.3704,0.2703,0.2918,-0.2273,3.65583,0.5836,1,0.5,prs_1_PRS-SHORT-1-Fascinating,prs_1,3.08699,1.184,0,0.5151,1.6429,0.148,1.0394
628,2032.35,2033.5,2032.8,2034.65,2025-08-08 16:27:17.623000,0.45,1.85,2.3,26.087,0.2432,0.1957,0.2128,-0.1509,2.6655,0.4728,1,1.1,prs_1_PRS-SHORT-1-Fascinating,prs_1,3.08699,0.863,0,0.5141,1.5333,0.1645,0.6917
629,2034.65,2037.0,2035.15,2039.35,2025-08-08 16:27:19.935000,0.5,4.2,4.7,12.766,0.119,0.1064,0.2033,-0.271,2.54707,0.4066,1,0.4,prs_1_PRS-SHORT-1-Fascinating,prs_1,3.08699,0.825,0,0.5108,1.4476,0.2469,-0.0423
630,2039.35,2040.2,2039.85,2041.05,2025-08-08 16:27:24.736000,0.5,1.2,1.7,35.294,0.4167,0.2941,0.1639,-0.1442,2.05283,0.3277,0,0.0,prs_1_PRS-SHORT-1-Fascinating,prs_1,3.08699,0.665,0,0.5005,1.3119,0.265,1.1478
631,2041.05,2041.775,2041.85,2042.5,2025-08-08 16:27:26.321000,0.8,0.65,1.45,41.379,1.2308,0.5517,0.0444,-0.0877,0.55629,0.0555,0,0.0,prs_1_PRS-SHORT-1-Fascinating,prs_1,3.08699,0.18,0,0.5331,1.2738,0.296,1.5833
632,2042.5,2043.725,2043.15,2044.95,2025-08-08 16:27:27.771000,0.65,1.8,2.45,24.49,0.3611,0.2653,0.1904,-0.2437,2.38573,0.293,1,0.45,sart_3,sart_3,3.17772,0.751,0,0.5278,1.2381,0.0799,0.6491
633,2044.95,2045.675,2045.35,2046.4,2025-08-08 16:27:30.228000,0.4,1.05,1.45,41.379,0.381,0.2759,0.1591,-0.1874,1.99368,0.3978,0,0.0,sart_3,sart_3,3.17772,0.627,0,0.3923,1.1643,0.0118,1.1295
634,2046.4,2047.625,2047.15,2048.85,2025-08-08 16:27:31.726000,0.75,1.7,2.45,24.49,0.4412,0.3061,0.2536,-0.2334,3.17772,0.3382,1,0.6,sart_3,sart_3,3.17772,1.0,0,0.4498,1.131,-0.0851,0.3977
635,2048.85,2050.2,2049.85,2051.55,2025-08-08 16:27:34.126000,1.0,1.7,2.7,22.222,0.5882,0.3704,0.2464,-0.3224,3.08699,0.2464,0,0.0,sart_3,sart_3,3.65583,0.844,0,0.4178,1.1667,-0.0343,0.1714
636,2051.55,2053.65,2054.15,2055.75,2025-08-08 16:27:36.821000,2.6,1.6,4.2,14.286,1.625,0.619,0.8914,-0.8253,11.16772,0.3428,1,0.35,sart_3,sart_3,4.65973,2.397,1,0.4212,1.1,-0.0282,-0.2485
637,2055.75,2057.15,2057.75,2058.55,2025-08-08 16:27:41.021000,2.0,0.8,2.8,21.429,2.5,0.7143,0.9009,-0.5902,11.28634,0.4504,1,0.6,sart_3,sart_3,7.66866,1.472,0,0.6089,1.3643,-0.0636,0.7443
638,2058.55,2059.95,2059.05,2061.35,2025-08-08 16:27:43.905000,0.5,2.3,2.8,21.429,0.2174,0.1786,0.3719,-0.5929,4.65973,0.7439,0,0.0,sart_3,sart_3,7.84898,0.594,0,0.6945,1.3833,0.4681,1.0202
639,2061.35,2062.575,2063.25,2063.8,2025-08-08 16:27:46.726000,1.9,0.55,2.45,24.49,3.4545,0.7755,1.2691,-0.7361,15.8996,0.6679,1,0.45,sart_3,sart_3,7.84898,2.026,1,0.6751,1.5762,0.4732,1.1238
640,2063.8,2064.75,2065.35,2065.7,2025-08-08 16:27:49.125000,1.55,0.35,1.9,31.579,4.4286,0.8158,0.9531,-0.5984,11.94087,0.6149,0,0.0,sart_3,sart_3,7.84898,1.521,0,0.6846,1.5429,0.4999,1.5394
641,2065.7,2066.275,2066.35,2066.85,2025-08-08 16:27:51.043000,0.65,0.5,1.15,52.174,1.3,0.5652,0.8294,-0.9839,10.39095,1.276,0,0.0,sart_3,sart_3,7.84898,1.324,0,0.6572,1.4333,0.4832,2.5694
642,2066.85,2067.95,2067.95,2069.05,2025-08-08 16:27:52.125000,1.1,1.1,2.2,27.273,1.0,0.5,1.7342,-1.4514,21.72715,1.5766,0,0.0,sart_3,sart_3,7.84898,2.768,1,0.6424,1.4929,0.4666,1.1696
643,2069.05,2069.775,2069.35,2070.5,2025-08-08 16:27:54.439000,0.3,1.15,1.45,41.379,0.2609,0.2069,0.6964,-1.6339,8.72505,2.3214,0,0.0,sart_3,sart_3,7.84898,1.112,0,0.6482,1.45,0.4677,1.9542
644,2070.5,2073.05,2073.7,2075.6,2025-08-08 16:27:55.811000,3.2,1.9,5.1,11.765,1.6842,0.6275,1.5749,-0.9305,19.73135,0.4922,0,0.0,sart_3,sart_3,7.84898,2.514,1,0.6449,1.4262,0.4726,0.3355
645,2075.6,2076.925,2076.65,2078.25,2025-08-08 16:28:00.912000,1.05,1.6,2.65,22.642,0.6563,0.3962,0.6265,-0.8182,7.84898,0.5967,0,0.0,sart_3,sart_3,7.84898,1.0,0,0.6387,1.4405,0.4693,0.9062
646,2078.25,2079.4,2079.25,2080.55,2025-08-08 16:28:03.527000,1.0,1.3,2.3,26.087,0.7692,0.4348,0.6121,-0.5482,7.66866,0.6121,0,0.0,sart_3,sart_3,7.84898,0.977,0,0.6559,1.4857,0.4799,1.1487
647,2080.55,2084.9,2083.1,2089.25,2025-08-08 16:28:05.839000,2.55,6.15,8.7,6.897,0.4146,0.2931,0.8759,-1.5765,10.97375,0.3435,0,0.0,sart_3,sart_3,7.66866,1.431,0,0.6898,1.4238,0.5015,0.2159
648,2089.25,2093.85,2095.05,2098.45,2025-08-08 16:28:14.625000,5.8,3.4,9.2,6.522,1.7059,0.6304,0.782,-0.7434,9.79723,0.1348,0,0.0,sart_3,sart_3,4.65973,2.103,1,0.6898,1.419,0.4992,0.1956
649,2098.45,2100.8,2100.65,2103.15,2025-08-08 16:28:23.862000,2.2,2.5,4.7,12.766,0.88,0.4681,0.3317,-0.318,4.15544,0.1508,0,0.0,sart_3,sart_3,4.57166,0.909,0,0.7086,1.4714,0.4979,0.5952
650,2103.15,2104.65,2104.15,2106.15,2025-08-08 16:28:28.432000,1.0,2.0,3.0,20.0,0.5,0.3333,0.3011,-0.3049,3.772,0.3011,0,0.0,sart_3,sart_3,4.57166,0.825,0,0.7086,1.4905,0.4979,0.988
651,2106.15,2108.0,2107.4,2109.85,2025-08-08 16:28:31.429000,1.25,2.45,3.7,16.216,0.5102,0.3378,0.3208,-0.2974,4.0197,0.2567,0,0.0,sart_3,sart_3,4.15544,0.967,0,0.7116,1.4976,0.4899,0.7922
652,2109.85,2110.95,2110.85,2112.05,2025-08-08 16:28:35.236000,1.0,1.2,2.2,27.273,0.8333,0.4545,0.3649,-0.3542,4.57166,0.3649,0,0.0,sart_3,sart_3,4.06499,1.125,0,0.6783,1.519,0.4798,1.2853
653,2112.05,2113.1,2113.55,2114.15,2025-08-08 16:28:37.423000,1.5,0.6,2.1,28.571,2.5,0.7143,0.3062,-0.142,3.83623,0.2041,1,0.45,sart_3,sart_3,4.05928,0.945,0,0.6742,1.4929,0.4715,1.3425
654,2114.15,2114.95,2114.5,2115.75,2025-08-08 16:28:39.530000,0.35,1.25,1.6,37.5,0.28,0.2187,0.1179,-0.2531,1.47738,0.3369,0,0.0,sart_3,sart_3,4.03883,0.366,0,0.6496,1.4762,0.5299,1.7481
655,2115.75,2117.2,2116.8,2118.65,2025-08-08 16:28:41.027000,1.05,1.85,2.9,20.69,0.5676,0.3621,0.3048,-0.3311,3.81923,0.2903,1,0.3,sart_3,sart_3,4.03883,0.946,0,0.6585,1.3024,0.5535,0.864
656,2118.65,2119.5,2119.7,2120.35,2025-08-08 16:28:44.057000,1.05,0.65,1.7,35.294,1.6154,0.6176,0.324,-0.1744,4.05928,0.3086,0,0.0,sart_3,sart_3,4.03883,1.005,0,0.6553,1.1881,0.5521,1.6467
657,2120.35,2121.1,2120.65,2121.85,2025-08-08 16:28:45.705000,0.3,1.2,1.5,40.0,0.25,0.2,0.1606,-0.2737,2.01239,0.5354,0,0.0,sart_3,sart_3,4.03331,0.499,0,0.6474,1.1738,0.7768,1.8768
658,2121.85,2123.25,2122.85,2124.65,2025-08-08 16:28:47.121000,1.0,1.8,2.8,21.429,0.5556,0.3571,0.3224,-0.3542,4.03883,0.3224,1,0.3,sart_3,sart_3,4.0197,1.005,0,0.5625,0.8786,0.639,0.5947
659,2124.65,2125.5,2125.75,2126.35,2025-08-08 16:28:49.935000,1.1,0.6,1.7,35.294,1.8333,0.6471,0.3245,-0.155,4.06499,0.295,0,0.0,sart_3,sart_3,3.91235,1.039,0,0.292,0.8619,0.1858,0.4758
660,2126.35,2127.575,2127.0,2128.8,2025-08-08 16:28:51.641000,0.65,1.8,2.45,24.49,0.3611,0.2653,0.4873,-0.6359,6.10459,0.7496,0,0.0,sart_3,sart_3,3.91235,1.56,0,0.2326,0.6619,0.0664,-0.3023
661,2128.8,2129.675,2129.4,2130.55,2025-08-08 16:28:54.137000,0.6,1.15,1.75,34.286,0.5217,0.3429,0.175,-0.176,2.19285,0.2917,0,0.0,sart_3,sart_3,3.92622,0.559,0,0.2299,0.5952,-0.0406,0.2209
662,2130.55,2132.025,2132.05,2133.5,2025-08-08 16:28:55.936000,1.5,1.45,2.95,20.339,1.0345,0.5085,0.3219,-0.3257,4.03331,0.2146,0,0.0,sart_3,sart_3,3.92622,1.027,0,0.2052,0.5738,0.0145,-0.616
663,2133.5,2134.725,2134.6,2135.95,2025-08-08 16:28:58.821000,1.1,1.35,2.45,24.49,0.8148,0.449,0.3123,-0.2955,3.91235,0.2839,0,0.0,sart_3,sart_3,3.92622,0.996,0,0.204,0.5024,0.0205,-0.3945
664,2135.95,2137.375,2137.3,2138.8,2025-08-08 16:29:01.217000,1.35,1.5,2.85,21.053,0.9,0.4737,0.3104,-0.3291,3.88888,0.2299,0,0.0,sart_3,sart_3,3.95374,0.984,0,0.2021,0.5048,-0.0183,-0.5872
665,2138.8,2140.225,2140.15,2141.65,2025-08-08 16:29:04.160000,1.35,1.5,2.85,21.053,0.9,0.4737,0.3332,-0.3307,4.17496,0.2468,0,0.0,sart_3,sart_3,4.03331,1.035,0,0.1824,0.4857,0.0879,-0.6507
666,2141.65,2143.1,2142.9,2144.55,2025-08-08 16:29:06.918000,1.25,1.65,2.9,20.69,0.7576,0.431,0.3325,-0.3249,4.16536,0.266,0,0.0,sart_3,sart_3,4.03883,1.031,0,0.1818,0.4262,0.202,-0.6724
667,2144.55,2145.975,2145.65,2147.4,2025-08-08 16:29:09.824000,1.1,1.75,2.85,21.053,0.6286,0.386,0.2917,-0.2924,3.65411,0.2652,1,0.3,sart_3,sart_3,4.03883,0.905,0,0.1626,0.381,-0.0591,-0.7145
668,2147.4,2148.725,2148.55,2150.05,2025-08-08 16:29:12.704000,1.15,1.5,2.65,22.642,0.7667,0.434,0.3013,-0.289,3.77513,0.262,0,0.0,sart_3,sart_3,4.04187,0.934,0,0.1295,0.3833,0.0064,-0.7349
669,2150.05,2151.3,2151.35,2152.55,2025-08-08 16:29:15.403000,1.3,1.2,2.5,24.0,1.0833,0.52,0.3058,-0.2748,3.83076,0.2352,0,0.0,sart_3,sart_3,4.05014,0.946,0,0.1295,0.3238,0.1133,-0.6612
670,2152.55,2153.95,2153.85,2155.35,2025-08-08 16:29:17.925000,1.3,1.5,2.8,21.429,0.8667,0.4643,0.3134,-0.3153,3.92622,0.2411,1,0.4,sart_3,sart_3,4.05014,0.969,0,0.0988,0.2714,-0.0152,-0.8997
671,2155.35,2156.6,2156.45,2157.85,2025-08-08 16:29:20.631000,1.1,1.4,2.5,24.0,0.7857,0.44,0.3156,-0.3173,3.95374,0.2869,0,0.0,sart_3,sart_3,4.04187,0.978,0,0.0995,0.2476,-0.2947,-0.7579
672,2157.85,2159.225,2159.05,2160.6,2025-08-08 16:29:23.207000,1.2,1.55,2.75,21.818,0.7742,0.4364,0.3274,-0.336,4.10131,0.2728,0,0.0,sart_3,sart_3,4.05014,1.013,0,0.0554,0.2262,-0.1025,-1.0185
673,2160.6,2161.975,2161.8,2163.35,2025-08-08 16:29:25.937000,1.2,1.55,2.75,21.818,0.7742,0.4364,0.3233,-0.3573,4.05014,0.2694,0,0.0,sart_3,sart_3,4.05014,1.0,0,0.0566,0.1786,0.0482,-1.0146
674,2163.35,2164.8,2164.75,2166.25,2025-08-08 16:29:28.637000,1.4,1.5,2.9,20.69,0.9333,0.4828,0.3255,-0.3255,4.07794,0.2325,0,0.0,sart_3,sart_3,4.07794,1.0,0,0.0632,0.1881,-0.1306,-1.0546
675,2166.25,2167.65,2167.6,2169.05,2025-08-08 16:29:31.521000,1.35,1.45,2.8,21.429,0.931,0.4821,0.3428,-0.3418,4.29438,0.2539,0,0.0,sart_3,sart_3,4.10131,1.047,0,0.0845,0.2262,-0.5006,-0.9458
676,2169.05,2170.475,2170.4,2171.9,2025-08-08 16:29:34.331000,1.35,1.5,2.85,21.053,0.9,0.4737,0.3303,-0.3329,4.13783,0.2446,0,0.0,sart_3,sart_3,4.07794,1.015,0,0.0976,0.2286,0.0317,-0.924
677,2171.9,2173.2,2173.05,2174.5,2025-08-08 16:29:37.212000,1.15,1.45,2.6,23.077,0.7931,0.4423,0.3226,-0.3457,4.04187,0.2805,0,0.0,sart_3,sart_3,4.05014,0.998,0,0.0976,0.2571,0.0157,-0.8141
678,2174.5,2175.925,2175.7,2177.35,2025-08-08 16:29:39.830000,1.2,1.65,2.85,21.053,0.7273,0.4211,0.3326,-0.3321,4.16753,0.2772,0,0.0,sart_3,sart_3,4.07794,1.022,0,0.0988,0.2619,0.0213,-0.9202
679,2177.35,2178.75,2178.6,2180.15,2025-08-08 16:29:42.702000,1.25,1.55,2.8,21.429,0.8065,0.4464,0.3356,-0.3371,4.20491,0.2685,0,0.0,sart_3,sart_3,4.07794,1.031,0,0.0976,0.2619,-0.0192,-0.9036
680,2180.15,2181.55,2181.45,2182.95,2025-08-08 16:29:45.558000,1.3,1.5,2.8,21.429,0.8667,0.4643,0.3303,-0.33,4.13795,0.2541,0,0.0,sart_3,sart_3,4.10131,1.009,0,0.0935,0.2571,-0.0298,-0.9168
681,2182.95,2184.475,2184.45,2186.0,2025-08-08 16:29:48.225000,1.5,1.55,3.05,19.672,0.9677,0.4918,0.3204,-0.3221,4.01347,0.2136,0,0.0,sart_3,sart_3,4.10537,0.978,0,0.1838,0.3476,-0.0504,-0.7212
682,2186.0,2187.4,2187.25,2188.8,2025-08-08 16:29:51.316000,1.25,1.55,2.8,21.429,0.8065,0.4464,0.3354,-0.3295,4.2023,0.2683,0,0.0,sart_3,sart_3,4.10537,1.024,0,0.2304,0.3381,0.5493,-0.4756
683,2188.8,2190.3,2190.05,2191.8,2025-08-08 16:29:54.105000,1.25,1.75,3.0,20.0,0.7143,0.4167,0.3087,-0.3235,3.86703,0.2469,0,0.0,sart_3,sart_3,4.10537,0.942,0,0.2316,0.4429,0.3145,-0.5493
684,2191.8,2192.95,2193.05,2194.1,2025-08-08 16:29:57.107000,1.25,1.05,2.3,26.087,1.1905,0.5435,0.3311,-0.2946,4.14782,0.2649,0,0.0,sart_3,sart_3,4.10537,1.01,0,0.2297,0.4833,0.2875,-0.2249
685,2194.1,2195.85,2195.65,2197.6,2025-08-08 16:29:59.419000,1.55,1.95,3.5,17.143,0.7949,0.4429,0.4191,-0.3835,5.25045,0.2704,0,0.0,sart_3,sart_3,4.10537,1.279,0,0.2283,0.4833,0.2895,-0.7151
686,2197.6,2199.325,2198.85,2201.05,2025-08-08 16:30:02.931000,1.25,2.2,3.45,17.391,0.5682,0.3623,0.3222,-0.3541,4.03699,0.2578,1,0.5,sart_3,sart_3,4.10537,0.983,0,0.2295,0.5048,0.2906,-0.6978
687,2201.05,2202.45,2202.25,2203.85,2025-08-08 16:30:06.321000,1.2,1.6,2.8,21.429,0.75,0.4286,0.2843,-0.2788,3.56214,0.2369,0,0.0,sart_3,sart_3,4.04187,0.881,0,0.2269,0.531,0.2779,-0.4869
688,2203.85,2205.175,2205.15,2206.5,2025-08-08 16:30:09.137000,1.3,1.35,2.65,22.642,0.963,0.4906,0.3295,-0.3402,4.12822,0.2535,0,0.0,sart_3,sart_3,4.03699,1.023,0,0.2217,0.531,0.2599,-0.4378
689,2206.5,2207.925,2207.95,2209.35,2025-08-08 16:30:11.835000,1.45,1.4,2.85,21.053,1.0357,0.5088,0.2853,-0.2841,3.57431,0.1968,0,0.0,sart_3,sart_3,4.03699,0.885,0,0.2199,0.519,0.2501,-0.5299
690,2209.35,2210.75,2210.4,2212.15,2025-08-08 16:30:14.630000,1.05,1.75,2.8,21.429,0.6,0.375,0.3277,-0.3436,4.10537,0.3121,1,0.35,sart_3,sart_3,4.03699,1.017,0,0.2166,0.5429,0.2262,-0.5201
691,2212.15,2214.65,2215.1,2217.15,2025-08-08 16:30:17.527000,2.95,2.05,5.0,12.0,1.439,0.59,1.6717,-1.6523,20.94427,0.5667,0,0.0,break_1,break_1,4.03699,5.188,1,0.2159,0.5786,0.2003,-1.0343
692,2217.15,2219.7,2221.05,2222.25,2025-08-08 16:30:22.417000,3.9,1.2,5.1,11.765,3.25,0.7647,0.3083,-0.2113,3.86252,0.0791,0,0.0,break_1,break_1,4.10537,0.941,0,0.2185,0.569,0.2086,-1.0387
693,2222.25,2223.575,2223.05,2224.9,2025-08-08 16:30:27.598000,0.8,1.85,2.65,22.642,0.4324,0.3019,0.1547,-0.2238,1.93825,0.1934,0,0.0,break_1,break_1,4.10537,0.472,0,0.23,0.6476,0.1167,-0.411
694,2224.9,2226.65,2226.2,2228.4,2025-08-08 16:30:30.209000,1.3,2.2,3.5,17.143,0.5909,0.3714,0.268,-0.293,3.35735,0.2061,0,0.0,break_1,break_1,4.12822,0.813,0,0.228,0.681,0.131,-0.7161
695,2228.4,2230.075,2229.85,2231.75,2025-08-08 16:30:33.684000,1.45,1.9,3.35,17.91,0.7632,0.4328,0.2716,-0.2648,3.40315,0.1873,0,0.0,break_1,break_1,4.12822,0.824,0,0.2123,0.6548,0.1513,-0.725
696,2231.75,2233.7,2233.6,2235.65,2025-08-08 16:30:37.106000,1.85,2.05,3.9,15.385,0.9024,0.4744,0.3325,-0.3286,4.16594,0.1797,1,0.65,break_1,break_1,4.10537,1.015,0,0.2146,0.6238,0.1436,-0.8547
697,2235.65,2237.3,2236.85,2238.95,2025-08-08 16:30:41.007000,1.2,2.1,3.3,18.182,0.5714,0.3636,0.31,-0.3201,3.88423,0.2584,0,0.0,break_1,break_1,4.12822,0.941,0,0.2166,0.6214,0.1562,-0.6964
698,2238.95,2240.475,2240.25,2242.0,2025-08-08 16:30:44.219000,1.3,1.75,3.05,19.672,0.7429,0.4262,0.3085,-0.3076,3.86467,0.2373,0,0.0,break_1,break_1,4.12822,0.936,0,0.2152,0.6,0.1298,-0.62
699,2242.0,2243.525,2243.55,2245.05,2025-08-08 16:30:47.302000,1.55,1.5,3.05,19.672,1.0333,0.5082,0.3774,-0.3696,4.72869,0.2435,0,0.0,break_1,break_1,4.13741,1.143,0,0.2106,0.5952,0.1123,-0.6348
700,2245.05,2246.85,2246.45,2248.65,2025-08-08 16:30:50.393000,1.4,2.2,3.6,16.667,0.6364,0.3889,0.3406,-0.3619,4.26722,0.2433,1,0.25,break_1,break_1,4.13741,1.031,0,0.2062,0.6,0.0854,-0.8122
701,2248.65,2250.075,2249.7,2251.5,2025-08-08 16:30:53.929000,1.05,1.8,2.85,21.053,0.5833,0.3684,0.3717,-0.3589,4.65735,0.354,1,0.3,break_1,break_1,4.13946,1.125,0,0.201,0.5976,0.2302,-0.5908
702,2251.5,2252.9,2252.7,2254.3,2025-08-08 16:30:56.781000,1.2,1.6,2.8,21.429,0.75,0.4286,0.3302,-0.3506,4.13741,0.2752,0,0.0,break_1,break_1,4.13946,1.0,0,0.1798,0.5024,-0.1379,-0.6387
703,2254.3,2256.65,2255.45,2259.0,2025-08-08 16:30:59.603000,1.15,3.55,4.7,12.766,0.3239,0.2447,0.3498,-0.3255,4.38223,0.3042,2,1.2,break_1,break_1,4.13946,1.059,0,0.1441,0.5071,0.1201,-1.2242
704,2259.0,2260.9,2260.6,2262.8,2025-08-08 16:31:04.278000,1.6,2.2,3.8,15.789,0.7273,0.4211,0.3487,-0.3775,4.36917,0.218,0,0.0,break_1,break_1,4.13946,1.055,0,0.1402,0.3905,0.2022,-1.0726
705,2262.8,2264.625,2264.15,2266.45,2025-08-08 16:31:08.089000,1.35,2.3,3.65,16.438,0.587,0.3699,0.4475,-0.4392,5.60677,0.3315,1,0.4,break_1,break_1,4.13946,1.354,0,0.1435,0.35,0.2316,-1.0267
706,2266.45,2268.0,2267.65,2269.55,2025-08-08 16:31:11.811000,1.2,1.9,3.1,19.355,0.6316,0.3871,0.2855,-0.2758,3.57743,0.238,1,0.3,break_1,break_1,4.15151,0.862,0,0.1435,0.3643,0.2174,-0.8683
707,2269.55,2271.1,2270.7,2272.65,2025-08-08 16:31:14.907000,1.15,1.95,3.1,19.355,0.5897,0.371,0.3314,-0.3386,4.15151,0.2881,0,0.0,break_1,break_1,4.13946,1.003,0,0.1372,0.3429,0.2141,-0.8886
708,2272.65,2274.1,2273.75,2275.55,2025-08-08 16:31:17.997000,1.1,1.8,2.9,20.69,0.6111,0.3793,0.3136,-0.3125,3.92928,0.2851,0,0.0,break_1,break_1,4.13946,0.949,0,0.147,0.3476,0.2074,-0.7845
709,2275.55,2277.025,2276.7,2278.5,2025-08-08 16:31:20.907000,1.15,1.8,2.95,20.339,0.6389,0.3898,0.3304,-0.316,4.13946,0.2873,0,0.0,break_1,break_1,4.13946,1.0,0,0.1503,0.3476,0.2549,-0.793
710,2278.5,2280.125,2279.6,2281.75,2025-08-08 16:31:23.785000,1.1,2.15,3.25,18.462,0.5116,0.3385,0.2815,-0.2921,3.52712,0.2559,1,0.7,break_1,break_1,4.13741,0.852,0,0.1535,0.3476,0.3014,-0.8846
711,2281.75,2283.375,2283.2,2285.0,2025-08-08 16:31:27.077000,1.45,1.8,3.25,18.462,0.8056,0.4462,0.3346,-0.3242,4.19222,0.2308,0,0.0,break_1,break_1,3.92928,1.067,0,0.1541,0.3214,0.361,-0.8826
712,2285.0,2286.525,2286.4,2288.05,2025-08-08 16:31:30.295000,1.4,1.65,3.05,19.672,0.8485,0.459,0.3717,-0.3733,4.65616,0.2655,0,0.0,break_1,break_1,3.92201,1.187,0,0.1532,0.2952,0.3562,-0.8198
713,2288.05,2289.475,2289.4,2290.9,2025-08-08 16:31:33.378000,1.35,1.5,2.85,21.053,0.9,0.4737,0.306,-0.3078,3.83334,0.2266,0,0.0,break_1,break_1,3.83334,1.0,0,0.1532,0.3,0.7483,-0.7448
714,2290.9,2292.325,2292.15,2293.75,2025-08-08 16:31:36.174000,1.25,1.6,2.85,21.053,0.7813,0.4386,0.2441,-0.255,3.05866,0.1953,0,0.0,break_1,break_1,3.82308,0.8,0,0.1019,0.2143,0.5874,-0.9102
715,2293.75,2295.175,2294.95,2296.6,2025-08-08 16:31:39.110000,1.2,1.65,2.85,21.053,0.7273,0.4211,0.3019,-0.2979,3.78267,0.2516,0,0.0,break_1,break_1,3.78267,1.0,0,0.0844,0.1738,0.3652,-0.9666
716,2296.6,2298.25,2298.15,2299.9,2025-08-08 16:31:41.930000,1.55,1.75,3.3,18.182,0.8857,0.4697,0.3811,-0.3688,4.77481,0.2459,0,0.0,break_1,break_1,3.78267,1.262,0,0.0683,0.1714,0.3314,-1.1744
717,2299.9,2301.5,2301.1,2303.1,2025-08-08 16:31:45.207000,1.2,2.0,3.2,18.75,0.6,0.375,0.3131,-0.3283,3.92201,0.2609,0,0.0,break_1,break_1,3.78267,1.037,0,0.0674,0.15,0.305,-1.1464
718,2303.1,2304.35,2304.2,2305.6,2025-08-08 16:31:48.377000,1.1,1.4,2.5,24.0,0.7857,0.44,0.3052,-0.3037,3.82308,0.2774,0,0.0,break_1,break_1,3.74586,1.021,0,0.0668,0.1548,0.3139,-0.8633
719,2305.6,2306.975,2306.85,2308.35,2025-08-08 16:31:50.897000,1.25,1.5,2.75,21.818,0.8333,0.4545,0.2777,-0.2866,3.47931,0.2222,0,0.0,break_1,break_1,3.74586,0.929,0,0.1315,0.2238,0.0761,-0.7732
720,2308.35,2309.725,2309.65,2311.1,2025-08-08 16:31:53.696000,1.3,1.45,2.75,21.818,0.8966,0.4727,0.2762,-0.2776,3.46038,0.2125,0,0.0,break_1,break_1,3.68637,0.939,0,0.133,0.2762,0.2057,-0.7684
721,2311.1,2312.475,2312.2,2313.85,2025-08-08 16:31:56.396000,1.1,1.65,2.75,21.818,0.6667,0.4,0.2899,-0.2911,3.63174,0.2635,1,0.5,break_1,break_1,3.74586,0.97,0,0.155,0.3024,0.2633,-0.6975
722,2313.85,2315.325,2314.95,2316.8,2025-08-08 16:31:59.184000,1.1,1.85,2.95,20.339,0.5946,0.3729,0.2715,-0.2223,3.40146,0.2468,1,0.4,break_1,break_1,3.74586,0.908,0,0.1677,0.3095,0.4317,-0.7369
723,2316.8,2318.2,2317.75,2319.6,2025-08-08 16:32:02.089000,0.95,1.85,2.8,21.429,0.5135,0.3393,0.2453,-0.2737,3.07291,0.2582,1,0.3,break_1,break_1,3.74586,0.82,0,0.1676,0.3452,0.3912,-0.678
724,2319.6,2321.05,2320.75,2322.5,2025-08-08 16:32:04.881000,1.15,1.75,2.9,20.69,0.6571,0.3966,0.2756,-0.2777,3.4526,0.2396,0,0.0,break_1,break_1,3.74586,0.922,0,0.1666,0.3524,0.3782,-0.7214
725,2322.5,2323.975,2323.6,2325.45,2025-08-08 16:32:07.792000,1.1,1.85,2.95,20.339,0.5946,0.3729,0.299,-0.3012,3.74586,0.2718,1,0.35,break_1,break_1,3.74586,1.0,0,0.1647,0.369,0.3611,-0.7465
726,2325.45,2326.875,2326.55,2328.3,2025-08-08 16:32:10.796000,1.1,1.75,2.85,21.053,0.6286,0.386,0.3054,-0.3108,3.8261,0.2776,1,0.45,break_1,break_1,3.74586,1.021,0,0.1636,0.3762,0.3741,-0.7113
727,2328.3,2329.775,2329.55,2331.25,2025-08-08 16:32:13.609000,1.25,1.7,2.95,20.339,0.7353,0.4237,0.2841,-0.2802,3.55932,0.2273,0,0.0,break_1,break_1,3.74586,0.95,0,0.1647,0.3548,0.3778,-0.7465
728,2331.25,2332.675,2332.4,2334.1,2025-08-08 16:32:16.525000,1.15,1.7,2.85,21.053,0.6765,0.4035,0.2788,-0.2703,3.49328,0.2425,1,0.45,break_1,break_1,3.74586,0.933,0,0.1662,0.3524,0.4064,-0.7029
729,2334.1,2336.35,2336.0,2338.6,2025-08-08 16:32:19.397000,1.9,2.6,4.5,13.333,0.7308,0.4222,0.4929,-0.4967,6.17472,0.2594,0,0.0,break_1,break_1,3.74586,1.648,0,0.1614,0.3571,0.3369,-1.1376
730,2338.6,2340.275,2339.8,2341.95,2025-08-08 16:32:23.905000,1.2,2.15,3.35,17.91,0.5581,0.3582,0.2942,-0.3005,3.68637,0.2452,1,0.5,break_1,break_1,3.74586,0.984,0,0.1584,0.3786,0.2788,-0.8987
731,2341.95,2344.05,2343.45,2346.15,2025-08-08 16:32:27.293000,1.5,2.7,4.2,14.286,0.5556,0.3571,0.347,-0.3521,4.34688,0.2313,0,0.0,break_1,break_1,3.80919,1.141,0,0.1563,0.3833,0.2564,-1.1023
732,2346.15,2348.175,2347.7,2350.2,2025-08-08 16:32:31.496000,1.55,2.5,4.05,14.815,0.62,0.3827,0.3378,-0.335,4.23176,0.2179,0,0.0,break_1,break_1,3.8261,1.106,0,0.1532,0.3881,0.2484,-1.0836
733,2350.2,2351.75,2351.55,2353.3,2025-08-08 16:32:35.481000,1.35,1.75,3.1,19.355,0.7714,0.4355,0.3286,-0.3164,4.11656,0.2434,0,0.0,break_1,break_1,3.8261,1.076,0,0.1523,0.381,0.2367,-0.8399
734,2353.3,2355.025,2354.7,2356.75,2025-08-08 16:32:38.601000,1.4,2.05,3.45,17.391,0.6829,0.4058,0.304,-0.3098,3.80919,0.2172,1,0.4,break_1,break_1,3.84459,0.991,0,0.1531,0.3881,0.2255,-0.944
735,2356.75,2358.3,2357.9,2359.85,2025-08-08 16:32:42.110000,1.15,1.95,3.1,19.355,0.5897,0.371,0.2708,-0.2737,3.3933,0.2355,1,0.4,break_1,break_1,3.84459,0.883,0,0.1537,0.3881,0.2398,-0.8354
736,2359.85,2361.325,2361.05,2362.8,2025-08-08 16:32:45.198000,1.2,1.75,2.95,20.339,0.6857,0.4068,0.3311,-0.3238,4.14831,0.2759,0,0.0,break_1,break_1,3.93843,1.053,0,0.1525,0.4167,0.1972,-0.7859
737,2362.8,2364.275,2363.95,2365.75,2025-08-08 16:32:48.111000,1.15,1.8,2.95,20.339,0.6389,0.3898,0.3457,-0.3564,4.33113,0.3006,0,0.0,break_1,break_1,3.93843,1.1,0,0.1496,0.4286,0.1688,-0.7952
738,2365.75,2367.2,2366.85,2368.65,2025-08-08 16:32:51.087000,1.1,1.8,2.9,20.69,0.6111,0.3793,0.3368,-0.3436,4.21928,0.3062,0,0.0,break_1,break_1,3.93843,1.071,0,0.1485,0.4286,0.1495,-0.7797
739,2368.65,2370.5,2370.45,2372.35,2025-08-08 16:32:53.991000,1.8,1.9,3.7,16.216,0.9474,0.4865,0.3417,-0.336,4.28102,0.1898,1,0.3,break_1,break_1,3.98826,1.073,0,0.1448,0.4381,0.326,-1.0346
740,2372.35,2373.85,2373.45,2375.35,2025-08-08 16:32:57.680000,1.1,1.9,3.0,20.0,0.5789,0.3667,0.2942,-0.2927,3.68569,0.2674,1,0.25,break_1,break_1,3.93843,0.936,0,0.1192,0.3667,0.3458,-0.9116
741,2375.35,2376.8,2376.45,2378.25,2025-08-08 16:33:00.680000,1.1,1.8,2.9,20.69,0.6111,0.3793,0.3144,-0.3118,3.93843,0.2858,0,0.0,break_1,break_1,3.93843,1.0,0,0.1193,0.3143,0.3726,-0.8738
742,2378.25,2379.75,2379.35,2381.25,2025-08-08 16:33:03.594000,1.1,1.9,3.0,20.0,0.5789,0.3667,0.3183,-0.3253,3.98826,0.2894,1,0.4,break_1,break_1,3.9214,1.017,0,0.0982,0.281,-0.0375,-0.9793
743,2381.25,2382.775,2382.4,2384.3,2025-08-08 16:33:06.591000,1.15,1.9,3.05,19.672,0.6053,0.377,0.2918,-0.2807,3.65541,0.2537,1,0.5,break_1,break_1,3.9214,0.932,0,0.0743,0.2786,-0.0451,-1.0741
744,2384.3,2385.675,2385.5,2387.05,2025-08-08 16:33:09.588000,1.2,1.55,2.75,21.818,0.7742,0.4364,0.3069,-0.2993,3.84459,0.2557,0,0.0,break_1,break_1,3.88341,0.99,0,0.0745,0.2357,-0.046,-0.9569
745,2387.05,2388.475,2388.2,2389.9,2025-08-08 16:33:12.409000,1.15,1.7,2.85,21.053,0.6765,0.4035,0.2847,-0.29,3.56669,0.2476,0,0.0,break_1,break_1,3.9214,0.91,0,0.0703,0.2214,-0.0553,-1.012
746,2389.9,2391.65,2391.55,2393.4,2025-08-08 16:33:15.200000,1.65,1.85,3.5,17.143,0.8919,0.4714,0.3435,-0.3482,4.30405,0.2082,0,0.0,break_1,break_1,3.93843,1.093,0,0.0706,0.2095,-0.0515,-1.2234
747,2393.4,2394.975,2394.65,2396.55,2025-08-08 16:33:18.706000,1.25,1.9,3.15,19.048,0.6579,0.3968,0.313,-0.3106,3.9214,0.2504,0,0.0,break_1,break_1,3.93843,0.996,0,0.0761,0.219,-0.0234,-1.1022
748,2396.55,2398.075,2397.6,2399.6,2025-08-08 16:33:21.887000,1.05,2.0,3.05,19.672,0.525,0.3443,0.2857,-0.2881,3.57984,0.2721,0,0.0,break_1,break_1,3.9214,0.913,0,0.0756,0.2452,-0.1092,-1.0699
749,2399.6,2401.275,2400.85,2402.95,2025-08-08 16:33:24.897000,1.25,2.1,3.35,17.91,0.5952,0.3731,0.3517,-0.352,4.40573,0.2813,0,0.0,break_1,break_1,3.88341,1.135,0,0.083,0.2619,0.0837,-1.1418
750,2402.95,2404.55,2404.35,2406.15,2025-08-08 16:33:28.217000,1.4,1.8,3.2,18.75,0.7778,0.4375,0.3031,-0.307,3.79715,0.2165,0,0.0,break_1,break_1,3.84459,0.988,0,0.0713,0.2476,0.1273,-1.1338
751,2406.15,2407.725,2407.55,2409.3,2025-08-08 16:33:31.495000,1.4,1.75,3.15,19.048,0.8,0.4444,0.2811,-0.2719,3.52166,0.2008,0,0.0,break_1,break_1,3.88341,0.907,0,0.0731,0.2262,0.1066,-1.1119
752,2409.3,2410.8,2410.65,2412.3,2025-08-08 16:33:34.585000,1.35,1.65,3.0,20.0,0.8182,0.45,0.31,-0.3094,3.88341,0.2296,0,0.0,break_1,break_1,3.84459,1.01,0,0.0748,0.2238,0.1513,-1.0547
753,2412.3,2413.85,2413.6,2415.4,2025-08-08 16:33:37.587000,1.3,1.8,3.1,19.355,0.7222,0.4194,0.3207,-0.3309,4.01785,0.2467,0,0.0,break_1,break_1,3.84098,1.046,0,0.0856,0.2333,0.2564,-1.0549
754,2415.4,2416.925,2416.55,2418.45,2025-08-08 16:33:40.702000,1.15,1.9,3.05,19.672,0.6053,0.377,0.2878,-0.2916,3.60594,0.2503,1,0.4,break_1,break_1,3.84098,0.939,0,0.0856,0.2595,0.2108,-1.0377
755,2418.45,2420.0,2419.55,2421.55,2025-08-08 16:33:43.787000,1.1,2.0,3.1,19.355,0.55,0.3548,0.3317,-0.3346,4.15564,0.3015,1,0.7,break_1,break_1,3.84098,1.082,0,0.294,0.4452,0.0793,-0.3832
756,2421.55,2423.15,2422.9,2424.75,2025-08-08 16:33:46.910000,1.35,1.85,3.2,18.75,0.7297,0.4219,0.3742,-0.3646,4.68804,0.2772,0,0.0,break_1,break_1,3.84098,1.221,0,0.2903,0.6262,0.0521,-0.428
757,2424.75,2426.525,2426.25,2428.3,2025-08-08 16:33:50.098000,1.5,2.05,3.55,16.901,0.7317,0.4225,0.3423,-0.3469,4.28875,0.2282,0,0.0,break_1,break_1,3.81326,1.125,0,0.2921,0.6262,0.058,-0.5226
758,2428.3,2429.8,2429.4,2431.3,2025-08-08 16:33:53.605000,1.1,1.9,3.0,20.0,0.5789,0.3667,0.2756,-0.2793,3.45263,0.2505,0,0.0,break_1,break_1,3.79715,0.909,0,0.2915,0.6476,0.0519,-0.3563
759,2431.3,2432.6,2432.45,2433.9,2025-08-08 16:33:56.605000,1.15,1.45,2.6,23.077,0.7931,0.4423,0.3025,-0.2855,3.79032,0.2631,0,0.0,break_1,break_1,3.79715,0.998,0,0.2905,0.681,0.0485,-0.1924
760,2433.9,2435.45,2435.15,2437.0,2025-08-08 16:33:59.177000,1.25,1.85,3.1,19.355,0.6757,0.4032,0.281,-0.2875,3.52086,0.2248,1,0.4,break_1,break_1,3.79032,0.929,0,0.2921,0.7119,0.0381,-0.3894
761,2437.0,2438.425,2438.1,2439.85,2025-08-08 16:34:02.297000,1.1,1.75,2.85,21.053,0.6286,0.386,0.3179,-0.3146,3.98243,0.289,0,0.0,break_1,break_1,3.60594,1.104,0,0.2918,0.7119,0.0379,-0.2981
762,2439.85,2441.25,2440.85,2442.65,2025-08-08 16:34:05.152000,1.0,1.8,2.8,21.429,0.5556,0.3571,0.3066,-0.3067,3.84098,0.3066,1,0.4,break_1,break_1,3.79032,1.013,0,0.2901,0.7357,0.0311,-0.2832
763,2442.65,2443.9,2443.75,2445.15,2025-08-08 16:34:07.975000,1.1,1.4,2.5,24.0,0.7857,0.44,0.2744,-0.2676,3.43782,0.2495,0,0.0,break_1,break_1,3.64649,0.943,0,0.2892,0.7619,0.0182,-0.1465
764,2445.15,2446.7,2446.8,2448.25,2025-08-08 16:34:10.486000,1.65,1.45,3.1,19.355,1.1379,0.5323,0.3044,-0.3036,3.81326,0.1845,0,0.0,break_1,break_1,3.64649,1.046,0,0.2896,0.7595,0.0182,-0.3974
765,2448.25,2451.9,2450.9,2455.55,2025-08-08 16:34:13.615000,2.65,4.65,7.3,8.219,0.5699,0.363,0.963,-0.9684,12.06455,0.3634,0,0.0,break_1,break_1,3.65827,3.298,1,0.2896,0.7571,0.0191,-1.0021
766,2455.55,2457.25,2457.0,2458.95,2025-08-08 16:34:20.897000,1.45,1.95,3.4,17.647,0.7436,0.4265,0.2581,-0.2654,3.23419,0.178,0,0.0,break_1,break_1,3.65827,0.884,0,0.2872,0.781,0.0122,-0.4979
767,2458.95,2460.975,2460.6,2463.0,2025-08-08 16:34:24.286000,1.65,2.4,4.05,14.815,0.6875,0.4074,0.2821,-0.2873,3.53378,0.1709,1,0.8,break_1,break_1,3.64649,0.969,0,0.2885,0.8024,0.0103,-0.6475
768,2463.0,2464.625,2464.2,2466.25,2025-08-08 16:34:28.284000,1.2,2.05,3.25,18.462,0.5854,0.3692,0.251,-0.2428,3.1447,0.2092,0,0.0,break_1,break_1,3.64649,0.862,0,0.2904,0.7905,0.0179,-0.4433
769,2466.25,2468.275,2467.8,2470.3,2025-08-08 16:34:31.578000,1.55,2.5,4.05,14.815,0.62,0.3827,0.2291,-0.2428,2.87013,0.1478,1,1.0,break_1,break_1,3.65827,0.785,0,0.2895,0.7667,0.005,-0.6443
770,2470.3,2471.85,2471.35,2473.4,2025-08-08 16:34:35.604000,1.05,2.05,3.1,19.355,0.5122,0.3387,0.2609,-0.2552,3.26825,0.2484,1,0.6,break_1,break_1,3.64649,0.896,0,0.2816,0.7595,-0.0083,-0.4232
771,2473.4,2475.025,2475.1,2476.65,2025-08-08 16:34:38.692000,1.7,1.55,3.25,18.462,1.0968,0.5231,0.2804,-0.2719,3.51344,0.165,0,0.0,break_1,break_1,3.65827,0.96,0,0.2792,0.7643,-0.0221,-0.4794
772,2476.65,2478.55,2478.4,2480.45,2025-08-08 16:34:41.986000,1.75,2.05,3.8,15.789,0.8537,0.4605,0.3075,-0.3076,3.85229,0.1757,1,0.55,break_1,break_1,3.65827,1.053,0,0.2748,0.7833,-0.0525,-0.6388
773,2480.45,2482.0,2481.5,2483.55,2025-08-08 16:34:45.796000,1.05,2.05,3.1,19.355,0.5122,0.3387,0.2911,-0.2926,3.64649,0.2772,1,0.65,break_1,break_1,3.65827,0.997,0,0.2717,0.7929,-0.0909,-0.4551
774,2483.55,2485.075,2484.75,2486.6,2025-08-08 16:34:48.892000,1.2,1.85,3.05,19.672,0.6486,0.3934,0.3188,-0.3218,3.99434,0.2657,1,0.45,break_1,break_1,3.65827,1.092,0,0.302,0.8595,-0.05,-0.3403
775,2486.6,2488.125,2487.75,2489.65,2025-08-08 16:34:51.896000,1.15,1.9,3.05,19.672,0.6053,0.377,0.292,-0.2432,3.65827,0.2539,1,0.5,break_1,break_1,3.64649,1.003,0,0.302,0.9143,0.1058,-0.3403
776,2489.65,2491.45,2490.9,2493.25,2025-08-08 16:34:55.016000,1.25,2.35,3.6,16.667,0.5319,0.3472,0.3508,-0.4108,4.39464,0.2806,1,0.7,break_1,break_1,3.64649,1.205,0,0.1839,0.7524,0.1192,-0.8841
777,2493.25,2494.775,2494.45,2496.3,2025-08-08 16:34:58.577000,1.2,1.85,3.05,19.672,0.6486,0.3934,0.2892,-0.2877,3.62276,0.241,1,0.45,break_1,break_1,3.64649,0.993,0,0.2406,0.6238,0.297,-0.5381
778,2496.3,2497.875,2497.45,2499.45,2025-08-08 16:35:01.585000,1.15,2.0,3.15,19.048,0.575,0.3651,0.3165,-0.3168,3.96547,0.2752,0,0.0,break_1,break_1,3.64649,1.087,0,0.2342,0.681,0.2457,-0.5926
779,2499.45,2501.0,2500.9,2502.55,2025-08-08 16:35:04.824000,1.45,1.65,3.1,19.355,0.8788,0.4677,0.3288,-0.3195,4.11898,0.2267,0,0.0,break_1,break_1,3.64649,1.13,0,0.2344,0.6619,0.2335,-0.5753
780,2502.55,2504.225,2504.05,2505.9,2025-08-08 16:35:07.881000,1.5,1.85,3.35,17.91,0.8108,0.4478,0.2733,-0.2696,3.4237,0.1822,0,0.0,break_1,break_1,3.65827,0.936,0,0.2257,0.6381,0.236,-0.6818
781,2505.9,2507.875,2507.7,2509.85,2025-08-08 16:35:11.176000,1.8,2.15,3.95,15.19,0.8372,0.4557,0.3195,-0.3287,4.00336,0.1775,0,0.0,break_1,break_1,3.65827,1.094,0,0.2264,0.6,0.2336,-0.8273
782,2509.85,2511.5,2511.1,2513.15,2025-08-08 16:35:15.202000,1.25,2.05,3.3,18.182,0.6098,0.3788,0.3117,-0.3117,3.90484,0.2493,0,0.0,break_1,break_1,3.7697,1.036,0,0.304,0.7429,0.1315,-0.4147
783,2513.15,2514.675,2514.95,2516.2,2025-08-08 16:35:18.501000,1.8,1.25,3.05,19.672,1.44,0.5902,0.3009,-0.213,3.7697,0.1672,0,0.0,subject_idle,subject_idle,3.65827,1.03,0,0.3076,0.881,0.0114,-0.3222
784,2516.2,2516.875,2516.75,2517.55,2025-08-08 16:35:21.499000,0.55,0.8,1.35,44.444,0.6875,0.4074,0.1037,-0.1454,1.29958,0.1886,1,0.65,subject_idle,subject_idle,3.65827,0.355,0,0.3147,0.8571,0.0286,1.0458
785,2517.55,2519.1,2518.65,2520.65,2025-08-08 16:35:22.912000,1.1,2.0,3.1,19.355,0.55,0.3548,0.2555,-0.2954,3.20066,0.2322,0,0.0,subject_idle,subject_idle,3.65827,0.875,0,0.3586,0.9214,0.0901,-0.175
786,2520.65,2521.8,2521.85,2522.95,2025-08-08 16:35:25.997000,1.2,1.1,2.3,26.087,1.0909,0.5217,0.3194,-0.2908,4.00135,0.2662,0,0.0,subject_idle,subject_idle,3.7697,1.061,0,0.3676,0.9786,0.1423,0.2195
787,2522.95,2523.5,2523.35,2524.05,2025-08-08 16:35:28.310000,0.4,0.7,1.1,54.545,0.5714,0.3636,0.1588,-0.1524,1.98956,0.397,1,0.55,subject_idle,subject_idle,3.62276,0.549,0,0.3674,1.0167,0.1146,1.7642
788,2524.05,2525.525,2525.0,2527.0,2025-08-08 16:35:29.419000,0.95,2.0,2.95,20.339,0.475,0.322,0.2468,-0.2937,3.09247,0.2598,1,0.75,sart_4,sart_4,3.7697,0.82,0,0.3724,1.0429,0.0986,-0.0771
789,2527.0,2528.675,2528.2,2530.35,2025-08-08 16:35:32.297000,1.2,2.15,3.35,17.91,0.5581,0.3582,0.2863,-0.3164,3.58696,0.2386,1,0.45,sart_4,sart_4,3.7697,0.952,0,0.3728,1.0643,0.0927,-0.2077
790,2530.35,2531.875,2531.4,2533.4,2025-08-08 16:35:35.687000,1.05,2.0,3.05,19.672,0.525,0.3443,0.4503,-0.3736,5.64105,0.4288,0,0.0,sart_4,sart_4,3.7697,1.496,0,0.377,1.0857,0.0853,-0.0985
791,2533.4,2534.85,2534.5,2536.3,2025-08-08 16:35:38.688000,1.1,1.8,2.9,20.69,0.6111,0.3793,0.2237,-0.2887,2.80258,0.2034,0,0.0,sart_4,sart_4,3.7697,0.743,0,0.3772,1.0976,0.0572,-0.0426
792,2536.3,2539.325,2538.85,2542.35,2025-08-08 16:35:41.571000,2.55,3.5,6.05,9.917,0.7286,0.4215,0.6005,-0.5977,7.52365,0.2355,1,0.7,sart_4,sart_4,3.7697,1.996,0,0.4634,1.2548,0.0568,-0.3498
793,2542.35,2543.65,2543.55,2544.95,2025-08-08 16:35:47.694000,1.2,1.4,2.6,23.077,0.8571,0.4615,0.2606,-0.2504,3.26512,0.2172,0,0.0,sart_4,sart_4,3.58696,0.91,0,0.4631,1.3905,0.0902,0.3639
794,2544.95,2546.15,2545.85,2547.35,2025-08-08 16:35:50.304000,0.9,1.5,2.4,25.0,0.6,0.375,0.2063,-0.2006,2.58449,0.2292,0,0.0,sart_4,sart_4,3.46431,0.746,0,0.4691,1.4238,0.0909,0.4876
795,2547.35,2547.85,2547.85,2548.35,2025-08-08 16:35:52.699000,0.5,0.5,1.0,60.0,1.0,0.5,0.3826,-0.2198,4.79376,0.7653,0,0.0,sart_4,sart_4,3.46431,1.384,0,0.4393,1.4143,0.0821,2.2921
796,2548.35,2549.45,2548.95,2550.55,2025-08-08 16:35:53.687000,0.6,1.6,2.2,27.273,0.375,0.2727,0.3089,-0.4598,3.8701,0.5148,0,0.0,sart_4,sart_4,3.46431,1.117,0,0.4383,1.3619,0.0888,0.5118
797,2550.55,2552.325,2551.75,2554.1,2025-08-08 16:35:55.907000,1.2,2.35,3.55,16.901,0.5106,0.338,0.2765,-0.2447,3.46431,0.2304,0,0.0,sart_4,sart_4,3.26512,1.061,0,0.4295,1.3357,0.0466,-0.0798
798,2554.1,2555.325,2555.05,2556.55,2025-08-08 16:35:59.391000,0.95,1.5,2.45,24.49,0.6333,0.3878,0.4061,-0.3443,5.08745,0.4274,0,0.0,sart_4,sart_4,3.46431,1.469,0,0.3977,1.3048,0.0359,0.2298
799,2556.55,2558.05,2557.95,2559.55,2025-08-08 16:36:01.885000,1.4,1.6,3.0,20.0,0.875,0.4667,0.4205,-0.3975,5.26759,0.3003,0,0.0,sart_4,sart_4,3.58696,1.469,0,0.3959,1.25,0.0365,-0.0198
800,2559.55,2560.8,2560.65,2562.05,2025-08-08 16:36:04.882000,1.1,1.4,2.5,24.0,0.7857,0.44,0.3274,-0.355,4.10214,0.2977,0,0.0,sart_4,sart_4,3.46431,1.184,0,0.4016,1.2571,0.0366,0.2158
801,2562.05,2563.55,2563.1,2565.05,2025-08-08 16:36:07.396000,1.05,1.95,3.0,20.0,0.5385,0.35,0.2296,-0.272,2.87663,0.2187,0,0.0,sart_4,sart_4,3.46431,0.83,0,0.3999,1.2762,0.0325,-0.0069
802,2565.05,2568.5,2567.95,2571.95,2025-08-08 16:36:10.406000,2.9,4.0,6.9,8.696,0.725,0.4203,1.3599,-1.4102,17.03727,0.4689,0,0.0,sart_4,sart_4,3.68164,4.628,1,0.4026,1.3024,0.0637,-0.612
803,2571.95,2573.65,2573.45,2575.35,2025-08-08 16:36:17.299000,1.5,1.9,3.4,17.647,0.7895,0.4412,0.2489,-0.2657,3.11804,0.1659,0,0.0,sart_4,sart_4,3.52059,0.886,0,0.3598,1.1667,0.1286,-0.2639
804,2575.35,2576.575,2576.5,2577.8,2025-08-08 16:36:20.688000,1.15,1.3,2.45,24.49,0.8846,0.4694,0.2484,-0.2268,3.11247,0.216,0,0.0,sart_4,sart_4,3.68164,0.845,0,0.3563,1.0048,0.1188,0.0964
805,2577.8,2579.775,2579.35,2581.75,2025-08-08 16:36:23.094000,1.55,2.4,3.95,15.19,0.6458,0.3924,0.201,-0.2051,2.51807,0.1297,0,0.0,sart_4,sart_4,3.69924,0.681,0,0.3541,1.0167,0.0686,-0.4157
806,2581.75,2583.4,2582.75,2585.05,2025-08-08 16:36:27.139000,1.0,2.3,3.3,18.182,0.4348,0.303,0.243,-0.2456,3.04421,0.243,1,0.7,sart_4,sart_4,3.69924,0.823,0,0.3103,0.9667,-0.0236,-0.3944
807,2585.05,2586.575,2586.0,2588.1,2025-08-08 16:36:30.414000,0.95,2.1,3.05,19.672,0.4524,0.3115,0.2571,-0.2908,3.22075,0.2706,1,0.4,sart_4,sart_4,3.69924,0.871,0,0.3012,0.9143,0.0021,-0.3428
808,2588.1,2589.35,2589.2,2590.6,2025-08-08 16:36:33.377000,1.1,1.4,2.5,24.0,0.7857,0.44,0.32,-0.2807,4.00852,0.2909,0,0.0,sart_4,sart_4,3.72447,1.076,0,0.3046,0.8524,0.0253,-0.0969
809,2590.6,2592.2,2592.1,2593.8,2025-08-08 16:36:35.896000,1.5,1.7,3.2,18.75,0.8824,0.4687,0.2939,-0.2387,3.68164,0.1959,1,0.35,sart_4,sart_4,3.72447,0.989,0,0.3012,0.8024,0.0297,-0.3929
810,2593.8,2595.125,2594.95,2596.45,2025-08-08 16:36:39.080000,1.15,1.5,2.65,22.642,0.7667,0.434,0.2456,-0.2909,3.07642,0.2135,0,0.0,sart_4,sart_4,3.72447,0.826,0,0.3019,0.7857,0.0308,-0.1793
811,2596.45,2598.125,2597.95,2599.8,2025-08-08 16:36:41.814000,1.5,1.85,3.35,17.91,0.8108,0.4478,0.2953,-0.2993,3.69924,0.1968,0,0.0,sart_4,sart_4,3.72447,0.993,0,0.2986,0.769,0.0312,-0.4469
812,2599.8,2601.125,2601.0,2602.45,2025-08-08 16:36:45.084000,1.2,1.45,2.65,22.642,0.8276,0.4528,0.2973,-0.2939,3.72447,0.2477,0,0.0,sart_4,sart_4,3.72447,1.0,0,0.302,0.75,0.1838,-0.179
813,2602.45,2603.925,2603.85,2605.4,2025-08-08 16:36:47.786000,1.4,1.55,2.95,20.339,0.9032,0.4746,0.281,-0.2952,3.52059,0.2007,0,0.0,sart_4,sart_4,3.69924,0.952,0,0.1263,0.5667,-0.2282,-0.8703
814,2605.4,2606.9,2606.75,2608.4,2025-08-08 16:36:50.720000,1.35,1.65,3.0,20.0,0.8182,0.45,0.3528,-0.3462,4.42012,0.2613,0,0.0,sart_4,sart_4,3.72447,1.187,0,0.1219,0.4071,-0.1332,-0.9029
815,2608.4,2609.675,2609.65,2610.95,2025-08-08 16:36:53.694000,1.25,1.3,2.55,23.529,0.9615,0.4902,0.3077,-0.3278,3.85535,0.2462,0,0.0,sart_4,sart_4,3.85535,1.0,0,0.1193,0.3881,0.0572,-0.7196
816,2610.95,2612.4,2612.25,2613.85,2025-08-08 16:36:56.296000,1.3,1.6,2.9,20.69,0.8125,0.4483,0.3145,-0.2991,3.94016,0.2419,0,0.0,sart_4,sart_4,3.87192,1.018,0,0.0917,0.35,-0.3986,-0.9628
817,2613.85,2615.25,2614.85,2616.65,2025-08-08 16:36:59.119000,1.0,1.8,2.8,21.429,0.5556,0.3571,0.3166,-0.3195,3.96688,0.3166,0,0.0,sart_4,sart_4,3.87192,1.025,0,0.1045,0.369,-0.5468,-0.8814
818,2616.65,2618.025,2617.7,2619.4,2025-08-08 16:37:02.003000,1.05,1.7,2.75,21.818,0.6176,0.3818,0.3438,-0.3339,4.30704,0.3274,0,0.0,sart_4,sart_4,3.94016,1.093,0,0.1064,0.3786,-0.2546,-0.8541
819,2619.4,2620.75,2620.45,2622.1,2025-08-08 16:37:04.696000,1.05,1.65,2.7,22.222,0.6364,0.3889,0.3348,-0.3382,4.19405,0.3188,0,0.0,sart_4,sart_4,3.94016,1.064,0,0.1035,0.3786,-0.2342,-0.8415
820,2622.1,2623.55,2623.25,2625.0,2025-08-08 16:37:07.404000,1.15,1.75,2.9,20.69,0.6571,0.3966,0.3246,-0.3225,4.0661,0.2822,0,0.0,sart_4,sart_4,3.94016,1.032,0,0.1021,0.3667,-0.2248,-0.9292
821,2625.0,2626.375,2626.2,2627.75,2025-08-08 16:37:10.279000,1.2,1.55,2.75,21.818,0.7742,0.4364,0.3193,-0.3222,4.00029,0.2661,0,0.0,sart_4,sart_4,3.94016,1.015,0,0.1005,0.3429,-0.1476,-0.8731
822,2627.75,2629.075,2628.9,2630.4,2025-08-08 16:37:13.103000,1.15,1.5,2.65,22.642,0.7667,0.434,0.2949,-0.2991,3.69509,0.2565,0,0.0,sart_4,sart_4,3.94016,0.938,0,0.0948,0.3143,-0.0772,-0.8468
823,2630.4,2631.7,2631.3,2633.0,2025-08-08 16:37:15.686000,0.9,1.7,2.6,23.077,0.5294,0.3462,0.289,-0.2782,3.62132,0.3212,0,0.0,sart_4,sart_4,3.94016,0.919,0,0.0926,0.281,-0.0659,-0.8302
824,2633.0,2634.375,2634.1,2635.75,2025-08-08 16:37:18.293000,1.1,1.65,2.75,21.818,0.6667,0.4,0.3319,-0.3401,4.15845,0.3017,0,0.0,sart_4,sart_4,3.96688,1.048,0,0.0926,0.269,-0.0704,-0.8986
825,2635.75,2637.4,2637.25,2639.05,2025-08-08 16:37:21.082000,1.5,1.8,3.3,18.182,0.8333,0.4545,0.32,-0.306,4.00847,0.2133,0,0.0,sart_4,sart_4,3.96688,1.01,0,0.0924,0.2667,-0.0454,-1.0967
826,2639.05,2640.35,2640.3,2641.65,2025-08-08 16:37:24.407000,1.25,1.35,2.6,23.077,0.9259,0.4808,0.3091,-0.2992,3.87192,0.2472,0,0.0,sart_4,sart_4,3.97658,0.974,0,0.0879,0.2476,-0.0481,-0.8454
827,2641.65,2643.475,2643.45,2645.3,2025-08-08 16:37:26.986000,1.8,1.85,3.65,16.438,0.973,0.4932,0.2186,-0.2327,2.73928,0.1215,0,0.0,sart_4,sart_4,3.97658,0.689,0,0.0879,0.2333,-0.0489,-1.2059
828,2645.3,2646.9,2646.7,2648.5,2025-08-08 16:37:30.587000,1.4,1.8,3.2,18.75,0.7778,0.4375,0.3174,-0.3053,3.97658,0.2267,0,0.0,sart_4,sart_4,3.97845,1.0,0,0.0883,0.2381,-0.0641,-1.0791
829,2648.5,2649.825,2649.7,2651.15,2025-08-08 16:37:33.796000,1.2,1.45,2.65,22.642,0.8276,0.4528,0.3194,-0.3398,4.00108,0.2661,0,0.0,sart_4,sart_4,3.97658,1.006,0,0.0898,0.2571,-0.1307,-0.8629
830,2651.15,2652.7,2652.65,2654.25,2025-08-08 16:37:36.502000,1.5,1.6,3.1,19.355,0.9375,0.4839,0.2971,-0.3021,3.72252,0.1981,0,0.0,sart_4,sart_4,3.97658,0.936,0,0.328,0.4857,-0.271,-0.2737
831,2654.25,2655.775,2655.45,2657.3,2025-08-08 16:37:39.588000,1.2,1.85,3.05,19.672,0.6486,0.3934,0.2976,-0.296,3.72872,0.248,0,0.0,sart_4,sart_4,3.97658,0.938,0,0.3623,0.7738,-0.4303,-0.1459
832,2657.3,2658.775,2658.6,2660.25,2025-08-08 16:37:42.587000,1.3,1.65,2.95,20.339,0.7879,0.4407,0.3078,-0.3043,3.85607,0.2368,0,0.0,sart_4,sart_4,3.92499,0.982,0,0.3701,0.8119,-0.3361,-0.0845
833,2660.25,2661.725,2661.6,2663.2,2025-08-08 16:37:45.591000,1.35,1.6,2.95,20.339,0.8437,0.4576,0.3118,-0.3136,3.90641,0.231,0,0.0,sart_4,sart_4,3.97658,0.982,0,0.3718,0.9143,-0.3757,-0.0791
834,2663.2,2664.65,2664.55,2666.1,2025-08-08 16:37:48.590000,1.35,1.55,2.9,20.69,0.871,0.4655,0.324,-0.3182,4.05861,0.24,0,0.0,sart_4,sart_4,3.97658,1.021,0,0.3718,1.0,-0.3985,-0.06
835,2666.1,2667.55,2667.3,2669.0,2025-08-08 16:37:51.376000,1.2,1.7,2.9,20.69,0.7059,0.4138,0.3176,-0.3145,3.97845,0.2646,0,0.0,sart_4,sart_4,3.97658,1.0,0,0.3735,0.9929,-0.3824,-0.0545
836,2669.0,2670.475,2670.25,2671.95,2025-08-08 16:37:54.290000,1.25,1.7,2.95,20.339,0.7353,0.4237,0.3254,-0.3247,4.07642,0.2603,0,0.0,sart_4,sart_4,3.97658,1.025,0,0.3795,1.0595,-0.3925,-0.0543
837,2671.95,2673.4,2673.15,2674.85,2025-08-08 16:37:57.287000,1.2,1.7,2.9,20.69,0.7059,0.4138,0.3012,-0.3447,3.77349,0.251,0,0.0,sart_4,sart_4,3.97658,0.949,0,0.3795,1.119,-0.3993,-0.0352
838,2674.85,2676.4,2676.4,2677.95,2025-08-08 16:38:00.206000,1.55,1.55,3.1,19.355,1.0,0.5,0.3184,-0.3265,3.98845,0.2054,0,0.0,sart_4,sart_4,3.97658,1.003,0,0.3921,1.0881,-0.3756,-0.0671
839,2677.95,2679.275,2679.25,2680.6,2025-08-08 16:38:03.296000,1.3,1.35,2.65,22.642,0.963,0.4906,0.3133,-0.2808,3.92499,0.241,0,0.0,sart_4,sart_4,3.92499,1.0,0,0.3917,1.119,-0.3758,0.1101
840,2680.6,2684.35,2684.05,2688.1,2025-08-08 16:38:05.896000,3.45,4.05,7.5,8.0,0.8519,0.46,1.0527,-1.0051,13.18816,0.3051,0,0.0,sart_4,sart_4,3.92499,3.36,1,0.3861,1.1,-0.3753,-0.703
841,2688.1,2688.725,2688.45,2689.35,2025-08-08 16:38:13.398000,0.35,0.9,1.25,48.0,0.3889,0.28,0.4406,-0.4681,5.52048,1.259,1,0.5,sart_4,sart_4,3.97845,1.388,0,0.3845,1.081,-0.3707,1.4639
842,2689.35,2690.45,2690.25,2691.55,2025-08-08 16:38:14.689000,0.9,1.3,2.2,27.273,0.6923,0.4091,0.2346,-0.2481,2.93936,0.2607,0,0.0,sart_4,sart_4,3.97845,0.739,0,0.4164,1.1833,-0.3713,0.4412
843,2691.55,2693.775,2693.65,2696.0,2025-08-08 16:38:16.883000,2.1,2.35,4.45,13.483,0.8936,0.4719,0.5083,-0.523,6.36778,0.242,0,0.0,sart_4,sart_4,3.97845,1.601,0,0.4235,1.2286,-0.31,-0.2847
844,2696.0,2697.3,2697.5,2698.6,2025-08-08 16:38:21.290000,1.5,1.1,2.6,23.077,1.3636,0.5769,0.2177,-0.1856,2.72765,0.1451,0,0.0,sart_4,sart_4,3.98845,0.684,0,0.4433,1.3857,-0.3332,0.3
845,2698.6,2699.9,2699.5,2701.2,2025-08-08 16:38:23.867000,0.9,1.7,2.6,23.077,0.5294,0.3462,0.3451,-0.3905,4.32403,0.3835,0,0.0,stressor_test_2,stressor_test_2,3.97845,1.087,0,0.4547,1.5524,-0.3707,0.3368
846,2701.2,2703.475,2702.1,2705.75,2025-08-08 16:38:26.485000,0.9,3.65,4.55,13.187,0.2466,0.1978,0.3577,-0.3104,4.48082,0.3974,1,0.8,stressor_test_2,stressor_test_2,3.98845,1.123,0,0.4538,1.5952,-0.363,-0.2031
847,2705.75,2707.05,2706.65,2708.35,2025-08-08 16:38:31.096000,0.9,1.7,2.6,23.077,0.5294,0.3462,0.1629,-0.2241,2.04094,0.181,0,0.0,stressor_test_2,stressor_test_2,3.92499,0.52,0,0.4771,1.6619,-0.3478,0.409
848,2708.35,2709.45,2709.25,2710.55,2025-08-08 16:38:33.713000,0.9,1.3,2.2,27.273,0.6923,0.4091,0.2401,-0.2091,3.0082,0.2668,0,0.0,stressor_test_2,stressor_test_2,3.92499,0.766,0,0.4818,1.7048,-0.3154,0.652
849,2710.55,2712.2,2712.45,2713.85,2025-08-08 16:38:35.906000,1.9,1.4,3.3,18.182,1.3571,0.5758,0.3045,-0.2992,3.81471,0.1603,0,0.0,stressor_test_2,stressor_test_2,3.81471,1.0,0,0.4909,1.7048,-0.3025,0.1877
850,2713.85,2715.575,2715.4,2717.3,2025-08-08 16:38:39.201000,1.55,1.9,3.45,17.391,0.8158,0.4493,0.3357,-0.3112,4.20524,0.2166,0,0.0,stressor_test_2,stressor_test_2,3.81471,1.102,0,0.486,1.781,-0.3726,0.1289
851,2717.3,2719.05,2718.3,2720.8,2025-08-08 16:38:42.596000,1.0,2.5,3.5,17.143,0.4,0.2857,0.4168,-0.3564,5.22193,0.4168,1,0.45,stressor_test_2,stressor_test_2,3.81471,1.369,0,0.3892,1.5881,-0.1635,-0.1965
852,2720.8,2721.45,2721.15,2722.1,2025-08-08 16:38:46.099000,0.35,0.95,1.3,46.154,0.3684,0.2692,0.1378,-0.1363,1.72672,0.3938,0,0.0,stressor_test_2,stressor_test_2,3.81471,0.453,0,0.5072,1.5429,-0.0617,1.7591
853,2722.1,2723.275,2722.8,2724.45,2025-08-08 16:38:47.390000,0.7,1.65,2.35,25.532,0.4242,0.2979,0.2676,-0.3418,3.35274,0.3823,0,0.0,stressor_test_2,stressor_test_2,3.91863,0.856,0,0.4914,1.7,0.1112,0.5884
854,2724.45,2727.275,2725.6,2730.1,2025-08-08 16:38:49.796000,1.15,4.5,5.65,10.619,0.2556,0.2035,0.4046,-0.4014,5.06929,0.3518,0,0.0,stressor_test_2,stressor_test_2,3.81471,1.329,0,0.5269,1.75,0.0764,-0.107
855,2730.1,2731.15,2730.95,2732.2,2025-08-08 16:38:55.486000,0.85,1.25,2.1,28.571,0.68,0.4048,0.2166,-0.2495,2.71392,0.2548,0,0.0,stressor_test_2,stressor_test_2,3.91863,0.693,0,0.5229,1.8595,-0.0076,0.8549
856,2732.2,2733.7,2734.4,2735.2,2025-08-08 16:38:57.473000,2.2,0.8,3.0,20.0,2.75,0.7333,0.3475,-0.2115,4.35403,0.158,0,0.0,stressor_test_2,stressor_test_2,3.81471,1.141,0,0.5119,1.8905,0.0525,0.3541
857,2735.2,2735.975,2735.75,2736.75,2025-08-08 16:39:00.496000,0.55,1.0,1.55,38.71,0.55,0.3548,0.1681,-0.1896,2.10646,0.3057,0,0.0,stressor_test_2,stressor_test_2,3.81471,0.552,0,0.512,1.831,0.0818,1.3703
858,2736.75,2738.0,2737.1,2739.25,2025-08-08 16:39:02.086000,0.35,2.15,2.5,24.0,0.1628,0.14,0.1592,-0.2339,1.99465,0.4549,0,0.0,stressor_test_2,stressor_test_2,3.91863,0.509,0,0.5061,1.8167,0.0824,0.5526
859,2739.25,2740.4,2740.2,2741.55,2025-08-08 16:39:04.614000,0.95,1.35,2.3,26.087,0.7037,0.413,0.2511,-0.2614,3.14525,0.2643,0,0.0,stressor_test_2,stressor_test_2,4.14062,0.76,0,0.486,1.8405,0.1078,0.6011
860,2741.55,2743.725,2743.5,2745.9,2025-08-08 16:39:06.886000,1.95,2.4,4.35,13.793,0.8125,0.4483,0.3128,-0.2532,3.91863,0.1604,0,0.0,stressor_test_2,stressor_test_2,4.14062,0.946,0,0.488,1.8714,0.0936,-0.06
861,2745.9,2747.675,2746.9,2749.45,2025-08-08 16:39:11.178000,1.0,2.55,3.55,16.901,0.3922,0.2817,0.4086,-0.4727,5.11849,0.4086,0,0.0,stressor_test_2,stressor_test_2,3.91863,1.306,0,0.5032,1.9048,0.1052,0.1577
862,2749.45,2753.875,2756.5,2758.3,2025-08-08 16:39:14.783000,7.05,1.8,8.85,6.78,3.9167,0.7966,1.7309,-1.6062,21.68556,0.2455,1,0.6,stressor_test_2,stressor_test_2,3.61793,5.994,1,0.5009,1.9786,0.098,-0.3992
863,2758.3,2760.6,2759.6,2762.9,2025-08-08 16:39:23.572000,1.3,3.3,4.6,13.043,0.3939,0.2826,0.4433,-0.5606,5.55412,0.341,0,0.0,stressor_test_2,stressor_test_2,3.61793,1.535,0,0.4699,1.9119,0.0439,-0.1591
864,2762.9,2763.55,2763.25,2764.2,2025-08-08 16:39:28.187000,0.35,0.95,1.3,46.154,0.3684,0.2692,0.213,-0.2383,2.66898,0.6087,0,0.0,stressor_test_2,stressor_test_2,3.61793,0.738,0,0.4607,1.8643,0.1024,1.6092
865,2764.2,2766.925,2767.45,2769.65,2025-08-08 16:39:29.478000,3.25,2.2,5.45,11.009,1.4773,0.5963,0.4409,-0.3929,5.5239,0.1357,0,0.0,stressor_test_2,stressor_test_2,3.61793,1.527,0,0.4569,1.7548,0.159,-0.3114
866,2769.65,2772.05,2770.95,2774.45,2025-08-08 16:39:34.997000,1.3,3.5,4.8,12.5,0.3714,0.2708,0.2888,-0.3112,3.61793,0.2221,1,1.45,stressor_test_2,stressor_test_2,3.61793,1.0,0,0.4525,1.6643,0.1311,-0.2446
867,2774.45,2776.5,2776.8,2778.55,2025-08-08 16:39:39.806000,2.35,1.75,4.1,14.634,1.3429,0.5732,0.3305,-0.3184,4.14062,0.1406,0,0.0,stressor_test_2,stressor_test_2,3.61793,1.144,0,0.4592,1.6286,0.1351,-0.1072
868,2778.55,2781.425,2780.05,2784.3,2025-08-08 16:39:43.876000,1.5,4.25,5.75,10.435,0.3529,0.2609,0.8125,-0.8411,10.17913,0.5417,0,0.0,stressor_test_2,stressor_test_2,3.91863,2.598,1,0.4254,1.669,0.0591,-0.4441
869,2784.3,2786.725,2786.85,2789.15,2025-08-08 16:39:49.576000,2.55,2.3,4.85,12.371,1.1087,0.5258,0.3499,-0.3665,4.38375,0.1372,0,0.0,stressor_test_2,stressor_test_2,3.95023,1.11,0,0.4244,1.7167,0.0585,-0.3422
870,2789.15,2790.7,2790.0,2792.25,2025-08-08 16:39:54.500000,0.85,2.25,3.1,19.355,0.3778,0.2742,0.1887,-0.198,2.36354,0.2219,1,0.65,stressor_test_2,stressor_test_2,4.14062,0.571,0,0.4031,1.8238,0.0688,-0.0316
871,2792.25,2793.375,2793.1,2794.5,2025-08-08 16:39:57.596000,0.85,1.4,2.25,26.667,0.6071,0.3778,0.245,-0.1826,3.06883,0.2882,0,0.0,stressor_test_2,stressor_test_2,4.38375,0.7,0,0.4027,1.7357,0.0718,0.3641
872,2794.5,2796.425,2795.2,2798.35,2025-08-08 16:39:59.784000,0.7,3.15,3.85,15.584,0.2222,0.1818,0.2695,-0.2979,3.37599,0.385,0,0.0,stressor_test_2,stressor_test_2,4.38375,0.77,0,0.4148,1.831,0.1609,-0.1987
873,2798.35,2799.875,2799.15,2801.4,2025-08-08 16:40:03.709000,0.8,2.25,3.05,19.672,0.3556,0.2623,0.1863,-0.2312,2.33372,0.2328,0,0.0,stressor_test_2,stressor_test_2,4.38375,0.532,0,0.4011,1.6238,0.3661,-0.0209
874,2801.4,2802.9,2802.6,2804.4,2025-08-08 16:40:06.683000,1.2,1.8,3.0,20.0,0.6667,0.4,0.2445,-0.2487,3.06256,0.2037,1,0.4,stressor_test_2,stressor_test_2,4.38375,0.699,0,0.4006,1.5762,0.4054,-0.0047
875,2804.4,2806.4,2805.6,2808.4,2025-08-08 16:40:09.678000,1.2,2.8,4.0,15.0,0.4286,0.3,0.3153,-0.2565,3.95023,0.2628,1,0.55,stressor_test_2,stressor_test_2,4.44561,0.889,0,0.388,1.569,0.451,-0.3168
876,2808.4,2809.575,2809.3,2810.75,2025-08-08 16:40:13.698000,0.9,1.45,2.35,25.532,0.6207,0.383,0.2496,-0.221,3.12739,0.2774,0,0.0,stressor_test_2,stressor_test_2,4.44561,0.703,0,0.393,1.4571,0.4476,0.2712
877,2810.75,2812.0,2811.15,2813.25,2025-08-08 16:40:16.103000,0.4,2.1,2.5,24.0,0.1905,0.16,0.3717,-0.4802,4.65706,0.9293,0,0.0,stressor_test_2,stressor_test_2,4.44561,1.048,0,0.4161,1.4905,0.4552,0.2625
878,2813.25,2815.65,2814.5,2818.05,2025-08-08 16:40:18.533000,1.25,3.55,4.8,12.5,0.3521,0.2604,0.6455,-0.1911,8.08654,0.5164,0,0.0,stressor_test_2,stressor_test_2,4.65706,1.736,0,0.4156,1.6143,0.4,-0.3636
879,2818.05,2821.425,2819.35,2824.8,2025-08-08 16:40:23.391000,1.3,5.45,6.75,8.889,0.2385,0.1926,0.9693,-1.4269,12.14369,0.7456,0,0.0,stressor_test_2,stressor_test_2,4.44561,2.732,1,0.4322,1.6833,0.3375,-0.5061
880,2824.8,2826.95,2827.5,2829.1,2025-08-08 16:40:30.081000,2.7,1.6,4.3,13.953,1.6875,0.6279,1.2055,-0.9667,15.1032,0.4465,0,0.0,stressor_test_2,stressor_test_2,4.65706,3.243,1,0.4338,1.7167,0.3456,-0.226
881,2829.1,2831.35,2830.15,2833.6,2025-08-08 16:40:34.367000,1.05,3.45,4.5,13.333,0.3043,0.2333,0.4817,-0.6116,6.03518,0.4588,1,0.7,stressor_test_2,stressor_test_2,4.65706,1.296,0,0.4391,1.7,0.3218,-0.2426
882,2833.6,2837.25,2837.1,2840.9,2025-08-08 16:40:38.900000,3.5,3.8,7.3,8.219,0.9211,0.4795,0.5572,-0.7626,6.9805,0.1592,1,1.55,stressor_test_2,stressor_test_2,4.65706,1.499,0,0.4357,1.6714,0.3496,-0.5312
883,2840.9,2845.025,2844.8,2849.15,2025-08-08 16:40:46.188000,3.9,4.35,8.25,7.273,0.8966,0.4727,0.6505,-0.6177,8.14959,0.1668,1,1.65,stressor_test_2,stressor_test_2,6.03518,1.35,0,0.4336,1.7333,0.3042,-0.5894
884,2849.15,2851.65,2852.4,2854.15,2025-08-08 16:40:54.499000,3.25,1.75,5.0,12.0,1.8571,0.65,1.154,-0.7416,14.45833,0.3551,0,0.0,stressor_test_2,stressor_test_2,6.04998,2.39,1,0.439,1.8238,0.2517,-0.3153
885,2854.15,2855.075,2854.7,2856.0,2025-08-08 16:40:59.485000,0.55,1.3,1.85,32.432,0.4231,0.2973,0.3548,-0.5946,4.44561,0.6452,0,0.0,stressor_test_2,stressor_test_2,6.04998,0.735,0,0.4477,1.8333,0.2821,0.8222
886,2856.0,2857.825,2856.7,2859.65,2025-08-08 16:41:01.280000,0.7,2.95,3.65,16.438,0.2373,0.1918,0.6334,-0.5574,7.93608,0.9049,1,0.45,stressor_test_2,stressor_test_2,6.04998,1.312,0,0.448,1.8595,0.2837,-0.0453
887,2859.65,2860.8,2860.45,2861.95,2025-08-08 16:41:05,0.8,1.5,2.3,26.087,0.5333,0.3478,0.2863,-0.2953,3.58688,0.3579,0,0.0,stressor_test_2,stressor_test_2,6.11867,0.586,0,0.433,1.8024,0.2504,0.4303
888,2861.95,2864.75,2863.9,2867.55,2025-08-08 16:41:07.314000,1.95,3.65,5.6,10.714,0.5342,0.3482,0.4829,-0.5342,6.04998,0.2476,0,0.0,stressor_test_2,stressor_test_2,6.474,0.935,0,0.4204,1.9333,0.2384,-0.4451
889,2867.55,2868.8,2868.3,2870.05,2025-08-08 16:41:12.889000,0.75,1.75,2.5,24.0,0.4286,0.3,0.2466,-0.2372,3.08941,0.3288,1,0.7,stressor_test_2,stressor_test_2,6.11867,0.505,0,0.4345,1.9905,0.1721,0.3218
890,2870.05,2872.1,2871.05,2874.15,2025-08-08 16:41:15.317000,1.0,3.1,4.1,14.634,0.3226,0.2439,0.4884,-0.5064,6.11867,0.4884,0,0.0,stressor_test_2,stressor_test_2,6.04998,1.011,0,0.4335,1.9048,0.1883,-0.19
891,2874.15,2875.5,2875.05,2876.85,2025-08-08 16:41:19.495000,0.9,1.8,2.7,22.222,0.5,0.3333,0.2255,-0.3255,2.82552,0.2506,1,0.4,stressor_test_2,stressor_test_2,6.04998,0.467,0,0.4345,1.8357,0.1845,0.2253
892,2876.85,2878.075,2877.9,2879.3,2025-08-08 16:41:22.193000,1.05,1.4,2.45,24.49,0.75,0.4286,0.3396,-0.3121,4.25427,0.3234,0,0.0,stressor_test_2,stressor_test_2,6.11867,0.695,0,0.4489,1.8905,0.1716,0.3948
893,2879.3,2881.975,2880.55,2884.65,2025-08-08 16:41:24.588000,1.25,4.1,5.35,11.215,0.3049,0.2336,0.5558,-0.6154,6.9627,0.4446,2,0.85,stressor_test_2,stressor_test_2,6.11867,1.138,0,0.4227,1.8786,-0.1958,-0.4105
894,2884.65,2885.975,2885.6,2887.3,2025-08-08 16:41:29.990000,0.95,1.7,2.65,22.642,0.5588,0.3585,0.5167,-0.499,6.474,0.5439,0,0.0,stressor_test_2,stressor_test_2,6.11867,1.058,0,0.3498,1.8929,-0.4372,-0.0249
895,2887.3,2888.5,2888.2,2889.7,2025-08-08 16:41:32.572000,0.9,1.5,2.4,25.0,0.6,0.375,0.4333,-0.9493,5.42877,0.4815,1,0.3,stressor_test_2,stressor_test_2,6.04998,0.897,0,0.3621,1.8238,-0.3957,0.1428
896,2889.7,2891.675,2890.4,2893.65,2025-08-08 16:41:34.972000,0.7,3.25,3.95,15.19,0.2154,0.1772,0.458,-0.4363,5.73856,0.6544,1,0.75,stressor_test_2,stressor_test_2,6.04998,0.949,0,0.337,1.769,-0.4256,-0.4708
897,2893.65,2895.4,2895.15,2897.15,2025-08-08 16:41:38.986000,1.5,2.0,3.5,17.143,0.75,0.4286,0.9002,-0.651,11.27847,0.6002,0,0.0,stressor_test_2,stressor_test_2,5.73856,1.965,0,0.3431,1.7452,-0.4448,-0.3451
898,2897.15,2900.35,2900.7,2903.55,2025-08-08 16:41:42.496000,3.55,2.85,6.4,9.375,1.2456,0.5547,1.334,-0.852,16.71301,0.3758,1,0.35,stressor_test_2,stressor_test_2,6.04998,2.762,1,0.3368,1.8024,-0.4133,-0.7872
899,2903.55,2905.0,2904.65,2906.45,2025-08-08 16:41:48.889000,1.1,1.8,2.9,20.69,0.6111,0.3793,0.3815,-0.4302,4.77923,0.3468,0,0.0,stressor_test_2,stressor_test_2,5.73856,0.833,0,0.3315,1.769,-0.3934,-0.1899
900,2906.45,2907.975,2907.95,2909.5,2025-08-08 16:41:51.796000,1.5,1.55,3.05,19.672,0.9677,0.4918,0.3884,-0.3861,4.8657,0.2589,0,0.0,stressor_test_2,stressor_test_2,5.73856,0.848,0,0.3256,1.6238,-0.3551,-0.2642
901,2909.5,2911.525,2910.3,2913.55,2025-08-08 16:41:54.797000,0.8,3.25,4.05,14.815,0.2462,0.1975,0.5841,-0.6234,7.31788,0.7301,0,0.0,stressor_test_2,stressor_test_2,5.73856,1.275,0,0.3255,1.6024,-0.3527,-0.5282
902,2913.55,2914.9,2914.6,2916.25,2025-08-08 16:41:58.883000,1.05,1.65,2.7,22.222,0.6364,0.3889,0.5559,-0.3592,6.96404,0.5294,0,0.0,stressor_test_2,stressor_test_2,5.73856,1.214,0,0.3209,1.5833,-0.418,-0.1409
903,2916.25,2918.875,2917.85,2921.5,2025-08-08 16:42:01.583000,1.6,3.65,5.25,11.429,0.4384,0.3048,0.8348,-0.8224,10.45849,0.5217,0,0.0,stressor_test_2,stressor_test_2,5.73856,1.822,0,0.3146,1.581,-0.342,-0.7472
904,2921.5,2923.5,2922.65,2925.5,2025-08-08 16:42:06.801000,1.15,2.85,4.0,15.0,0.4035,0.2875,0.594,-0.6056,7.44223,0.5165,1,0.35,stressor_test_2,stressor_test_2,5.57521,1.335,0,0.3119,1.4524,-0.2609,-0.562
905,2925.5,2926.6,2926.5,2927.7,2025-08-08 16:42:10.792000,1.0,1.2,2.2,27.273,0.8333,0.4545,0.386,-0.6082,4.83652,0.386,0,0.0,stressor_test_2,stressor_test_2,5.42877,0.891,0,0.3057,1.3476,-0.2982,0.0844
906,2927.7,2929.8,2929.25,2931.9,2025-08-08 16:42:12.981000,1.55,2.65,4.2,14.286,0.5849,0.369,0.3897,-0.4942,4.88242,0.2514,0,0.0,stressor_test_2,stressor_test_2,5.32706,0.917,0,0.3193,1.4,-0.2355,-0.577
907,2931.9,2933.35,2933.05,2934.8,2025-08-08 16:42:17.176000,1.15,1.75,2.9,20.69,0.6571,0.3966,0.3609,-0.3357,4.52123,0.3138,0,0.0,stressor_test_2,stressor_test_2,4.98969,0.906,0,0.3322,1.3548,-0.1441,-0.1876
908,2934.8,2937.525,2936.9,2940.25,2025-08-08 16:42:20.096000,2.1,3.35,5.45,11.009,0.6269,0.3853,0.5788,-0.5398,7.25132,0.2756,1,0.5,stressor_test_2,stressor_test_2,4.97854,1.457,0,0.3324,1.419,-0.2161,-0.7127
909,2940.25,2941.675,2941.2,2943.1,2025-08-08 16:42:25.585000,0.95,1.9,2.85,21.053,0.5,0.3333,0.3484,-0.3897,4.36427,0.3667,1,0.6,stressor_test_2,stressor_test_2,4.88242,0.894,0,0.2824,1.3024,-0.1677,-0.3284
910,2943.1,2944.55,2944.4,2946.0,2025-08-08 16:42:28.369000,1.3,1.6,2.9,20.69,0.8125,0.4483,0.3983,-0.3684,4.98969,0.3064,1,0.3,stressor_test_2,stressor_test_2,4.97854,1.002,0,0.2896,1.1905,-0.1362,-0.3249
911,2946.0,2948.025,2947.55,2950.05,2025-08-08 16:42:31.283000,1.55,2.5,4.05,14.815,0.62,0.3827,0.6172,-0.5947,7.73305,0.3982,0,0.0,stressor_test_2,stressor_test_2,4.97854,1.553,0,0.3018,1.3095,-0.2,-0.6046
912,2950.05,2951.575,2950.8,2953.1,2025-08-08 16:42:35.391000,0.75,2.3,3.05,19.672,0.3261,0.2459,0.4252,-0.4627,5.32706,0.5669,0,0.0,stressor_test_2,stressor_test_2,4.88242,1.091,0,0.3025,1.3071,-0.1655,-0.3386
913,2953.1,2954.525,2954.55,2955.95,2025-08-08 16:42:38.386000,1.45,1.4,2.85,21.053,1.0357,0.5088,0.445,-0.4014,5.57521,0.3069,0,0.0,stressor_test_2,stressor_test_2,4.83652,1.153,0,0.3012,1.2619,-0.1068,-0.2678
914,2955.95,2957.275,2957.75,2958.6,2025-08-08 16:42:41.300000,1.8,0.85,2.65,22.642,2.1176,0.6792,0.3974,-0.2382,4.97854,0.2208,1,0.7,stressor_test_2,stressor_test_2,4.7951,1.038,0,0.2815,1.1548,-0.1993,-0.245
915,2958.6,2960.175,2959.45,2961.75,2025-08-08 16:42:43.877000,0.85,2.3,3.15,19.048,0.3696,0.2698,0.3827,-0.6024,4.7951,0.4503,0,0.0,stressor_test_2,stressor_test_2,4.53917,1.056,0,0.2798,1.1238,-0.1628,-0.4457
916,2961.75,2962.65,2962.55,2963.55,2025-08-08 16:42:47.091000,0.8,1.0,1.8,33.333,0.8,0.4444,0.3623,-0.3353,4.53917,0.4529,0,0.0,stressor_test_2,stressor_test_2,4.52123,1.004,0,0.2679,1.0738,-0.1156,0.2916
917,2963.55,2964.75,2964.1,2965.95,2025-08-08 16:42:48.894000,0.55,1.85,2.4,25.0,0.2973,0.2292,0.1976,-0.2437,2.47557,0.3593,0,0.0,stressor_test_2,stressor_test_2,4.51867,0.548,0,0.2654,0.981,-0.0913,-0.1689
918,2965.95,2968.05,2968.45,2970.15,2025-08-08 16:42:51.286000,2.5,1.7,4.2,14.286,1.4706,0.5952,0.3465,-0.3227,4.34055,0.1386,1,0.35,stressor_test_2,stressor_test_2,4.36427,0.995,0,0.266,0.9262,-0.0395,-0.7487
919,2970.15,2972.025,2971.8,2973.9,2025-08-08 16:42:55.489000,1.65,2.1,3.75,16.0,0.7857,0.44,0.3607,-0.3755,4.51867,0.2186,0,0.0,stressor_test_2,stressor_test_2,4.36003,1.036,0,0.2233,0.8071,0.0231,-0.7933
920,2973.9,2976.35,2975.25,2978.8,2025-08-08 16:42:59.184000,1.35,3.55,4.9,12.245,0.3803,0.2755,0.4338,-0.4462,5.43426,0.3213,0,0.0,stressor_test_2,stressor_test_2,4.34055,1.252,0,0.2308,0.7095,0.0338,-0.973
921,2978.8,2979.925,2979.7,2981.05,2025-08-08 16:43:04.068000,0.9,1.35,2.25,26.667,0.6667,0.4,0.3241,-0.2279,4.06105,0.3602,0,0.0,stressor_test_2,stressor_test_2,4.1286,0.984,0,0.2301,0.7381,0.0613,-0.1921
922,2981.05,2982.65,2982.5,2984.25,2025-08-08 16:43:06.413000,1.45,1.75,3.2,18.75,0.8286,0.4531,0.3085,-0.3056,3.86482,0.2127,0,0.0,stressor_test_2,stressor_test_2,4.06105,0.952,0,0.2293,0.7119,0.0652,-0.6246
923,2984.25,2985.65,2985.55,2987.05,2025-08-08 16:43:09.594000,1.3,1.5,2.8,21.429,0.8667,0.4643,0.2904,-0.2939,3.63766,0.2233,0,0.0,stressor_test_2,stressor_test_2,4.05861,0.896,0,0.2295,0.6929,0.0653,-0.4785
924,2987.05,2988.6,2988.95,2990.15,2025-08-08 16:43:12.439000,1.9,1.2,3.1,19.355,1.5833,0.6129,0.3295,-0.3013,4.1286,0.1734,0,0.0,stressor_test_2,stressor_test_2,3.99331,1.034,0,0.2327,0.7048,0.0595,-0.5808
925,2990.15,2992.0,2990.65,2993.85,2025-08-08 16:43:15.500000,0.5,3.2,3.7,16.216,0.1563,0.1351,0.2747,-0.3474,3.44134,0.5494,0,0.0,stressor_test_2,stressor_test_2,3.99331,0.862,0,0.2298,0.719,0.0627,-0.7606
926,2993.85,2995.325,2994.85,2996.8,2025-08-08 16:43:19.222000,1.0,1.95,2.95,20.339,0.5128,0.339,0.2992,-0.3274,3.74824,0.2992,1,0.65,stressor_test_2,stressor_test_2,3.99331,0.939,0,0.2335,0.7167,0.085,-0.5248
927,2996.8,2998.3,2997.85,2999.8,2025-08-08 16:43:22.099000,1.05,1.95,3.0,20.0,0.5385,0.35,0.348,-0.3028,4.36003,0.3314,0,0.0,stressor_test_2,stressor_test_2,3.99331,1.092,0,0.211,0.6714,-0.0039,-0.6157
928,2999.8,3001.225,3000.85,3002.65,2025-08-08 16:43:25.102000,1.05,1.8,2.85,21.053,0.5833,0.3684,0.2795,-0.3169,3.50152,0.2662,0,0.0,stressor_test_2,stressor_test_2,4.01256,0.873,0,0.2041,0.6476,0.1042,-0.5808
929,3002.65,3004.1,3003.75,3005.55,2025-08-08 16:43:27.977000,1.1,1.8,2.9,20.69,0.6111,0.3793,0.3187,-0.3209,3.99331,0.2898,1,0.4,subject_idle,subject_idle,4.01256,0.995,0,0.1916,0.5714,-0.0156,-0.6408
930,3005.55,3006.725,3006.6,3007.9,2025-08-08 16:43:30.895000,1.05,1.3,2.35,25.532,0.8077,0.4468,0.2951,-0.289,3.69707,0.281,0,0.0,subject_idle,subject_idle,3.99331,0.926,0,0.2193,0.6071,-0.2621,-0.2886
931,3007.9,3009.4,3009.3,3010.9,2025-08-08 16:43:33.199000,1.4,1.6,3.0,20.0,0.875,0.4667,0.2918,-0.3017,3.65613,0.2084,0,0.0,subject_idle,subject_idle,3.86482,0.946,0,0.1593,0.5976,0.0884,-0.7824
932,3010.9,3012.1,3012.0,3013.3,2025-08-08 16:43:36.174000,1.1,1.3,2.4,25.0,0.8462,0.4583,0.324,-0.2918,4.05861,0.2945,0,0.0,subject_idle,subject_idle,3.86482,1.05,0,0.152,0.4857,0.16,-0.5344
933,3013.3,3014.8,3014.1,3016.3,2025-08-08 16:43:38.569000,0.8,2.2,3.0,20.0,0.3636,0.2667,0.2358,-0.2144,2.95372,0.2947,0,0.0,subject_idle,subject_idle,3.74824,0.788,0,0.1513,0.4595,0.1552,-0.8081
934,3016.3,3017.575,3017.3,3018.85,2025-08-08 16:43:41.571000,1.0,1.55,2.55,23.529,0.6452,0.3922,0.2888,-0.3103,3.61849,0.2888,1,0.45,subject_idle,subject_idle,3.99331,0.906,0,0.153,0.4405,0.1863,-0.611
935,3018.85,3020.375,3019.95,3021.9,2025-08-08 16:43:44.209000,1.1,1.95,3.05,19.672,0.5641,0.3607,0.3203,-0.3277,4.01256,0.2912,1,0.45,subject_idle,subject_idle,3.99331,1.005,0,0.1541,0.4286,0.1651,-0.8169
936,3021.9,3023.2,3023.15,3024.5,2025-08-08 16:43:47.205000,1.25,1.35,2.6,23.077,0.9259,0.4808,0.3387,-0.3238,4.24285,0.2709,0,0.0,subject_idle,subject_idle,4.01256,1.057,0,0.1395,0.4286,0.102,-0.6791
937,3024.5,3026.0,3026.05,3027.5,2025-08-08 16:43:49.791000,1.55,1.45,3.0,20.0,1.069,0.5167,0.3399,-0.3647,4.2582,0.2193,0,0.0,subject_idle,subject_idle,4.01256,1.061,0,0.191,0.4595,0.127,-0.6802
938,3027.5,3028.95,3028.95,3030.4,2025-08-08 16:43:52.796000,1.45,1.45,2.9,20.69,1.0,0.5,0.3324,-0.3148,4.1648,0.2293,0,0.0,subject_idle,subject_idle,3.99331,1.043,0,0.1903,0.5381,0.017,-0.645
939,3030.4,3031.75,3031.35,3033.1,2025-08-08 16:43:55.697000,0.95,1.75,2.7,22.222,0.5429,0.3519,0.3493,-0.3169,4.37643,0.3677,0,0.0,subject_idle,subject_idle,4.01256,1.091,0,0.1911,0.5357,0.0236,-0.5592
940,3033.1,3033.85,3033.5,3034.6,2025-08-08 16:43:58.405000,0.4,1.1,1.5,40.0,0.3636,0.2667,0.2174,-0.2197,2.72396,0.5436,0,0.0,subject_idle,subject_idle,4.05861,0.671,0,0.1909,0.5452,0.0428,0.4055
941,3034.6,3035.825,3035.55,3037.05,2025-08-08 16:43:59.904000,0.95,1.5,2.45,24.49,0.6333,0.3878,0.2562,-0.278,3.20988,0.2697,0,0.0,subject_idle,subject_idle,4.05861,0.791,0,0.1877,0.5262,0.0666,-0.447
942,3037.05,3038.425,3038.55,3039.8,2025-08-08 16:44:02.391000,1.5,1.25,2.75,21.818,1.2,0.5455,0.3363,-0.3502,4.21341,0.2242,0,0.0,subject_idle,subject_idle,4.05861,1.038,0,0.1877,0.5,0.0978,-0.5921
943,3039.8,3041.375,3041.4,3042.95,2025-08-08 16:44:05.087000,1.6,1.55,3.15,19.048,1.0323,0.5079,0.2813,-0.2886,3.52468,0.1758,0,0.0,subject_idle,subject_idle,4.01256,0.878,0,0.1851,0.4738,0.129,-0.7509
944,3042.95,3044.525,3044.4,3046.1,2025-08-08 16:44:08.305000,1.45,1.7,3.15,19.048,0.8529,0.4603,0.3402,-0.3457,4.26219,0.2346,0,0.0,subject_idle,subject_idle,4.1648,1.023,0,0.5355,0.7738,0.1451,0.3784
945,3046.1,3047.7,3047.5,3049.3,2025-08-08 16:44:11.394000,1.4,1.8,3.2,18.75,0.7778,0.4375,0.4018,-0.3937,5.0333,0.287,0,0.0,subject_idle,subject_idle,4.21341,1.195,0,0.5361,0.9619,0.3295,0.3642
946,3049.3,3050.6,3050.8,3051.9,2025-08-08 16:44:14.576000,1.5,1.1,2.6,23.077,1.3636,0.5769,0.3441,-0.2679,4.31123,0.2294,0,0.0,subject_idle,subject_idle,4.21341,1.023,0,0.5399,1.069,0.2937,0.6114
947,3051.9,3052.5,3052.25,3053.1,2025-08-08 16:44:17.175000,0.35,0.85,1.2,50.0,0.4118,0.2917,0.142,-0.1584,1.77938,0.4058,1,0.7,subject_idle,subject_idle,4.1648,0.427,0,0.5312,1.0881,0.2888,2.0453
948,3053.1,3054.55,3054.25,3056.0,2025-08-08 16:44:18.383000,1.15,1.75,2.9,20.69,0.6571,0.3966,0.293,-0.343,3.67128,0.2548,0,0.0,subject_idle,subject_idle,4.1648,0.882,0,0.528,1.0762,0.2884,0.4434
949,3056.0,3057.5,3057.65,3059.0,2025-08-08 16:44:21.292000,1.65,1.35,3.0,20.0,1.2222,0.55,0.3539,-0.3272,4.43344,0.2145,0,0.0,subject_idle,subject_idle,4.21341,1.052,0,0.5774,1.2976,0.2531,0.5652
950,3059.0,3060.375,3060.15,3061.75,2025-08-08 16:44:24.291000,1.15,1.6,2.75,21.818,0.7188,0.4182,0.3852,-0.4068,4.82636,0.335,0,0.0,sart_5,sart_5,3.86994,1.247,0,0.5646,1.4381,0.2835,0.6226
951,3061.75,3063.2,3062.95,3064.65,2025-08-08 16:44:27.082000,1.2,1.7,2.9,20.69,0.7059,0.4138,0.2993,-0.305,3.74967,0.2494,0,0.0,sart_5,sart_5,3.86994,0.969,0,0.5545,1.5238,0.2224,0.5288
952,3064.65,3066.15,3065.85,3067.65,2025-08-08 16:44:29.995000,1.2,1.8,3.0,20.0,0.6667,0.4,0.2922,-0.2778,3.66124,0.2435,1,0.65,sart_5,sart_5,3.97988,0.92,0,0.538,1.6357,0.1702,0.4382
953,3067.65,3069.125,3068.7,3070.6,2025-08-08 16:44:32.987000,1.05,1.9,2.95,20.339,0.5526,0.3559,0.3022,-0.3021,3.78607,0.2878,1,0.3,sart_5,sart_5,3.91315,0.968,0,0.5289,1.7024,0.1566,0.4273
954,3070.6,3075.525,3076.6,3080.45,2025-08-08 16:44:35.894000,6.0,3.85,9.85,6.091,1.5584,0.6091,1.4803,-1.5217,18.54563,0.2467,2,1.3,sart_5,sart_5,3.97988,4.66,1,0.5218,1.7857,0.1431,-0.3693
955,3080.45,3083.175,3084.45,3085.9,2025-08-08 16:44:45.765000,4.0,1.45,5.45,11.009,2.7586,0.7339,0.4166,-0.3907,5.21939,0.1042,1,0.35,sart_5,sart_5,3.91315,1.334,0,0.5165,1.8143,0.1795,-0.1193
956,3085.9,3087.25,3086.5,3088.6,2025-08-08 16:44:51.169000,0.6,2.1,2.7,22.222,0.2857,0.2222,0.2272,-0.2434,2.84654,0.3787,0,0.0,sart_5,sart_5,3.86994,0.736,0,0.5072,1.9048,0.1682,0.4596
957,3088.6,3090.375,3089.8,3092.15,2025-08-08 16:44:53.868000,1.2,2.35,3.55,16.901,0.5106,0.338,0.1629,-0.2704,2.04111,0.1358,1,0.3,sart_5,sart_5,3.86994,0.527,0,0.5031,1.9476,0.1161,0.1574
958,3092.15,3093.85,3094.9,3095.55,2025-08-08 16:44:57.495000,2.75,0.65,3.4,17.647,4.2308,0.8088,1.4957,-0.8191,18.73807,0.5439,1,0.55,sart_5,sart_5,3.91315,4.788,1,0.4633,2.0619,0.0227,0.0697
959,3095.55,3099.625,3097.55,3103.7,2025-08-08 16:45:00.893000,2.0,6.15,8.15,7.362,0.3252,0.2454,0.4462,-0.999,5.59031,0.2231,0,0.0,sart_5,sart_5,3.91315,1.429,0,0.4573,2.1381,-0.0366,-0.5082
960,3103.7,3106.2,3106.9,3108.7,2025-08-08 16:45:08.988000,3.2,1.8,5.0,12.0,1.7778,0.64,0.3089,-0.1477,3.86994,0.0965,2,0.65,sart_5,sart_5,3.86994,1.0,0,0.446,2.169,-0.0663,-0.2927
961,3108.7,3109.7,3109.65,3110.7,2025-08-08 16:45:13.967000,0.95,1.05,2.0,30.0,0.9048,0.475,0.2614,-0.3348,3.27536,0.2752,0,0.0,sart_5,sart_5,3.86994,0.846,0,0.4446,2.219,-0.0976,0.6802
962,3110.7,3113.35,3113.15,3116.0,2025-08-08 16:45:15.975000,2.45,2.85,5.3,11.321,0.8596,0.4623,0.3177,-0.3786,3.97988,0.1297,0,0.0,sart_5,sart_5,3.91315,1.017,0,0.436,2.4214,-0.1869,-0.3618
963,3116.0,3117.8,3117.2,3119.6,2025-08-08 16:45:21.289000,1.2,2.4,3.6,16.667,0.5,0.3333,0.3123,-0.3471,3.91315,0.2603,0,0.0,sart_5,sart_5,3.91315,1.0,0,0.449,2.6595,-0.2967,-0.0297
964,3119.6,3122.475,3121.9,3125.35,2025-08-08 16:45:24.886000,2.3,3.45,5.75,10.435,0.6667,0.4,1.0935,-1.1286,13.70022,0.4755,1,0.95,sart_5,sart_5,3.91315,3.501,1,0.4395,2.7357,-0.1854,-0.3987
965,3125.35,3128.525,3128.65,3131.7,2025-08-08 16:45:30.678000,3.3,3.05,6.35,9.449,1.082,0.5197,0.2555,-0.2241,3.20073,0.0774,1,0.35,sart_5,sart_5,3.86994,0.827,0,0.3963,2.4524,-0.2987,-0.5914
966,3131.7,3133.9,3133.65,3136.1,2025-08-08 16:45:36.985000,1.95,2.45,4.4,13.636,0.7959,0.4432,0.1948,-0.1771,2.4399,0.0999,0,0.0,sart_5,sart_5,3.86994,0.63,0,0.4034,2.2714,-0.2469,-0.3412
967,3136.1,3137.55,3137.6,3139.0,2025-08-08 16:45:41.388000,1.5,1.4,2.9,20.69,1.0714,0.5172,0.431,-0.4934,5.39954,0.2873,0,0.0,sart_5,sart_5,3.86994,1.395,0,0.4137,2.2048,-0.2299,0.075
968,3139.0,3142.35,3141.4,3145.7,2025-08-08 16:45:44.389000,2.4,4.3,6.7,8.955,0.5581,0.3582,0.6253,-0.5704,7.83368,0.2605,1,1.2,sart_5,sart_5,3.86994,2.024,1,0.4211,2.2024,-0.1814,-0.5383
969,3145.7,3147.4,3146.7,3149.1,2025-08-08 16:45:50.989000,1.0,2.4,3.4,17.647,0.4167,0.2941,0.2362,-0.2324,2.959,0.2362,1,0.35,sart_5,sart_5,3.57124,0.829,0,0.425,2.2024,-0.1151,-0.0538
970,3149.1,3151.175,3150.8,3153.25,2025-08-08 16:45:54.408000,1.7,2.45,4.15,14.458,0.6939,0.4096,0.2851,-0.2919,3.57124,0.1677,0,0.0,sart_5,sart_5,3.57001,1.0,0,0.3927,1.9786,-0.2008,-0.3311
971,3153.25,3154.675,3154.3,3156.1,2025-08-08 16:45:58.607000,1.05,1.8,2.85,21.053,0.5833,0.3684,0.3127,-0.3099,3.91777,0.2978,0,0.0,sart_5,sart_5,3.27536,1.196,0,0.4014,1.831,-0.1429,0.0551
972,3156.1,3159.725,3157.9,3163.35,2025-08-08 16:46:01.372000,1.8,5.45,7.25,8.276,0.3303,0.2483,0.3459,-0.3363,4.33306,0.1921,1,0.65,sart_5,sart_5,3.20073,1.354,0,0.3849,1.6905,-0.0673,-0.6919
973,3163.35,3164.425,3164.25,3165.5,2025-08-08 16:46:08.686000,0.9,1.25,2.15,27.907,0.72,0.4186,0.2159,-0.2188,2.70464,0.2399,0,0.0,sart_5,sart_5,3.20073,0.845,0,0.3881,1.5405,-0.047,0.3844
974,3165.5,3167.4,3167.4,3169.3,2025-08-08 16:46:10.788000,1.9,1.9,3.8,15.789,1.0,0.5,0.2269,-0.2014,2.84247,0.1194,1,0.35,sart_5,sart_5,3.20073,0.888,0,0.3955,1.4738,-0.0239,-0.2498
975,3169.3,3170.725,3170.25,3172.15,2025-08-08 16:46:14.598000,0.95,1.9,2.85,21.053,0.5,0.3333,0.2199,-0.2286,2.75523,0.2315,0,0.0,sart_5,sart_5,3.20073,0.861,0,0.3997,1.3905,-0.1531,0.0496
976,3172.15,3173.875,3173.35,3175.6,2025-08-08 16:46:17.482000,1.2,2.25,3.45,17.391,0.5333,0.3478,0.3481,-0.345,4.36084,0.2901,1,0.8,sart_5,sart_5,3.17979,1.371,0,0.3761,1.3952,-0.2407,-0.2253
977,3175.6,3176.65,3176.4,3177.7,2025-08-08 16:46:20.869000,0.8,1.3,2.1,28.571,0.6154,0.381,0.241,-0.2633,3.01908,0.3012,0,0.0,sart_5,sart_5,3.20918,0.941,0,0.379,1.3095,-0.2256,0.3911
978,3177.7,3179.15,3179.4,3180.6,2025-08-08 16:46:23.087000,1.7,1.2,2.9,20.69,1.4167,0.5862,0.2086,-0.2492,2.61312,0.1227,0,0.0,sart_5,sart_5,3.17979,0.822,0,0.3779,1.2381,-0.2097,-0.0404
979,3180.6,3182.125,3182.2,3183.65,2025-08-08 16:46:25.879000,1.6,1.45,3.05,19.672,1.1034,0.5246,0.285,-0.2293,3.57001,0.1781,1,0.3,sart_5,sart_5,3.17979,1.123,0,0.3248,1.0714,-0.281,-0.2668
980,3183.65,3185.15,3184.95,3186.65,2025-08-08 16:46:28.967000,1.3,1.7,3.0,20.0,0.7647,0.4333,0.24,-0.2578,3.00621,0.1846,1,0.35,sart_5,sart_5,3.17979,0.945,0,0.3285,0.919,-0.2858,-0.237
981,3186.65,3188.125,3187.9,3189.6,2025-08-08 16:46:31.972000,1.25,1.7,2.95,20.339,0.7353,0.4237,0.2538,-0.2459,3.17979,0.203,1,0.45,sart_5,sart_5,3.17979,1.0,0,0.3305,0.8929,-0.2688,-0.2122
982,3189.6,3191.1,3190.6,3192.6,2025-08-08 16:46:34.879000,1.0,2.0,3.0,20.0,0.5,0.3333,0.2399,-0.2376,3.00563,0.2399,0,0.0,sart_5,sart_5,3.17979,0.945,0,0.328,0.8786,-0.5713,-0.2386
983,3192.6,3194.175,3193.65,3195.75,2025-08-08 16:46:37.878000,1.05,2.1,3.15,19.048,0.5,0.3333,0.2646,-0.2518,3.31472,0.252,0,0.0,sart_5,sart_5,3.17979,1.042,0,0.2248,0.7571,0.0552,-0.6229
984,3195.75,3197.175,3196.7,3198.6,2025-08-08 16:46:41.093000,0.95,1.9,2.85,21.053,0.5,0.3333,0.2621,-0.3126,3.2832,0.2759,0,0.0,sart_5,sart_5,3.20918,1.023,0,0.2196,0.5786,0.3794,-0.5308
985,3198.6,3199.825,3199.65,3201.05,2025-08-08 16:46:43.876000,1.05,1.4,2.45,24.49,0.75,0.4286,0.281,-0.2433,3.52024,0.2676,0,0.0,sart_5,sart_5,3.22737,1.091,0,0.4642,0.7667,0.4723,0.4441
986,3201.05,3202.625,3202.55,3204.2,2025-08-08 16:46:46.395000,1.5,1.65,3.15,19.048,0.9091,0.4762,0.2515,-0.2606,3.15072,0.1677,0,0.0,sart_5,sart_5,3.2832,0.96,0,0.4712,1.0714,0.0628,0.1712
987,3204.2,3205.7,3205.5,3207.2,2025-08-08 16:46:49.491000,1.3,1.7,3.0,20.0,0.7647,0.4333,0.2562,-0.2605,3.20918,0.197,1,0.45,sart_5,sart_5,3.2832,0.977,0,0.4714,1.1643,0.0327,0.2235
988,3207.2,3208.7,3208.2,3210.2,2025-08-08 16:46:52.487000,1.0,2.0,3.0,20.0,0.5,0.3333,0.2337,-0.2343,2.92827,0.2337,1,0.6,sart_5,sart_5,3.31472,0.883,0,0.484,1.2619,-0.0377,0.2641
989,3210.2,3211.55,3211.2,3212.9,2025-08-08 16:46:55.485000,1.0,1.7,2.7,22.222,0.5882,0.3704,0.2688,-0.2647,3.36719,0.2688,0,0.0,sart_5,sart_5,3.32699,1.012,0,0.4858,1.2833,-0.0152,0.3906
990,3212.9,3214.3,3214.0,3215.7,2025-08-08 16:46:58.189000,1.1,1.7,2.8,21.429,0.6471,0.3929,0.2424,-0.2396,3.03735,0.2204,1,0.3,sart_5,sart_5,3.32699,0.913,0,0.4815,1.3786,-0.0361,0.3337
991,3215.7,3217.0,3216.9,3218.3,2025-08-08 16:47:00.981000,1.2,1.4,2.6,23.077,0.8571,0.4615,0.2576,-0.2721,3.22737,0.2147,0,0.0,sart_5,sart_5,3.32978,0.969,0,0.4752,1.4262,-0.0341,0.4029
992,3218.3,3220.1,3219.9,3221.9,2025-08-08 16:47:03.619000,1.6,2.0,3.6,16.667,0.8,0.4444,0.2658,-0.2918,3.32978,0.1661,1,0.5,sart_5,sart_5,3.36719,0.989,0,0.479,1.481,-0.0449,0.067
993,3221.9,3224.625,3224.7,3227.35,2025-08-08 16:47:07.192000,2.8,2.65,5.45,11.009,1.0566,0.5138,1.0117,-0.974,12.67518,0.3613,0,0.0,sart_5,sart_5,3.52024,3.601,1,0.4775,1.5024,-0.0421,-0.245
994,3227.35,3229.4,3229.35,3231.45,2025-08-08 16:47:12.676000,2.0,2.1,4.1,14.634,0.9524,0.4878,0.452,-0.3661,5.66336,0.226,0,0.0,sart_5,sart_5,3.58867,1.578,0,0.4738,1.5905,-0.0582,-0.0601
995,3231.45,3236.3,3237.9,3241.15,2025-08-08 16:47:16.786000,6.45,3.25,9.7,6.186,1.9846,0.6649,2.6145,-2.6202,32.75504,0.4053,1,1.3,sart_5,sart_5,3.91351,8.37,1,0.4738,1.6857,-0.0963,-0.5188
996,3241.15,3242.325,3242.3,3243.5,2025-08-08 16:47:26.477000,1.15,1.2,2.35,25.532,0.9583,0.4894,0.6402,-0.4836,8.02116,0.5567,0,0.0,sart_5,sart_5,4.22555,1.898,0,0.4682,1.6667,-0.0961,0.5136
997,3243.5,3245.95,3246.7,3248.4,2025-08-08 16:47:28.791000,3.2,1.7,4.9,12.245,1.8824,0.6531,0.9246,-1.0752,11.58373,0.2889,0,0.0,sart_5,sart_5,4.34987,2.663,1,0.4698,1.6405,-0.0922,-0.2027
998,3248.4,3249.15,3248.9,3249.9,2025-08-08 16:47:33.675000,0.5,1.0,1.5,40.0,0.5,0.3333,1.0148,-0.8169,12.71399,2.0296,1,0.25,sart_5,sart_5,4.36499,2.913,0,0.4641,1.7452,-0.118,1.286
999,3249.9,3251.275,3251.15,3252.65,2025-08-08 16:47:35.185000,1.25,1.5,2.75,21.818,0.8333,0.4545,0.2656,-0.5038,3.32699,0.2124,0,0.0,sart_5,sart_5,4.60411,0.723,0,0.4549,1.7714,-0.1061,0.2691
1000,3252.65,3255.1,3254.5,3257.55,2025-08-08 16:47:38.028000,1.85,3.05,4.9,12.245,0.6066,0.3776,0.3373,-0.3806,4.22555,0.1823,1,0.7,sart_5,sart_5,5.07307,0.833,0,0.4431,1.8,-0.1307,-0.2888
1001,3257.55,3259.475,3258.9,3261.4,2025-08-08 16:47:42.885000,1.35,2.5,3.85,15.584,0.54,0.3506,0.3472,-0.3611,4.34987,0.2572,1,0.85,sart_5,sart_5,5.07307,0.857,0,0.4383,1.8286,-0.1602,-0.1229
1002,3261.4,3262.725,3262.6,3264.05,2025-08-08 16:47:46.702000,1.2,1.45,2.65,22.642,0.8276,0.4528,0.2864,-0.2787,3.58867,0.2387,0,0.0,sart_5,sart_5,5.07307,0.707,0,0.4231,1.869,-0.1754,0.2113
1003,3264.05,3265.625,3265.05,3267.2,2025-08-08 16:47:49.395000,1.0,2.15,3.15,19.048,0.4651,0.3175,0.3124,-0.3401,3.91351,0.3124,1,0.55,sart_5,sart_5,5.07307,0.771,0,0.4363,1.9048,-0.1709,0.0587
1004,3267.2,3269.775,3270.05,3272.35,2025-08-08 16:47:52.485000,2.85,2.3,5.15,11.65,1.2391,0.5534,0.4139,-0.3797,5.1851,0.1452,0,0.0,sart_5,sart_5,4.60411,1.126,0,0.4418,1.8476,-0.1585,-0.3253
1005,3272.35,3273.775,3273.4,3275.2,2025-08-08 16:47:57.624000,1.05,1.8,2.85,21.053,0.5833,0.3684,0.3675,-0.3625,4.60411,0.35,0,0.0,task_2,task_2,4.53227,1.016,0,0.4548,1.8071,-0.274,0.2272
1006,3275.2,3276.625,3276.5,3278.05,2025-08-08 16:48:00.505000,1.3,1.55,2.85,21.053,0.8387,0.4561,0.3484,-0.3639,4.36499,0.268,0,0.0,task_2,task_2,4.53227,0.963,0,0.3033,1.581,-0.1296,-0.2611
1007,3278.05,3279.55,3279.4,3281.05,2025-08-08 16:48:03.377000,1.35,1.65,3.0,20.0,0.8182,0.45,0.4049,-0.3767,5.07307,0.2999,1,0.25,task_2,task_2,4.36499,1.162,0,0.2928,1.2524,-0.0581,-0.3521
1008,3281.05,3283.725,3284.75,3286.4,2025-08-08 16:48:06.377000,3.7,1.65,5.35,11.215,2.2424,0.6916,0.5722,-0.4149,7.16845,0.1546,0,0.0,task_2,task_2,4.34987,1.648,0,0.2869,1.131,0.1055,-0.8481
1009,3286.4,3288.8,3287.8,3291.2,2025-08-08 16:48:11.695000,1.4,3.4,4.8,12.5,0.4118,0.2917,0.6414,-0.8419,8.03528,0.4581,0,0.0,task_2,task_2,4.25238,1.89,0,0.2522,0.9714,0.0294,-0.8902
1010,3291.2,3293.15,3292.5,3295.1,2025-08-08 16:48:16.491000,1.3,2.6,3.9,15.385,0.5,0.3333,0.4566,-0.4501,5.71989,0.3512,1,0.55,task_2,task_2,4.25238,1.345,0,0.2476,0.9119,0.1221,-0.7484
1011,3295.1,3296.7,3296.3,3298.3,2025-08-08 16:48:20.395000,1.2,2.0,3.2,18.75,0.6,0.375,0.2747,-0.2686,3.44184,0.2289,0,0.0,task_2,task_2,4.25238,0.809,0,0.2365,0.8548,0.0706,-0.6014
1012,3298.3,3300.425,3300.2,3302.55,2025-08-08 16:48:23.598000,1.9,2.35,4.25,14.118,0.8085,0.4471,0.3394,-0.3355,4.25238,0.1786,1,0.55,task_2,task_2,3.94454,1.078,0,0.2424,0.8643,0.065,-0.8339
1013,3302.55,3303.8,3303.6,3305.05,2025-08-08 16:48:27.832000,1.05,1.45,2.5,24.0,0.7241,0.42,0.194,-0.166,2.43037,0.1848,0,0.0,task_2,task_2,4.17862,0.582,0,0.2364,0.8214,0.0643,-0.3167
1014,3305.05,3306.625,3306.45,3308.2,2025-08-08 16:48:30.375000,1.4,1.75,3.15,19.048,0.8,0.4444,0.3618,-0.3728,4.53227,0.2584,0,0.0,task_2,task_2,4.17862,1.085,0,0.236,0.8024,0.1274,-0.5868
1015,3308.2,3309.525,3309.25,3310.85,2025-08-08 16:48:33.498000,1.05,1.6,2.65,22.642,0.6563,0.3962,0.3002,-0.2838,3.76102,0.2859,0,0.0,task_2,task_2,4.0807,0.922,0,0.2137,0.7071,0.2403,-0.4636
1016,3310.85,3312.6,3312.3,3314.35,2025-08-08 16:48:36.195000,1.45,2.05,3.5,17.143,0.7073,0.4143,0.3665,-0.385,4.59138,0.2527,0,0.0,task_2,task_2,4.07872,1.126,0,0.2098,0.6,0.22,-0.7747
1017,3314.35,3315.875,3315.45,3317.4,2025-08-08 16:48:39.681000,1.1,1.95,3.05,19.672,0.5641,0.3607,0.3112,-0.317,3.89879,0.2829,0,0.0,task_2,task_2,4.07872,0.956,0,0.2051,0.6071,0.2017,-0.6526
1018,3317.4,3318.925,3318.6,3320.45,2025-08-08 16:48:42.736000,1.2,1.85,3.05,19.672,0.6486,0.3934,0.3148,-0.3153,3.94454,0.2624,0,0.0,task_2,task_2,4.07872,0.967,0,0.2028,0.6071,0.3755,-0.66
1019,3320.45,3322.0,3321.9,3323.55,2025-08-08 16:48:45.767000,1.45,1.65,3.1,19.355,0.8788,0.4677,0.3061,-0.3061,3.83473,0.2111,0,0.0,task_2,task_2,4.07872,0.94,0,0.1676,0.5214,-0.0336,-0.7906
1020,3323.55,3325.1,3325.0,3326.65,2025-08-08 16:48:48.917000,1.45,1.65,3.1,19.355,0.8788,0.4677,0.246,-0.2475,3.08167,0.1696,0,0.0,task_2,task_2,4.07872,0.756,0,0.1435,0.5595,-0.4333,-0.8683
1021,3326.65,3328.675,3328.35,3330.7,2025-08-08 16:48:51.986000,1.7,2.35,4.05,14.815,0.7234,0.4198,0.2828,-0.2815,3.54247,0.1663,0,0.0,task_2,task_2,4.07872,0.869,0,0.1385,0.5643,-0.4514,-1.1309
1022,3330.7,3332.1,3331.85,3333.5,2025-08-08 16:48:55.996000,1.15,1.65,2.8,21.429,0.697,0.4107,0.2939,-0.2937,3.68171,0.2555,0,0.0,task_2,task_2,4.0807,0.902,0,0.1415,0.5405,-0.4974,-0.7621
1023,3333.5,3335.05,3335.0,3336.6,2025-08-08 16:48:58.785000,1.5,1.6,3.1,19.355,0.9375,0.4839,0.3335,-0.3287,4.17862,0.2224,0,0.0,task_2,task_2,4.0807,1.024,0,0.1237,0.4929,-0.3309,-0.9321
1024,3336.6,3338.2,3337.9,3339.8,2025-08-08 16:49:01.883000,1.3,1.9,3.2,18.75,0.6842,0.4063,0.3256,-0.3383,4.07872,0.2504,0,0.0,task_2,task_2,4.17862,0.976,0,0.1135,0.4262,-0.3668,-0.9978
1025,3339.8,3341.4,3340.8,3343.0,2025-08-08 16:49:05.085000,1.0,2.2,3.2,18.75,0.4545,0.3125,0.3257,-0.3395,4.0807,0.3257,1,0.45,task_2,task_2,4.17862,0.977,0,0.1135,0.3976,-0.3896,-0.9978
1026,3343.0,3344.625,3344.4,3346.25,2025-08-08 16:49:08.272000,1.4,1.85,3.25,18.462,0.7568,0.4308,0.3243,-0.3124,4.06282,0.2316,0,0.0,task_2,task_2,4.17862,0.972,0,0.1772,0.4738,-0.1477,-0.8082
1027,3346.25,3347.95,3347.6,3349.65,2025-08-08 16:49:11.571000,1.35,2.05,3.4,17.647,0.6585,0.3971,0.3721,-0.3699,4.66199,0.2756,0,0.0,task_2,task_2,4.17862,1.116,0,0.4021,0.6214,0.7214,-0.1276
1028,3349.65,3351.275,3351.05,3352.9,2025-08-08 16:49:14.934000,1.4,1.85,3.25,18.462,0.7568,0.4308,0.389,-0.3832,4.87309,0.2778,0,0.0,task_2,task_2,4.17862,1.166,0,0.3993,0.8857,0.2495,-0.0924
1029,3352.9,3354.25,3354.1,3355.6,2025-08-08 16:49:18.174000,1.2,1.5,2.7,22.222,0.8,0.4444,0.4173,-0.3262,5.22812,0.3478,0,0.0,task_2,task_2,4.25732,1.228,0,0.3938,0.9095,0.242,0.0941
1030,3355.6,3357.625,3356.65,3359.65,2025-08-08 16:49:20.872000,1.05,3.0,4.05,14.815,0.35,0.2593,0.4233,-0.4858,5.30285,0.4031,1,0.85,task_2,task_2,4.29522,1.235,0,0.431,1.0833,0.2179,-0.1882
1031,3359.65,3361.175,3360.9,3362.7,2025-08-08 16:49:24.977000,1.25,1.8,3.05,19.672,0.6944,0.4098,0.4367,-0.4413,5.4711,0.3494,0,0.0,task_2,task_2,4.29522,1.274,0,0.4509,1.3548,0.0522,0.1396
1032,3362.7,3364.125,3363.8,3365.55,2025-08-08 16:49:27.977000,1.1,1.75,2.85,21.053,0.6286,0.386,0.3398,-0.3457,4.25732,0.3089,1,0.45,task_2,task_2,4.29522,0.991,0,0.4503,1.4238,0.0397,0.2127
1033,3365.55,3367.0,3366.65,3368.45,2025-08-08 16:49:30.885000,1.1,1.8,2.9,20.69,0.6111,0.3793,0.364,-0.3596,4.5608,0.3309,0,0.0,task_2,task_2,4.29522,1.062,0,0.439,1.3667,0.0287,0.1566
1034,3368.45,3370.075,3369.75,3371.7,2025-08-08 16:49:33.797000,1.3,1.95,3.25,18.462,0.6667,0.4,0.3607,-0.3733,4.51919,0.2775,0,0.0,task_2,task_2,4.29522,1.052,0,0.4359,1.3905,0.0162,0.0256
1035,3371.7,3373.35,3372.9,3375.0,2025-08-08 16:49:36.985000,1.2,2.1,3.3,18.182,0.5714,0.3636,0.3428,-0.3599,4.29522,0.2857,0,0.0,task_2,task_2,4.34503,0.989,0,0.4769,1.5,0.0317,0.1425
1036,3375.0,3377.7,3376.0,3380.4,2025-08-08 16:49:40.277000,1.0,4.4,5.4,11.111,0.2273,0.1852,0.309,-0.2817,3.87177,0.309,0,0.0,task_2,task_2,4.34503,0.891,0,0.4714,1.6381,0.0206,-0.2592
1037,3380.4,3385.075,3383.3,3389.75,2025-08-08 16:49:45.675000,2.9,6.45,9.35,6.417,0.4496,0.3102,1.7085,-1.8402,21.40456,0.5891,0,0.0,task_2,task_2,4.51919,4.736,1,0.4709,1.7405,0.018,-0.5156
1038,3389.75,3391.425,3391.6,3393.1,2025-08-08 16:49:55.101000,1.85,1.5,3.35,17.91,1.2333,0.5522,0.2854,-0.2798,3.57525,0.1543,0,0.0,task_2,task_2,4.51919,0.791,0,0.4669,1.7476,0.0663,0.0955
1039,3393.1,3395.025,3393.5,3396.95,2025-08-08 16:49:58.405000,0.4,3.45,3.85,15.584,0.1159,0.1039,0.5319,-0.4521,6.6643,1.3298,0,0.0,task_2,task_2,4.51919,1.475,0,0.4588,1.8071,0.0561,-0.0569
1040,3396.95,3400.725,3399.85,3404.5,2025-08-08 16:50:02.297000,2.9,4.65,7.55,7.947,0.6237,0.3841,0.7238,-0.6847,9.06774,0.2496,0,0.0,task_2_1,task_2_1,4.51919,2.006,1,0.4447,1.8548,0.058,-0.517
1041,3404.5,3405.425,3405.05,3406.35,2025-08-08 16:50:09.889000,0.55,1.3,1.85,32.432,0.4231,0.2973,0.2793,-0.3039,3.49885,0.5078,0,0.0,task_2_1,task_2_1,4.51919,0.774,0,0.4445,1.8024,0.0959,0.8119
1042,3406.35,3408.475,3407.1,3410.6,2025-08-08 16:50:11.688000,0.75,3.5,4.25,14.118,0.2143,0.1765,0.3296,-0.301,4.12905,0.4394,0,0.0,task_2_1,task_2_1,4.51919,0.914,0,0.472,1.981,-0.0062,-0.0939
1043,3410.6,3412.7,3411.15,3414.8,2025-08-08 16:50:15.888000,0.55,3.65,4.2,14.286,0.1507,0.131,0.2912,-0.3288,3.64866,0.5295,1,0.65,task_2_1,task_2_1,4.51919,0.807,0,0.4562,2.1762,-0.0845,-0.1357
1044,3414.8,3416.5,3415.2,3418.2,2025-08-08 16:50:20.086000,0.4,3.0,3.4,17.647,0.1333,0.1176,0.2324,-0.2416,2.91134,0.5809,1,0.65,task_2_1,task_2_1,4.51919,0.644,0,0.4463,2.2667,-0.1225,0.0149
1045,3418.2,3418.7,3418.7,3419.2,2025-08-08 16:50:23.478000,0.5,0.5,1.0,60.0,1.0,0.5,0.3468,-0.144,4.34503,0.6936,0,0.0,task_2_1,task_2_1,4.37475,0.993,0,0.4572,2.4762,-0.1682,2.3498
1046,3419.2,3421.15,3419.7,3423.1,2025-08-08 16:50:24.467000,0.5,3.4,3.9,15.385,0.1471,0.1282,0.1749,-0.3515,2.19105,0.3498,0,0.0,task_2_1,task_2_1,4.37475,0.501,0,0.4696,2.7667,-0.2379,-0.0329
1047,3423.1,3426.15,3425.35,3429.2,2025-08-08 16:50:28.374000,2.25,3.85,6.1,9.836,0.5844,0.3689,1.0964,-0.7813,13.73562,0.4873,0,0.0,task_2_1,task_2_1,4.47599,3.069,1,0.4712,2.781,-0.311,-0.329
1048,3429.2,3432.1,3429.7,3435.0,2025-08-08 16:50:34.486000,0.5,5.3,5.8,10.345,0.0943,0.0862,0.4331,-0.5879,5.42581,0.8662,1,1.85,task_2_1,task_2_1,4.37475,1.24,0,0.433,2.6119,-0.2868,-0.4245
1049,3435.0,3437.2,3435.6,3439.4,2025-08-08 16:50:40.280000,0.6,3.8,4.4,13.636,0.1579,0.1364,0.4193,-0.506,5.2532,0.6988,1,1.0,task_2_1,task_2_1,4.37475,1.201,0,0.4549,2.4452,-0.2845,-0.1752
1050,3439.4,3442.375,3439.85,3445.35,2025-08-08 16:50:44.695000,0.45,5.5,5.95,10.084,0.0818,0.0756,0.4064,-0.587,5.0918,0.9032,1,2.2,task_2_1,task_2_1,4.34503,1.172,0,0.4514,2.5405,-0.2712,-0.3794
1051,3445.35,3448.45,3447.0,3451.55,2025-08-08 16:50:50.687000,1.65,4.55,6.2,9.677,0.3626,0.2661,0.8631,-0.7592,10.81298,0.5231,1,1.1,task_2_1,task_2_1,4.34503,2.489,1,0.4396,2.4619,-0.1714,-0.4395
1052,3451.55,3452.275,3452.3,3453.0,2025-08-08 16:50:56.864000,0.75,0.7,1.45,41.379,1.0714,0.5172,0.6946,-0.2362,8.70231,0.9261,0,0.0,task_2_1,task_2_1,4.34503,2.003,0,0.4147,2.331,-0.2093,1.2017
1053,3453.0,3455.875,3453.55,3458.75,2025-08-08 16:50:58.277000,0.55,5.2,5.75,10.435,0.1058,0.0957,0.1954,-0.6076,2.44746,0.3552,0,0.0,task_2_1,task_2_1,4.37475,0.559,0,0.4244,2.2333,-0.189,-0.4473
1054,3458.75,3460.65,3460.1,3462.55,2025-08-08 16:51:04.105000,1.35,2.45,3.8,15.789,0.551,0.3553,0.3718,-0.27,4.65803,0.2754,0,0.0,task_2_1,task_2_1,4.37475,1.065,0,0.4289,2.2524,-0.1761,-0.1421
1055,3462.55,3466.825,3464.55,3471.1,2025-08-08 16:51:07.885000,2.0,6.55,8.55,7.018,0.3053,0.2339,0.3492,-0.8833,4.37475,0.1746,2,1.55,task_2_1,task_2_1,4.46941,0.979,0,0.437,2.2548,-0.2214,-0.5923
1056,3471.1,3472.3,3471.6,3473.5,2025-08-08 16:51:16.367000,0.5,1.9,2.4,25.0,0.2632,0.2083,0.2551,-0.2123,3.19659,0.5103,0,0.0,task_2_1,task_2_1,4.47599,0.714,0,0.3907,2.1833,-0.2462,0.2349
1057,3473.5,3475.9,3474.15,3478.3,2025-08-08 16:51:18.925000,0.65,4.15,4.8,12.5,0.1566,0.1354,0.3573,-0.3739,4.47599,0.5496,0,0.0,task_2_1,task_2_1,4.65803,0.961,0,0.3933,2.0476,-0.2232,-0.4354
1058,3478.3,3480.5,3478.7,3482.7,2025-08-08 16:51:23.568000,0.4,4.0,4.4,13.636,0.1,0.0909,0.2587,-0.2623,3.24074,0.6467,0,0.0,task_2_1,task_2_1,4.65803,0.696,0,0.3912,1.9738,-0.2781,-0.3805
1059,3482.7,3483.65,3483.3,3484.6,2025-08-08 16:51:27.984000,0.6,1.3,1.9,31.579,0.4615,0.3158,0.2643,-0.1977,3.31122,0.4405,0,0.0,task_2_1,task_2_1,4.65803,0.711,0,0.3912,1.9714,-0.2881,0.5938
1060,3484.6,3486.8,3485.1,3489.0,2025-08-08 16:51:29.990000,0.5,3.9,4.4,13.636,0.1282,0.1136,0.2259,-0.3525,2.83014,0.4518,2,0.95,task_2_1,task_2_1,4.65803,0.608,0,0.4879,2.2381,-0.2425,-0.0689
1061,3489.0,3492.225,3490.75,3495.45,2025-08-08 16:51:34.276000,1.75,4.7,6.45,9.302,0.3723,0.2713,0.7846,-0.2807,9.82952,0.4483,1,0.35,task_2_1,task_2_1,4.65803,2.11,1,0.5128,2.5762,-0.3514,-0.224
1062,3495.45,3497.2,3496.35,3498.95,2025-08-08 16:51:40.791000,0.9,2.6,3.5,17.143,0.3462,0.2571,0.3394,-0.411,4.25184,0.3771,1,0.4,task_2_1,task_2_1,4.47599,0.95,0,0.5145,2.6571,-0.3081,0.2073
1063,3498.95,3500.525,3500.05,3502.1,2025-08-08 16:51:44.295000,1.1,2.05,3.15,19.048,0.5366,0.3492,0.3872,-0.3051,4.85094,0.352,0,0.0,task_2_1,task_2_1,4.46941,1.085,0,0.484,2.4738,-0.2782,0.2124
1064,3502.1,3503.9,3503.2,3505.7,2025-08-08 16:51:47.395000,1.1,2.5,3.6,16.667,0.44,0.3056,0.3202,-0.3998,4.01106,0.2911,1,0.4,task_2_1,task_2_1,4.47599,0.896,0,0.4866,2.3095,-0.2711,0.0915
1065,3505.7,3507.075,3506.8,3508.45,2025-08-08 16:51:50.989000,1.1,1.65,2.75,21.818,0.6667,0.4,0.3567,-0.3208,4.46941,0.3243,0,0.0,task_2_1,task_2_1,4.46941,1.0,0,0.4829,2.2214,-0.277,0.3593
1066,3508.45,3510.275,3510.05,3512.1,2025-08-08 16:51:53.780000,1.6,2.05,3.65,16.438,0.7805,0.4384,0.4539,-0.4664,5.68614,0.2837,0,0.0,task_2_1,task_2_1,4.46941,1.272,0,0.4905,2.1405,-0.2036,0.0917
1067,3512.1,3513.9,3513.5,3515.7,2025-08-08 16:51:57.377000,1.4,2.2,3.6,16.667,0.6364,0.3889,0.5117,-0.5042,6.41025,0.3655,0,0.0,task_2_1,task_2_1,4.46941,1.434,0,0.4814,2.119,-0.2758,0.0748
1068,3515.7,3517.825,3517.85,3519.95,2025-08-08 16:52:00.975000,2.15,2.1,4.25,14.118,1.0238,0.5059,0.7655,-1.0779,9.59029,0.356,0,0.0,task_2_1,task_2_1,4.43243,2.164,1,0.5096,2.2429,-0.3303,0.0272
1069,3519.95,3521.95,3522.4,3523.95,2025-08-08 16:52:05.299000,2.45,1.55,4.0,15.0,1.5806,0.6125,2.2088,-1.8308,27.67225,0.9015,0,0.0,task_2_1,task_2_1,4.46941,6.191,1,0.5333,2.5238,-0.3899,0.1515
1070,3523.95,3529.45,3525.4,3534.95,2025-08-08 16:52:09.286000,1.45,9.55,11.0,5.455,0.1518,0.1318,1.1148,-1.388,13.96603,0.7688,2,1.25,task_2_2,task_2_2,4.53797,3.078,1,0.501,2.5429,-0.3235,-0.4709
1071,3534.95,3536.125,3536.05,3537.3,2025-08-08 16:52:20.267000,1.1,1.25,2.35,25.532,0.88,0.4681,0.4793,-0.1673,6.00455,0.4357,1,0.4,task_2_2,task_2_2,4.53797,1.323,0,0.5162,2.5476,-0.3409,0.6683
1072,3537.3,3539.45,3537.95,3541.6,2025-08-08 16:52:22.582000,0.65,3.65,4.3,13.953,0.1781,0.1512,0.1607,-0.3927,2.01288,0.2472,0,0.0,task_2_2,task_2_2,4.53797,0.444,0,0.5212,2.4905,-0.3189,0.0557
1073,3541.6,3543.3,3542.8,3545.0,2025-08-08 16:52:26.989000,1.2,2.2,3.4,17.647,0.5455,0.3529,0.2418,-0.2336,3.02924,0.2015,0,0.0,task_2_2,task_2_2,4.6054,0.658,0,0.53,2.3929,-0.3167,0.2846
1074,3545.0,3547.125,3545.6,3549.25,2025-08-08 16:52:30.286000,0.6,3.65,4.25,14.118,0.1644,0.1412,0.3622,-0.3654,4.53797,0.6037,0,0.0,task_2_2,task_2_2,4.6054,0.985,0,0.5719,2.469,-0.2555,0.228
1075,3549.25,3551.425,3551.25,3553.6,2025-08-08 16:52:34.582000,2.0,2.35,4.35,13.793,0.8511,0.4598,0.2826,-0.1347,3.54045,0.1413,0,0.0,task_2_2,task_2_2,4.6054,0.769,0,0.5701,2.5905,-0.2414,0.2046
1076,3553.6,3554.25,3554.1,3554.9,2025-08-08 16:52:38.897000,0.5,0.8,1.3,46.154,0.625,0.3846,0.1838,-0.1492,2.30277,0.3676,1,0.6,task_2_2,task_2_2,4.73982,0.486,0,0.5752,2.6167,-0.2411,1.9782
1077,3554.9,3558.4,3555.55,3561.9,2025-08-08 16:52:40.185000,0.65,6.35,7.0,8.571,0.1024,0.0929,0.3538,-0.431,4.43243,0.5443,1,1.0,task_2_2,task_2_2,4.6054,0.962,0,0.5847,2.5929,-0.2188,-0.0319
1078,3561.9,3562.9,3562.3,3563.9,2025-08-08 16:52:47.181000,0.4,1.6,2.0,30.0,0.25,0.2,0.2057,-0.2213,2.57649,0.5141,0,0.0,task_2_2,task_2_2,4.53797,0.568,0,0.6044,2.6238,-0.1917,1.1952
1079,3563.9,3568.05,3565.2,3572.2,2025-08-08 16:52:49.185000,1.3,7.0,8.3,7.229,0.1857,0.1566,0.4161,-0.5328,5.21329,0.3201,1,1.9,task_2_2,task_2_2,4.43243,1.176,0,0.6092,2.6643,-0.1834,-0.0258
1080,3572.2,3574.9,3572.7,3577.6,2025-08-08 16:52:57.495000,0.5,4.9,5.4,11.111,0.102,0.0926,0.3783,-0.331,4.73982,0.7567,1,1.65,task_2_2,task_2_2,4.26237,1.112,0,0.6264,2.7071,-0.2491,0.2404
1081,3577.6,3579.0,3578.65,3580.4,2025-08-08 16:53:02.875000,1.05,1.75,2.8,21.429,0.6,0.375,0.1138,-0.1204,1.42531,0.1083,0,0.0,task_2_2,task_2_2,4.26237,0.334,0,0.5162,2.5571,-0.2357,0.4455
1082,3580.4,3582.225,3581.1,3584.05,2025-08-08 16:53:05.688000,0.7,2.95,3.65,16.438,0.2373,0.1918,0.3676,-0.3743,4.6054,0.5251,2,0.85,task_2_2,task_2_2,4.26237,1.08,0,0.5091,2.3095,-0.2451,0.1516
1083,3584.05,3585.425,3584.8,3586.8,2025-08-08 16:53:09.377000,0.75,2.0,2.75,21.818,0.375,0.2727,0.4275,-0.2477,5.35583,0.57,0,0.0,task_2_2,task_2_2,4.43243,1.208,0,0.5154,2.2333,-0.2377,0.4641
1084,3586.8,3587.2,3587.1,3587.6,2025-08-08 16:53:12.083000,0.3,0.5,0.8,75.0,0.6,0.375,0.3903,-0.231,4.88935,1.3009,0,0.0,task_2_2,task_2_2,4.53797,1.077,0,0.5115,2.2786,-0.2412,3.3393
1085,3587.6,3589.5,3588.5,3591.4,2025-08-08 16:53:12.886000,0.9,2.9,3.8,15.789,0.3103,0.2368,0.3402,-0.5024,4.26237,0.378,0,0.0,task_2_2,task_2_2,4.43243,0.962,0,0.5201,2.3357,-0.2577,0.1518
1086,3591.4,3592.6,3592.5,3593.8,2025-08-08 16:53:16.785000,1.1,1.3,2.4,25.0,0.8462,0.4583,0.4746,-0.3192,5.94624,0.4315,0,0.0,task_2_2,task_2_2,4.43243,1.342,0,0.5652,2.5905,-0.2464,0.7973
1087,3593.8,3595.2,3594.25,3596.6,2025-08-08 16:53:19.070000,0.45,2.35,2.8,21.429,0.1915,0.1607,0.305,-0.4689,3.82118,0.6778,1,0.6,task_2_2,task_2_2,4.60345,0.83,0,0.5405,2.7214,-0.2066,0.5238
1088,3596.6,3597.65,3598.1,3598.7,2025-08-08 16:53:21.887000,1.5,0.6,2.1,28.571,2.5,0.7143,0.2297,-0.212,2.87753,0.1531,1,0.5,task_2_2,task_2_2,4.60345,0.625,0,0.5263,2.531,-0.1567,0.8659
1089,3598.7,3600.5,3600.25,3602.3,2025-08-08 16:53:23.992000,1.55,2.05,3.6,16.667,0.7561,0.4306,0.0781,-0.1393,0.97876,0.0504,1,0.55,task_2_2,task_2_2,4.60345,0.213,0,0.5143,2.369,-0.0671,0.1808
1090,3602.3,3603.525,3602.9,3604.75,2025-08-08 16:53:27.588000,0.6,1.85,2.45,24.49,0.3243,0.2449,0.2391,-0.4262,2.99598,0.3986,0,0.0,task_2_2,task_2_2,4.29419,0.698,0,0.4736,2.0786,-0.2306,0.4744
1091,3604.75,3607.9,3606.65,3611.05,2025-08-08 16:53:30.022000,1.9,4.4,6.3,9.524,0.4318,0.3016,0.3881,-0.3776,4.86259,0.2043,0,0.0,task_2_2,task_2_2,4.26237,1.141,0,0.468,2.0,-0.2202,-0.3563
1092,3611.05,3612.475,3613.2,3613.9,2025-08-08 16:53:36.374000,2.15,0.7,2.85,21.053,3.0714,0.7544,0.4908,-0.2013,6.14835,0.2283,0,0.0,task_2_2,task_2_2,4.29419,1.432,0,0.6519,2.2905,-0.1004,0.8624
1093,3613.9,3615.5,3614.4,3617.1,2025-08-08 16:53:39.196000,0.5,2.7,3.2,18.75,0.1852,0.1563,0.4691,-0.7745,5.87662,0.9381,0,0.0,task_2_2,task_2_2,4.26237,1.379,0,0.6581,2.4548,0.2083,0.7574
1094,3617.1,3619.625,3618.0,3622.15,2025-08-08 16:53:42.374000,0.9,4.15,5.05,11.881,0.2169,0.1782,0.4324,-0.2464,5.41742,0.4805,1,1.7,subject_idle,subject_idle,4.26237,1.271,0,0.6457,2.619,0.1608,0.3444
1095,3622.15,3623.65,3622.9,3625.15,2025-08-08 16:53:47.475000,0.75,2.25,3.0,20.0,0.3333,0.25,0.2786,-0.3411,3.49008,0.3714,0,0.0,prs_2,prs_2,3.86876,0.902,0,0.6141,2.5905,0.1585,0.6834
1096,3625.15,3629.375,3628.6,3633.6,2025-08-08 16:53:50.475000,3.45,5.0,8.45,7.101,0.69,0.4083,0.2239,-0.0333,2.80522,0.0649,1,0.75,prs_2,prs_2,3.86876,0.725,0,0.6054,2.5881,0.1362,-0.045
1097,3633.6,3634.925,3634.75,3636.25,2025-08-08 16:53:58.906000,1.15,1.5,2.65,22.642,0.7667,0.434,0.3674,-0.3548,4.60345,0.3195,0,0.0,prs_2,prs_2,3.86876,1.19,0,0.5894,2.6048,0.1082,0.7473
1098,3636.25,3638.425,3637.5,3640.6,2025-08-08 16:54:01.578000,1.25,3.1,4.35,13.793,0.4032,0.2874,0.1499,-0.3381,1.87843,0.1199,2,0.65,prs_2,prs_2,3.86876,0.486,0,0.5822,2.6,0.0868,0.2436
1099,3640.6,3641.975,3641.75,3643.35,2025-08-08 16:54:05.897000,1.15,1.6,2.75,21.818,0.7188,0.4182,0.3428,-0.331,4.29419,0.2981,0,0.0,prs_2,prs_2,3.92874,1.093,0,0.5511,2.6881,0.0576,0.5791
1100,3643.35,3644.625,3644.6,3645.9,2025-08-08 16:54:08.688000,1.25,1.3,2.55,23.529,0.9615,0.4902,0.3088,-0.357,3.86876,0.247,0,0.0,prs_2,prs_2,3.98902,0.97,0,0.5669,2.7881,0.0158,0.7229
1101,3645.9,3647.8,3647.75,3649.7,2025-08-08 16:54:11.174000,1.85,1.95,3.8,15.789,0.9487,0.4868,0.2918,-0.2503,3.65537,0.1577,0,0.0,prs_2,prs_2,3.98902,0.916,0,0.5757,2.7548,0.092,0.331
1102,3649.7,3655.95,3653.35,3662.2,2025-08-08 16:54:14.986000,3.65,8.85,12.5,4.8,0.4124,0.292,1.8084,-1.8049,22.65604,0.4954,0,0.0,prs_2,prs_2,3.92874,5.767,1,0.5819,2.6786,0.1195,-0.2457
1103,3662.2,3666.3,3666.5,3670.4,2025-08-08 16:54:27.470000,4.3,3.9,8.2,7.317,1.1026,0.5244,0.271,-0.2952,3.39531,0.063,2,0.7,prs_2,prs_2,3.91238,0.868,0,0.6056,2.6452,0.1091,-0.0326
1104,3670.4,3672.325,3671.8,3674.25,2025-08-08 16:54:35.687000,1.4,2.45,3.85,15.584,0.5714,0.3636,0.4049,-0.4079,5.07255,0.2892,0,0.0,prs_2,prs_2,3.86876,1.311,0,0.6245,2.6524,0.1633,0.4772
1105,3674.25,3675.5,3675.25,3676.75,2025-08-08 16:54:39.584000,1.0,1.5,2.5,24.0,0.6667,0.4,0.2248,-0.2224,2.81611,0.2248,0,0.0,prs_2,prs_2,3.65537,0.77,0,0.6456,2.6,0.1928,1.0022
1106,3676.75,3679.475,3678.95,3682.2,2025-08-08 16:54:42.079000,2.2,3.25,5.45,11.009,0.6769,0.4037,0.3184,-0.3304,3.98902,0.1447,0,0.0,prs_2_PRS-SHORT-11-Boundaries,prs_2,3.86876,1.031,0,0.6397,2.7786,0.1818,0.2777
1107,3682.2,3684.05,3683.35,3685.9,2025-08-08 16:54:47.483000,1.15,2.55,3.7,16.216,0.451,0.3108,0.3136,-0.2829,3.92874,0.2727,0,0.0,prs_2_PRS-SHORT-11-Boundaries,prs_2,3.86876,1.016,0,0.6489,2.7905,0.1849,0.5901
1108,3685.9,3687.6,3686.8,3689.3,2025-08-08 16:54:51.171000,0.9,2.5,3.4,17.647,0.36,0.2647,0.155,-0.1258,1.94137,0.1722,0,0.0,prs_2_PRS-SHORT-11-Boundaries,prs_2,3.86876,0.502,0,0.6482,2.5167,0.2008,0.6656
1109,3689.3,3692.275,3690.1,3695.25,2025-08-08 16:54:54.594000,0.8,5.15,5.95,10.084,0.1553,0.1345,0.4368,-0.3918,5.47191,0.546,1,0.45,prs_2_PRS-SHORT-11-Boundaries,prs_2,3.91238,1.399,0,0.6442,2.5548,0.1915,0.242
1110,3695.25,3696.425,3695.9,3697.6,2025-08-08 16:55:00.587000,0.65,1.7,2.35,25.532,0.3824,0.2766,0.3329,-0.3733,4.17125,0.5122,0,0.0,prs_2_PRS-SHORT-11-Boundaries,prs_2,3.91238,1.066,0,0.6408,2.6643,0.1935,1.0699
1111,3697.6,3698.55,3698.2,3699.5,2025-08-08 16:55:02.868000,0.6,1.3,1.9,31.579,0.4615,0.3158,0.2571,-0.3108,3.22125,0.4285,0,0.0,prs_2_PRS-SHORT-11-Boundaries,prs_2,3.92874,0.82,0,0.6161,2.7333,0.2464,1.3186
1112,3699.5,3701.575,3700.5,3703.65,2025-08-08 16:55:04.786000,1.0,3.15,4.15,14.458,0.3175,0.241,0.3123,-0.2373,3.91238,0.3123,1,0.25,prs_2_PRS-SHORT-8-Organized,prs_2,3.92874,0.996,0,0.6046,2.7619,0.3747,0.3519
1113,3703.65,3704.35,3704.15,3705.05,2025-08-08 16:55:08.993000,0.5,0.9,1.4,42.857,0.5556,0.3571,0.2856,-0.2671,3.57816,0.5712,1,0.75,prs_2_PRS-SHORT-8-Organized,prs_2,3.92874,0.911,0,0.5411,2.4881,0.1785,1.6893
1114,3705.05,3706.0,3706.5,3706.95,2025-08-08 16:55:10.400000,1.45,0.45,1.9,31.579,3.2222,0.7632,0.1175,-0.077,1.47227,0.081,1,0.3,prs_2_PRS-SHORT-8-Organized,prs_2,3.92874,0.375,0,0.5251,2.3524,0.2039,1.0253
1115,3706.95,3708.275,3707.75,3709.6,2025-08-08 16:55:12.290000,0.8,1.85,2.65,22.642,0.4324,0.3019,0.2472,-0.3349,3.0964,0.3089,0,0.0,prs_2_PRS-SHORT-8-Organized,prs_2,3.92874,0.788,0,0.5313,2.1881,0.2011,0.56
1116,3709.6,3713.825,3712.05,3718.05,2025-08-08 16:55:14.899000,2.45,6.0,8.45,7.101,0.4083,0.2899,0.3598,-0.4129,4.50783,0.1469,0,0.0,prs_2_PRS-SHORT-8-Organized,prs_2,3.92874,1.147,0,0.532,2.1595,0.2434,-0.2816
1117,3718.05,3719.425,3718.8,3720.8,2025-08-08 16:55:23.387000,0.75,2.0,2.75,21.818,0.375,0.2727,0.3054,-0.3092,3.82584,0.4072,1,0.7,prs_2_PRS-SHORT-8-Organized,prs_2,3.92874,0.974,0,0.5389,2.0738,0.2548,0.5398
1118,3720.8,3722.15,3721.85,3723.5,2025-08-08 16:55:26.090000,1.05,1.65,2.7,22.222,0.6364,0.3889,0.3538,-0.3231,4.43288,0.337,0,0.0,prs_2_PRS-SHORT-8-Organized,prs_2,4.17125,1.063,0,0.6389,2.4119,0.1629,0.884
1119,3723.5,3726.1,3724.65,3728.7,2025-08-08 16:55:28.791000,1.15,4.05,5.2,11.538,0.284,0.2212,0.4962,-0.4286,6.21627,0.4315,2,0.7,prs_2_PRS-SHORT-5-DemandAttention,prs_2,4.17125,1.49,0,0.6412,2.8381,0.0706,0.3113
1120,3728.7,3733.25,3730.3,3737.8,2025-08-08 16:55:33.978000,1.6,7.5,9.1,6.593,0.2133,0.1758,1.5322,-1.5804,19.19547,0.9576,1,2.0,prs_2_PRS-SHORT-5-DemandAttention,prs_2,3.91238,4.906,1,0.667,2.7476,0.1042,0.1259
1121,3737.8,3741.525,3738.55,3745.25,2025-08-08 16:55:43.096000,0.75,6.7,7.45,8.054,0.1119,0.1007,0.4621,-0.49,5.78977,0.6162,1,1.65,prs_2_PRS-SHORT-5-DemandAttention,prs_2,3.82584,1.513,0,0.6585,2.5952,0.0905,0.1779
1122,3745.25,3748.05,3746.15,3750.85,2025-08-08 16:55:50.571000,0.9,4.7,5.6,10.714,0.1915,0.1607,0.2366,-0.2489,2.96384,0.2629,1,0.55,prs_2_PRS-SHORT-5-DemandAttention,prs_2,3.91238,0.758,0,0.6293,2.6381,0.0884,0.2282
1123,3750.85,3752.175,3752.0,3753.5,2025-08-08 16:55:56.207000,1.15,1.5,2.65,22.642,0.7667,0.434,0.3841,-0.2936,4.81188,0.334,0,0.0,prs_2_PRS-SHORT-6-GetAway,prs_2,3.82584,1.258,0,0.6557,2.6405,0.0859,0.961
1124,3753.5,3755.55,3754.0,3757.6,2025-08-08 16:55:58.793000,0.5,3.6,4.1,14.634,0.1389,0.122,0.2952,-0.3468,3.69849,0.5904,0,0.0,prs_2_PRS-SHORT-6-GetAway,prs_2,4.4289,0.835,0,0.6267,2.5714,0.0549,0.4327
1125,3757.6,3759.2,3758.5,3760.8,2025-08-08 16:56:02.990000,0.9,2.3,3.2,18.75,0.3913,0.2813,0.3727,-0.3859,4.66981,0.4142,0,0.0,prs_2_PRS-SHORT-6-GetAway,prs_2,4.4289,1.054,0,0.6285,2.619,0.0444,0.662
1126,3760.8,3762.025,3762.55,3763.25,2025-08-08 16:56:06.085000,1.75,0.7,2.45,24.49,2.5,0.7143,0.1644,-0.199,2.0594,0.0939,1,0.6,prs_2_PRS-SHORT-6-GetAway,prs_2,4.4289,0.465,0,0.6336,2.6071,0.1377,0.9901
1127,3763.25,3765.05,3764.65,3766.85,2025-08-08 16:56:08.595000,1.4,2.2,3.6,16.667,0.6364,0.3889,0.377,-0.3762,4.72302,0.2693,1,0.25,prs_2_PRS-SHORT-6-GetAway,prs_2,3.82584,1.235,0,0.6358,2.3714,0.2035,0.5724
1128,3766.85,3773.075,3773.35,3779.3,2025-08-08 16:56:12.202000,6.5,5.95,12.45,4.819,1.0924,0.5221,0.78,-0.6792,9.77154,0.12,0,0.0,prs_2_PRS-SHORT-3-HardToBeBored,prs_2,4.38936,2.226,1,0.6153,2.2143,0.1784,-0.137
1129,3779.3,3780.9,3780.7,3782.5,2025-08-08 16:56:24.586000,1.4,1.8,3.2,18.75,0.7778,0.4375,0.2615,-0.268,3.27555,0.1868,1,0.3,prs_2_PRS-SHORT-3-HardToBeBored,prs_2,3.69849,0.886,0,0.6305,2.3929,0.163,0.6684
1130,3782.5,3783.775,3783.65,3785.05,2025-08-08 16:56:27.767000,1.15,1.4,2.55,23.529,0.8214,0.451,0.1146,-0.139,1.43572,0.0997,1,0.45,prs_2_PRS-SHORT-3-HardToBeBored,prs_2,3.28285,0.437,0,0.6794,2.3048,0.1893,1.0855
1131,3785.05,3786.525,3786.6,3788.0,2025-08-08 16:56:30.376000,1.55,1.4,2.95,20.339,1.1071,0.5254,0.203,-0.252,2.54338,0.131,0,0.0,prs_2_PRS-SHORT-3-HardToBeBored,prs_2,3.28285,0.775,0,0.6637,2.2119,0.0623,0.8617
1132,3788.0,3790.15,3789.1,3792.3,2025-08-08 16:56:33.288000,1.1,3.2,4.3,13.953,0.3437,0.2558,0.4167,-0.4945,5.21996,0.3788,1,0.5,prs_2_PRS-SHORT-3-HardToBeBored,prs_2,3.28285,1.59,0,0.6496,2.2405,-0.0154,0.4695
1133,3792.3,3793.3,3793.3,3794.3,2025-08-08 16:56:37.584000,1.0,1.0,2.0,30.0,1.0,0.5,0.262,-0.2283,3.28285,0.262,0,0.0,prs_2_PRS-SHORT-3-HardToBeBored,prs_2,3.37533,0.973,0,0.6577,2.2286,0.0543,1.367
1134,3794.3,3795.95,3795.4,3797.6,2025-08-08 16:56:39.586000,1.1,2.2,3.3,18.182,0.5,0.3333,0.3535,-0.2925,4.4289,0.3214,0,0.0,prs_2_PRS-SHORT-9-ProperPlace,prs_2,3.37533,1.312,0,0.6403,2.1976,0.078,0.6692
1135,3797.6,3798.5,3798.75,3799.4,2025-08-08 16:56:42.888000,1.15,0.65,1.8,33.333,1.7692,0.6389,0.1078,-0.0829,1.35054,0.0937,1,0.55,prs_2_PRS-SHORT-9-ProperPlace,prs_2,3.37533,0.4,0,0.6943,2.4143,0.1087,1.6659
1136,3799.4,3800.55,3799.8,3801.7,2025-08-08 16:56:44.694000,0.4,1.9,2.3,26.087,0.2105,0.1739,0.2098,-0.2268,2.62856,0.5245,1,0.3,prs_2_PRS-SHORT-9-ProperPlace,prs_2,3.37533,0.779,0,0.6807,2.6476,0.1101,1.2286
1137,3801.7,3803.275,3803.55,3804.85,2025-08-08 16:56:46.994000,1.85,1.3,3.15,19.048,1.4231,0.5873,0.0963,-0.1644,1.20602,0.052,1,0.25,prs_2_PRS-SHORT-9-ProperPlace,prs_2,3.71157,0.325,0,0.6576,2.6167,0.1051,0.7719
1138,3804.85,3807.625,3806.05,3810.4,2025-08-08 16:56:50.178000,1.2,4.35,5.55,10.811,0.2759,0.2162,0.3504,-0.3404,4.38936,0.292,1,0.6,prs_2_PRS-SHORT-9-ProperPlace,prs_2,3.37533,1.3,0,0.6586,2.619,0.187,0.3279
1139,3810.4,3811.275,3811.3,3812.15,2025-08-08 16:56:55.667000,0.9,0.85,1.75,34.286,1.0588,0.5143,0.1777,-0.0694,2.22593,0.1974,0,0.0,prs_2_PRS-SHORT-9-ProperPlace,prs_2,3.37533,0.659,0,0.5419,2.3048,0.3021,1.2265
1140,3812.15,3812.7,3812.45,3813.25,2025-08-08 16:56:57.473000,0.3,0.8,1.1,54.545,0.375,0.2727,0.1255,-0.1174,1.57179,0.4182,1,0.65,prs_2_PRS-SHORT-9-ProperPlace,prs_2,3.71157,0.423,0,0.5381,1.9119,0.3294,2.3143
1141,3813.25,3814.775,3814.05,3816.3,2025-08-08 16:56:58.580000,0.8,2.25,3.05,19.672,0.3556,0.2623,0.2694,-0.3408,3.37533,0.3368,1,0.85,prs_2_PRS-SHORT-9-ProperPlace,prs_2,3.71157,0.909,0,0.5488,2.1119,0.2342,0.4552
1142,3816.3,3818.95,3818.4,3821.6,2025-08-08 16:57:01.580000,2.1,3.2,5.3,11.321,0.6563,0.3962,1.3574,-1.0122,17.00637,0.6464,1,1.65,prs_2_PRS-SHORT-2-InterestingThings,prs_2,4.38936,3.874,1,0.5352,2.2929,0.1843,-0.0421
1143,3821.6,3825.05,3822.7,3828.5,2025-08-08 16:57:06.894000,1.1,5.8,6.9,8.696,0.1897,0.1594,0.6838,-1.0536,8.56684,0.6216,1,3.15,prs_2_PRS-SHORT-2-InterestingThings,prs_2,4.21287,2.033,1,0.5503,2.3881,0.1576,-0.136
1144,3828.5,3830.8,3829.4,3833.1,2025-08-08 16:57:13.786000,0.9,3.7,4.6,13.043,0.2432,0.1957,0.3953,-0.3792,4.95198,0.4392,1,0.35,prs_2_PRS-SHORT-2-InterestingThings,prs_2,4.21287,1.175,0,0.5247,2.3429,0.141,0.0175
1145,3833.1,3838.4,3836.6,3843.7,2025-08-08 16:57:18.378000,3.5,7.1,10.6,5.66,0.493,0.3302,1.5098,-1.4768,18.91495,0.4314,0,0.0,prs_2_PRS-SHORT-2-InterestingThings,prs_2,3.71157,5.096,1,0.5187,2.2881,0.1206,-0.4027
1146,3843.7,3846.1,3844.1,3848.5,2025-08-08 16:57:28.972000,0.4,4.4,4.8,12.5,0.0909,0.0833,0.2963,-0.3148,3.71157,0.7406,0,0.0,prs_2_PRS-SHORT-1-Fascinating,prs_2,3.71157,1.0,0,0.4865,2.2452,0.0656,-0.1351
1147,3848.5,3850.85,3849.4,3853.2,2025-08-08 16:57:33.795000,0.9,3.8,4.7,12.766,0.2368,0.1915,0.4361,-0.4511,5.46328,0.4845,0,0.0,prs_2_PRS-SHORT-1-Fascinating,prs_2,4.21287,1.297,0,0.5108,2.3881,0.03,-0.0423
1148,3853.2,3854.95,3855.3,3856.7,2025-08-08 16:57:38.474000,2.1,1.4,3.5,17.143,1.5,0.6,0.1694,-0.1988,2.12192,0.0807,0,0.0,prs_2_PRS-SHORT-1-Fascinating,prs_2,4.38936,0.483,0,0.5103,2.45,0.0856,0.1938
1149,3856.7,3859.575,3857.75,3862.45,2025-08-08 16:57:41.984000,1.05,4.7,5.75,10.435,0.2234,0.1826,0.3846,-0.4152,4.81804,0.3663,0,0.0,prs_2_PRS-SHORT-1-Fascinating,prs_2,4.21287,1.144,0,0.5479,2.4119,0.1481,-0.0493
1150,3862.45,3865.825,3864.05,3869.2,2025-08-08 16:57:47.783000,1.6,5.15,6.75,8.889,0.3107,0.237,0.4602,-0.3692,5.76598,0.2876,1,0.65,prs_2_PRS-SHORT-7-ClearOrder,prs_2,4.21287,1.369,0,0.5135,2.4333,0.0236,-0.2441
1151,3869.2,3870.15,3869.55,3871.1,2025-08-08 16:57:54.502000,0.35,1.55,1.9,31.579,0.2258,0.1842,0.1467,-0.1849,1.83806,0.4192,0,0.0,prs_2_PRS-SHORT-7-ClearOrder,prs_2,4.41353,0.416,0,0.4795,2.5357,-0.0543,0.8784
1152,3871.1,3874.15,3872.2,3877.2,2025-08-08 16:57:56.394000,1.1,5.0,6.1,9.836,0.22,0.1803,0.3523,-0.3341,4.41353,0.3203,0,0.0,prs_2_PRS-SHORT-7-ClearOrder,prs_2,4.41353,1.0,0,0.4654,2.5262,-0.0461,-0.3477
1153,3877.2,3878.575,3877.7,3879.95,2025-08-08 16:58:02.482000,0.5,2.25,2.75,21.818,0.2222,0.1818,0.3363,-0.3454,4.21287,0.6725,0,0.0,prs_2_PRS-SHORT-7-ClearOrder,prs_2,4.41353,0.955,0,0.4772,2.5619,-0.0552,0.3409
1154,3879.95,3882.0,3883.15,3884.05,2025-08-08 16:58:05.272000,3.2,0.9,4.1,14.634,3.5556,0.7805,0.1381,-0.2202,1.72988,0.0431,1,0.75,prs_2_PRS-SHORT-7-ClearOrder,prs_2,4.21287,0.411,0,0.4863,2.7,-0.097,-0.0198
1155,3884.05,3886.025,3885.3,3888.0,2025-08-08 16:58:09.383000,1.25,2.7,3.95,15.19,0.463,0.3165,0.2626,-0.1596,3.28952,0.2101,0,0.0,prs_2_PRS-SHORT-10-Exploration,prs_2,3.86161,0.852,0,0.486,2.6548,-0.1349,0.0094
1156,3888.0,3890.275,3890.1,3892.55,2025-08-08 16:58:13.282000,2.1,2.45,4.55,13.187,0.8571,0.4615,0.2565,-0.1964,3.21336,0.1221,1,0.25,prs_2_PRS-SHORT-10-Exploration,prs_2,3.72113,0.864,0,0.4319,2.5357,-0.1879,-0.2737
1157,3892.55,3893.075,3893.1,3893.6,2025-08-08 16:58:17.894000,0.55,0.5,1.05,57.143,1.1,0.5238,0.7701,-0.4672,9.64837,1.4002,0,0.0,prs_2_PRS-SHORT-10-Exploration,prs_2,3.86161,2.499,0,0.4814,2.5976,-0.3219,2.2726
1158,3893.6,3895.2,3894.15,3896.8,2025-08-08 16:58:18.884000,0.55,2.65,3.2,18.75,0.2075,0.1719,0.4053,-0.4036,5.07774,0.7369,1,0.5,prs_2_PRS-SHORT-10-Exploration,prs_2,3.86161,1.315,0,0.4811,2.7738,-0.3222,0.1869
1159,3896.8,3897.6,3897.45,3898.4,2025-08-08 16:58:22.100000,0.65,0.95,1.6,37.5,0.6842,0.4062,0.3082,-0.2764,3.86161,0.4742,1,0.85,prs_2_PRS-SHORT-10-Exploration,prs_2,4.21287,0.917,0,0.4854,2.8,-0.3194,1.2189
1160,3898.4,3901.325,3899.7,3904.25,2025-08-08 16:58:23.684000,1.3,4.55,5.85,10.256,0.2857,0.2222,0.297,-0.6916,3.72113,0.2285,1,0.7,prs_2_PRS-SHORT-10-Exploration,prs_2,3.86161,0.964,0,0.5372,2.8,-0.3286,-0.0935
1161,3904.25,3905.775,3905.35,3907.3,2025-08-08 16:58:29.563000,1.1,1.95,3.05,19.672,0.5641,0.3607,0.4062,-0.3066,5.08856,0.3692,0,0.0,prs_2_PRS-SHORT-10-Exploration,prs_2,3.72113,1.367,0,0.5793,2.7524,-0.1447,0.5535
1162,3907.3,3909.7,3908.05,3912.1,2025-08-08 16:58:32.568000,0.75,4.05,4.8,12.5,0.1852,0.1563,0.1921,-0.3764,2.40619,0.2561,1,0.35,prs_2_PRS-SHORT-4-RefugeNuisances,prs_2,3.72113,0.647,0,0.5873,2.5524,-0.0151,0.1898
1163,3912.1,3916.0,3913.5,3919.9,2025-08-08 16:58:37.370000,1.4,6.4,7.8,7.692,0.2188,0.1795,1.2848,-1.2561,16.09642,0.9177,1,1.0,prs_2_PRS-SHORT-4-RefugeNuisances,prs_2,3.28952,4.893,1,0.5826,2.5286,-0.0304,-0.0864
1164,3919.9,3921.55,3922.15,3923.2,2025-08-08 16:58:45.197000,2.25,1.05,3.3,18.182,2.1429,0.6818,0.214,-0.2086,2.68152,0.0951,0,0.0,prs_2_PRS-SHORT-4-RefugeNuisances,prs_2,3.28952,0.815,0,0.5954,2.5238,-0.0546,0.5245
1165,3923.2,3925.525,3924.9,3927.85,2025-08-08 16:58:48.497000,1.7,2.95,4.65,12.903,0.5763,0.3656,0.1609,-0.1566,2.01609,0.0947,0,0.0,prs_2_PRS-SHORT-4-RefugeNuisances,prs_2,3.72113,0.542,0,0.615,2.4738,-0.0325,0.301
1166,3927.85,3931.925,3929.7,3936.0,2025-08-08 16:58:53.180000,1.85,6.3,8.15,7.362,0.2937,0.227,0.2168,-0.2405,2.71592,0.1172,2,1.95,sart_6,sart_6,3.86161,0.703,0,0.629,2.481,-0.0254,0.0452
1167,3936.0,3936.525,3936.6,3937.05,2025-08-08 16:59:01.284000,0.6,0.45,1.05,57.143,1.3333,0.5714,0.9612,-0.4233,12.04201,1.602,0,0.0,sart_6,sart_6,3.86161,3.118,0,0.6393,2.4714,0.0083,2.7815
1168,3937.05,3939.475,3937.4,3941.9,2025-08-08 16:59:02.390000,0.35,4.5,4.85,12.371,0.0778,0.0722,0.4333,-1.076,5.42845,1.238,1,0.55,sart_6,sart_6,3.86161,1.406,0,0.5964,2.3476,-0.0014,0.2121
1169,3941.9,3943.45,3943.9,3945.0,2025-08-08 16:59:07.184000,2.0,1.1,3.1,19.355,1.8182,0.6452,0.383,-0.3412,4.79798,0.1915,0,0.0,sart_6,sart_6,3.86161,1.242,0,0.61,2.3238,-0.0135,0.6352
1170,3945.0,3945.425,3945.6,3945.85,2025-08-08 16:59:10.284000,0.6,0.25,0.85,70.588,2.4,0.7059,0.2005,-0.1861,2.5123,0.3342,0,0.0,sart_6,sart_6,4.79798,0.524,0,0.5798,2.3262,0.0354,3.3198
1171,3945.85,3946.275,3946.35,3946.7,2025-08-08 16:59:11.182000,0.5,0.35,0.85,70.588,1.4286,0.5882,0.2014,-0.1285,2.52376,0.4029,0,0.0,sart_6,sart_6,5.08856,0.496,0,0.6156,2.25,0.0357,3.4352
1172,3946.7,3947.45,3946.95,3948.2,2025-08-08 16:59:11.993000,0.25,1.25,1.5,40.0,0.2,0.1667,0.1238,-0.229,1.5509,0.4952,1,0.25,sart_6,sart_6,5.42845,0.286,0,0.6334,2.419,-0.0622,1.8317
1173,3948.2,3950.8,3949.05,3953.4,2025-08-08 16:59:13.489000,0.85,4.35,5.2,11.538,0.1954,0.1635,0.1691,-0.0508,2.11859,0.1989,1,0.3,sart_6,sart_6,5.42845,0.39,0,0.6457,2.5571,-0.1545,0.3258
1174,3953.4,3954.375,3954.6,3955.35,2025-08-08 16:59:18.680000,1.2,0.75,1.95,30.769,1.6,0.6154,2.5755,-1.4301,32.26639,2.1462,1,0.65,sart_6,sart_6,4.79798,6.725,1,0.6154,2.5429,-0.18,1.2724
1175,3955.35,3956.475,3956.3,3957.6,2025-08-08 16:59:20.684000,0.95,1.3,2.25,26.667,0.7308,0.4222,1.0771,-1.5949,13.49468,1.1338,0,0.0,sart_6,sart_6,4.79798,2.813,1,0.6179,2.45,-0.1834,1.0577
1176,3957.6,3958.875,3959.25,3960.15,2025-08-08 16:59:22.877000,1.65,0.9,2.55,23.529,1.8333,0.6471,1.2477,-1.1695,15.63202,0.7562,1,0.8,sart_6,sart_6,4.79798,3.258,1,0.6343,2.4167,-0.3142,0.9402
1177,3960.15,3961.625,3962.0,3963.1,2025-08-08 16:59:25.488000,1.85,1.1,2.95,20.339,1.6818,0.6271,0.2909,-0.3137,3.64482,0.1573,0,0.0,sart_6,sart_6,4.79798,0.76,0,0.5753,2.269,-0.2092,0.5768
1178,3963.1,3965.025,3964.1,3966.95,2025-08-08 16:59:28.401000,1.0,2.85,3.85,15.584,0.3509,0.2597,0.4816,-0.5847,6.03351,0.4816,1,0.45,sart_6,sart_6,3.77145,1.6,0,0.5386,1.9429,-0.1555,0.2003
1179,3966.95,3968.05,3968.2,3969.15,2025-08-08 16:59:32.299000,1.25,0.95,2.2,27.273,1.3158,0.5682,0.6947,-0.7011,8.70325,0.5557,1,0.85,sart_6,sart_6,3.77145,2.308,1,0.5398,1.7762,-0.1649,0.8389
1180,3969.15,3971.075,3972.3,3973.0,2025-08-08 16:59:34.493000,3.15,0.7,3.85,15.584,4.5,0.8182,1.6551,-1.9362,20.73545,0.5254,0,0.0,sart_6,sart_6,3.77145,5.498,1,0.5406,1.7048,-0.1673,0.2068
1181,3973.0,3973.6,3973.35,3974.2,2025-08-08 16:59:38.270000,0.35,0.85,1.2,50.0,0.4118,0.2917,0.4485,-0.5974,5.61848,1.2813,0,0.0,sart_6,sart_6,3.8224,1.47,0,0.4986,1.6,-0.2979,1.9402
1182,3974.2,3977.975,3979.2,3981.75,2025-08-08 16:59:39.468000,5.0,2.55,7.55,7.947,1.9608,0.6623,0.5645,-0.7155,7.07228,0.1129,1,0.45,sart_6,sart_6,3.84916,1.837,0,0.4567,1.6048,-0.4223,-0.4783
1183,3981.75,3983.2,3982.75,3984.65,2025-08-08 16:59:47.093000,1.0,1.9,2.9,20.69,0.5263,0.3448,0.247,-0.2592,3.09497,0.247,1,0.4,sart_6,sart_6,3.90128,0.793,0,0.4326,1.5738,-0.3643,0.1359
1184,3984.65,3987.45,3986.95,3990.25,2025-08-08 16:59:50.002000,2.3,3.3,5.6,10.714,0.697,0.4107,0.297,-0.2764,3.72118,0.1291,1,0.55,sart_6,sart_6,4.0304,0.923,0,0.4254,1.4024,-0.3172,-0.429
1185,3990.25,3991.775,3991.3,3993.3,2025-08-08 16:59:55.574000,1.05,2.0,3.05,19.672,0.525,0.3443,0.2689,-0.2671,3.36888,0.2561,1,0.45,sart_6,sart_6,3.90128,0.864,0,0.4116,1.2524,-0.3565,0.013
1186,3993.3,3994.5,3994.4,3995.7,2025-08-08 16:59:58.580000,1.1,1.3,2.4,25.0,0.8462,0.4583,0.301,-0.2821,3.77145,0.2737,0,0.0,sart_6,sart_6,3.85372,0.979,0,0.4077,1.2548,-0.3716,0.2897
1187,3995.7,3997.1,3997.15,3998.5,2025-08-08 17:00:00.974000,1.45,1.35,2.8,21.429,1.0741,0.5179,0.2963,-0.2928,3.71201,0.2043,0,0.0,sart_6,sart_6,3.85372,0.963,0,0.402,1.269,-0.3743,0.0774
1188,3998.5,4000.025,4000.0,4001.55,2025-08-08 17:00:03.767000,1.5,1.55,3.05,19.672,0.9677,0.4918,0.2637,-0.2769,3.30417,0.1758,1,0.35,sart_6,sart_6,3.85372,0.857,0,0.4025,1.2595,-0.3708,-0.0163
1189,4001.55,4002.925,4002.7,4004.3,2025-08-08 17:00:06.888000,1.15,1.6,2.75,21.818,0.7187,0.4182,0.3114,-0.3013,3.90128,0.2708,0,0.0,sart_6,sart_6,3.85372,1.012,0,0.4036,1.231,-0.3581,0.1037
1190,4004.3,4005.8,4005.4,4007.3,2025-08-08 17:00:09.593000,1.1,1.9,3.0,20.0,0.5789,0.3667,0.3051,-0.3142,3.8224,0.2774,1,0.4,sart_6,sart_6,3.85372,0.992,0,0.3935,1.1643,-0.3451,-0.0275
1191,4007.3,4008.775,4008.5,4010.25,2025-08-08 17:00:12.585000,1.2,1.75,2.95,20.339,0.6857,0.4068,0.3072,-0.3054,3.84916,0.256,0,0.0,sart_6,sart_6,3.84916,1.0,0,0.3982,1.0952,-0.3212,0.006
1192,4010.25,4011.675,4011.35,4013.1,2025-08-08 17:00:15.529000,1.1,1.75,2.85,21.053,0.6286,0.386,0.3217,-0.3054,4.0304,0.2925,1,0.4,sart_6,sart_6,3.8224,1.054,0,0.3646,0.9714,-0.025,-0.0635
1193,4013.1,4014.525,4014.3,4015.95,2025-08-08 17:00:18.391000,1.2,1.65,2.85,21.053,0.7273,0.4211,0.3436,-0.3531,4.30427,0.2863,0,0.0,sart_6,sart_6,3.81473,1.128,0,0.2082,0.6762,0.0129,-0.5676
1194,4015.95,4017.325,4017.1,4018.7,2025-08-08 17:00:21.219000,1.15,1.6,2.75,21.818,0.7188,0.4182,0.349,-0.3387,4.37192,0.3034,1,0.25,sart_6,sart_6,3.8224,1.144,0,0.2118,0.4738,0.1594,-0.5144
1195,4018.7,4020.125,4019.85,4021.55,2025-08-08 17:00:24.003000,1.15,1.7,2.85,21.053,0.6765,0.4035,0.3076,-0.3167,3.85372,0.2675,0,0.0,sart_6,sart_6,3.8224,1.008,0,0.069,0.3571,-0.1935,-1.0162
1196,4021.55,4022.8,4022.65,4024.05,2025-08-08 17:00:26.922000,1.1,1.4,2.5,24.0,0.7857,0.44,0.3045,-0.2922,3.81473,0.2768,0,0.0,sart_6,sart_6,3.84916,0.991,0,0.07,0.2452,-0.0656,-0.853
1197,4024.05,4025.6,4025.35,4027.15,2025-08-08 17:00:29.323000,1.3,1.8,3.1,19.355,0.7222,0.4194,0.3131,-0.2941,3.92274,0.2409,1,0.45,sart_6,sart_6,3.84916,1.019,0,0.0632,0.2381,-0.2046,-1.1271
1198,4027.15,4028.6,4027.95,4030.05,2025-08-08 17:00:32.506000,0.8,2.1,2.9,20.69,0.381,0.2759,0.2459,-0.3028,3.08055,0.3074,1,0.5,sart_6,sart_6,3.84916,0.8,0,0.1455,0.3095,-0.3534,-0.7894
1199,4030.05,4031.65,4031.15,4033.25,2025-08-08 17:00:35.424000,1.1,2.1,3.2,18.75,0.5238,0.3437,0.3105,-0.2819,3.88965,0.2822,1,0.6,sart_6,sart_6,3.84916,1.011,0,0.1446,0.3786,-0.2204,-0.8976
1200,4033.25,4034.725,4034.5,4036.2,2025-08-08 17:00:38.597000,1.25,1.7,2.95,20.339,0.7353,0.4237,0.3318,-0.335,4.15685,0.2654,0,0.0,sart_6,sart_6,3.8224,1.087,0,0.1445,0.369,-0.2189,-0.8116
1201,4036.2,4037.575,4037.35,4038.95,2025-08-08 17:00:41.515000,1.15,1.6,2.75,21.818,0.7188,0.4182,0.303,-0.301,3.79665,0.2635,0,0.0,sart_6,sart_6,3.81473,0.995,0,0.1477,0.3762,-0.2346,-0.721
1202,4038.95,4040.35,4040.05,4041.75,2025-08-08 17:00:44.302000,1.1,1.7,2.8,21.429,0.6471,0.3929,0.2972,-0.3071,3.72361,0.2702,0,0.0,sart_6,sart_6,3.81473,0.976,0,0.1492,0.3786,-0.2122,-0.7373
1203,4041.75,4043.225,4043.0,4044.7,2025-08-08 17:00:47.037000,1.25,1.7,2.95,20.339,0.7353,0.4237,0.2982,-0.3223,3.73543,0.2385,0,0.0,sart_6,sart_6,3.79665,0.984,0,0.1501,0.3976,-0.2325,-0.7936
1204,4044.7,4045.975,4045.8,4047.25,2025-08-08 17:00:50.033000,1.1,1.45,2.55,23.529,0.7586,0.4314,0.3157,-0.2532,3.95506,0.287,1,0.25,sart_6,sart_6,3.79413,1.042,0,0.1502,0.4119,-0.2335,-0.6201
1205,4047.25,4048.65,4048.35,4050.05,2025-08-08 17:00:52.528000,1.1,1.7,2.8,21.429,0.6471,0.3929,0.2656,-0.2922,3.32789,0.2415,0,0.0,sart_6,sart_6,3.73543,0.891,0,0.1503,0.4071,-0.2346,-0.7338
1206,4050.05,4051.35,4051.1,4052.65,2025-08-08 17:00:55.317000,1.05,1.55,2.6,23.077,0.6774,0.4038,0.3098,-0.3089,3.88069,0.295,0,0.0,sart_6,sart_6,3.72361,1.042,0,0.1502,0.4071,-0.2287,-0.6446
1207,4052.65,4054.2,4053.8,4055.75,2025-08-08 17:00:57.921000,1.15,1.95,3.1,19.355,0.5897,0.371,0.2947,-0.2532,3.69247,0.2563,0,0.0,sart_6,sart_6,3.69247,1.0,0,0.1485,0.3952,-0.2095,-0.8522
1208,4055.75,4056.35,4056.55,4056.95,2025-08-08 17:01:01.169000,0.8,0.4,1.2,50.0,2.0,0.6667,0.3028,-0.1076,3.79413,0.3786,0,0.0,sart_6,sart_6,3.61033,1.051,0,0.1464,0.3738,-0.2379,0.8051
1209,4056.95,4058.4,4057.65,4059.85,2025-08-08 17:01:02.338000,0.7,2.2,2.9,20.69,0.3182,0.2414,0.1879,-0.4213,2.35462,0.2685,1,0.3,sart_6,sart_6,3.69247,0.638,0,0.5143,0.6881,0.0092,0.3993
1210,4059.85,4061.25,4060.95,4062.65,2025-08-08 17:01:05.125000,1.1,1.7,2.8,21.429,0.6471,0.3929,0.2882,-0.3014,3.61033,0.262,0,0.0,sart_6,sart_6,3.61033,1.0,0,0.5122,0.9524,0.1054,0.4326
1211,4062.65,4063.85,4063.75,4065.05,2025-08-08 17:01:07.920000,1.1,1.3,2.4,25.0,0.8462,0.4583,0.2608,-0.2698,3.26761,0.2371,0,0.0,sart_6,sart_6,3.44516,0.948,0,0.5149,0.9929,0.0984,0.6352
1212,4065.05,4066.3,4066.5,4067.55,2025-08-08 17:01:10.320000,1.45,1.05,2.5,24.0,1.381,0.58,0.3476,-0.2876,4.35459,0.2397,0,0.0,sart_6,sart_6,3.43897,1.266,0,0.5419,1.05,0.1069,0.6679
1213,4067.55,4069.05,4068.65,4070.55,2025-08-08 17:01:12.923000,1.1,1.9,3.0,20.0,0.5789,0.3667,0.1934,-0.2605,2.42276,0.1758,1,0.45,sart_6,sart_6,3.40665,0.711,0,0.5456,1.1048,0.1196,0.4627
1214,4070.55,4071.9,4071.65,4073.25,2025-08-08 17:01:15.927000,1.1,1.6,2.7,22.222,0.6875,0.4074,0.2603,-0.2681,3.26125,0.2366,0,0.0,sart_6,sart_6,3.34031,0.976,0,0.5424,1.1833,0.1057,0.573
1215,4073.25,4074.6,4074.45,4075.95,2025-08-08 17:01:18.628000,1.2,1.5,2.7,22.222,0.8,0.4444,0.2553,-0.2625,3.19869,0.2128,0,0.0,sart_6,sart_6,3.32789,0.961,0,0.5573,1.2881,0.0695,0.621
1216,4075.95,4077.35,4077.05,4078.75,2025-08-08 17:01:21.244000,1.1,1.7,2.8,21.429,0.6471,0.3929,0.2666,-0.2429,3.34031,0.2424,0,0.0,sart_6,sart_6,3.28952,1.015,0,0.5563,1.3333,0.0696,0.5748
1217,4078.75,4080.1,4079.9,4081.45,2025-08-08 17:01:24.029000,1.15,1.55,2.7,22.222,0.7419,0.4259,0.2745,-0.2761,3.43897,0.2387,0,0.0,sart_6,sart_6,3.26761,1.052,0,0.5576,1.3429,0.0713,0.622
1218,4081.45,4082.875,4082.75,4084.3,2025-08-08 17:01:26.723000,1.3,1.55,2.85,21.053,0.8387,0.4561,0.275,-0.2644,3.44516,0.2115,0,0.0,sart_6,sart_6,3.26125,1.056,0,0.5548,1.4,0.0651,0.5495
1219,4084.3,4089.125,4090.1,4093.95,2025-08-08 17:01:29.640000,5.8,3.85,9.65,6.218,1.5065,0.601,1.7956,-1.7764,22.49541,0.3096,0,0.0,sart_6,sart_6,3.26125,6.898,1,0.5179,1.319,0.074,-0.375
1220,4093.95,4095.85,4095.65,4097.75,2025-08-08 17:01:39.333000,1.7,2.1,3.8,15.789,0.8095,0.4474,0.2719,-0.2597,3.40665,0.16,0,0.0,sart_6,sart_6,3.26761,1.043,0,0.512,1.2405,0.0821,0.1257
1221,4097.75,4099.1,4099.2,4100.45,2025-08-08 17:01:43.023000,1.45,1.25,2.7,22.222,1.16,0.537,0.2534,-0.1994,3.17482,0.1748,0,0.0,break_2,break_2,3.26125,0.973,0,0.5166,1.3071,0.0645,0.4899
1222,4100.45,4101.1,4101.25,4101.75,2025-08-08 17:01:45.718000,0.8,0.5,1.3,46.154,1.6,0.6154,0.0736,-0.0897,0.92269,0.0921,0,0.0,break_2,break_2,3.26125,0.283,0,0.504,1.3571,0.0432,1.7488
1223,4101.75,4103.0,4102.95,4104.25,2025-08-08 17:01:47.127000,1.2,1.3,2.5,24.0,0.9231,0.48,0.2053,-0.2651,2.57262,0.1711,0,0.0,break_2,break_2,3.23176,0.796,0,0.496,1.3857,0.0369,0.52
1224,4104.25,4106.4,4106.15,4108.55,2025-08-08 17:01:49.528000,1.9,2.4,4.3,13.953,0.7917,0.4419,0.2248,-0.2466,2.81651,0.1183,0,0.0,break_2,break_2,3.23176,0.872,0,0.493,1.369,0.0331,-0.0352
1225,4108.55,4109.4,4109.15,4110.25,2025-08-08 17:01:53.905000,0.6,1.1,1.7,35.294,0.5455,0.3529,0.1041,-0.0811,1.30433,0.1735,0,0.0,break_2,break_2,3.23176,0.404,0,0.4838,1.3857,0.0246,1.094
1226,4110.25,4111.7,4111.45,4113.15,2025-08-08 17:01:55.524000,1.2,1.7,2.9,20.69,0.7059,0.4138,0.2626,-0.209,3.28952,0.2188,0,0.0,break_2,break_2,3.23176,1.018,0,0.4881,1.4619,0.0049,0.3148
1227,4113.15,4114.4,4114.15,4115.65,2025-08-08 17:01:58.444000,1.0,1.5,2.5,24.0,0.6667,0.4,0.1756,-0.2361,2.19967,0.1756,0,0.0,break_2,break_2,3.23176,0.681,0,0.484,1.4952,0.0008,0.4813
1228,4115.65,4117.75,4117.9,4119.85,2025-08-08 17:02:00.932000,2.25,1.95,4.2,14.286,1.1538,0.5357,0.2382,-0.2596,2.98467,0.1059,1,0.25,break_2,break_2,3.23176,0.924,0,0.4785,1.4905,-0.0063,-0.0639
1229,4119.85,4121.85,4121.7,4123.85,2025-08-08 17:02:05.124000,1.85,2.15,4.0,15.0,0.8605,0.4625,0.2878,-0.2802,3.60506,0.1555,0,0.0,break_2,break_2,3.23176,1.116,0,0.4754,1.4857,0.1323,-0.0351
1230,4123.85,4125.825,4125.25,4127.8,2025-08-08 17:02:09.119000,1.4,2.55,3.95,15.19,0.549,0.3544,0.2878,-0.2395,3.60564,0.2056,1,0.25,break_2,break_2,3.23176,1.116,0,0.2595,1.1643,-0.0625,-0.7206
1231,4127.8,4129.025,4128.85,4130.25,2025-08-08 17:02:13.105000,1.05,1.4,2.45,24.49,0.75,0.4286,0.2413,-0.2605,3.02369,0.2299,0,0.0,break_2,break_2,3.23176,0.936,0,0.2582,0.8905,-0.042,-0.2198
1232,4130.25,4132.2,4132.15,4134.15,2025-08-08 17:02:15.630000,1.9,2.0,3.9,15.385,0.95,0.4872,0.3,-0.3196,3.75806,0.1579,0,0.0,break_2,break_2,3.25214,1.156,0,0.2561,0.8429,-0.1169,-0.721
1233,4134.15,4135.75,4135.35,4137.35,2025-08-08 17:02:19.532000,1.2,2.0,3.2,18.75,0.6,0.375,0.258,-0.26,3.23176,0.215,0,0.0,break_2,break_2,3.28952,0.982,0,0.2126,0.7905,-0.2875,-0.6784
1234,4137.35,4139.025,4138.85,4140.7,2025-08-08 17:02:22.618000,1.5,1.85,3.35,17.91,0.8108,0.4478,0.2535,-0.2533,3.17568,0.169,0,0.0,break_2,break_2,3.28952,0.965,0,0.2092,0.7571,-0.2171,-0.735
1235,4140.7,4142.7,4142.35,4144.7,2025-08-08 17:02:26.014000,1.65,2.35,4.0,15.0,0.7021,0.4125,0.2665,-0.2671,3.33832,0.1615,1,0.8,break_2,break_2,3.28952,1.015,0,0.1981,0.6857,-0.0072,-0.9288
1236,4144.7,4145.9,4145.75,4147.1,2025-08-08 17:02:30.027000,1.05,1.35,2.4,25.0,0.7778,0.4375,0.2181,-0.2116,2.73233,0.2077,0,0.0,break_2,break_2,3.29349,0.83,0,0.1662,0.5667,-0.0821,-0.4886
1237,4147.1,4148.7,4148.85,4150.3,2025-08-08 17:02:32.434000,1.75,1.45,3.2,18.75,1.2069,0.5469,0.2596,-0.2589,3.25214,0.1483,0,0.0,break_2,break_2,3.33832,0.974,0,0.1645,0.519,-0.1219,-0.8335
1238,4150.3,4151.9,4152.05,4153.5,2025-08-08 17:02:35.643000,1.75,1.45,3.2,18.75,1.2069,0.5469,0.2713,-0.2752,3.39846,0.155,0,0.0,break_2,break_2,3.39846,1.0,0,0.158,0.5119,0.0266,-0.8544
1239,4153.5,4155.075,4155.05,4156.65,2025-08-08 17:02:38.821000,1.55,1.6,3.15,19.048,0.9688,0.4921,0.2997,-0.2995,3.75529,0.1934,0,0.0,break_2,break_2,3.39846,1.105,0,0.1467,0.431,-0.1578,-0.8747
1240,4156.65,4158.2,4158.25,4159.75,2025-08-08 17:02:42.029000,1.6,1.5,3.1,19.355,1.0667,0.5161,0.3002,-0.298,3.76112,0.1876,0,0.0,break_2,break_2,3.39353,1.108,0,0.1353,0.4381,-0.427,-0.8947
1241,4159.75,4161.25,4161.15,4162.75,2025-08-08 17:02:45.033000,1.4,1.6,3.0,20.0,0.875,0.4667,0.2773,-0.2791,3.47445,0.1981,0,0.0,break_2,break_2,3.39353,1.024,0,0.1269,0.4548,-0.2735,-0.8868
1242,4162.75,4164.2,4164.25,4165.65,2025-08-08 17:02:48.033000,1.5,1.4,2.9,20.69,1.0714,0.5172,0.2813,-0.2785,3.52402,0.1875,0,0.0,break_2,break_2,3.39353,1.038,0,0.1184,0.419,-0.1531,-0.8767
1243,4165.65,4167.25,4167.15,4168.85,2025-08-08 17:02:51.034000,1.5,1.7,3.2,18.75,0.8824,0.4687,0.2629,-0.2435,3.29349,0.1753,1,0.3,break_2,break_2,3.35226,0.982,0,0.1053,0.3595,-0.2116,-1.0243
1244,4168.85,4170.2,4170.1,4171.55,2025-08-08 17:02:54.122000,1.25,1.45,2.7,22.222,0.8621,0.463,0.2186,-0.2241,2.7388,0.1749,0,0.0,break_2,break_2,3.35226,0.817,0,0.1186,0.3667,-0.2117,-0.7929
1245,4171.55,4173.05,4173.05,4174.55,2025-08-08 17:02:56.906000,1.5,1.5,3.0,20.0,1.0,0.5,0.2387,-0.2496,2.99007,0.1591,0,0.0,break_2,break_2,3.39353,0.881,0,0.1186,0.4048,-0.3782,-0.9135
1246,4174.55,4176.0,4176.05,4177.45,2025-08-08 17:02:59.824000,1.5,1.4,2.9,20.69,1.0714,0.5172,0.2741,-0.2623,3.43454,0.1828,0,0.0,break_2,break_2,3.39353,1.012,0,0.0997,0.3786,-0.1386,-0.937
1247,4177.45,4179.0,4179.05,4180.55,2025-08-08 17:03:02.735000,1.6,1.5,3.1,19.355,1.0667,0.5161,0.3023,-0.3045,3.78779,0.189,0,0.0,break_2,break_2,3.39353,1.116,0,0.0859,0.3071,-0.1063,-1.0539
1248,4180.55,4181.975,4181.9,4183.4,2025-08-08 17:03:05.823000,1.35,1.5,2.85,21.053,0.9,0.4737,0.272,-0.2715,3.40716,0.2014,0,0.0,break_2,break_2,3.39353,1.004,0,0.0875,0.2833,-0.1254,-0.9566
1249,4183.4,4184.825,4184.7,4186.25,2025-08-08 17:03:08.725000,1.3,1.55,2.85,21.053,0.8387,0.4561,0.2528,-0.26,3.16683,0.1944,0,0.0,break_2,break_2,3.35226,0.945,0,0.0883,0.2857,-0.1054,-0.954
1250,4186.25,4187.85,4187.65,4189.45,2025-08-08 17:03:11.519000,1.4,1.8,3.2,18.75,0.7778,0.4375,0.2709,-0.2701,3.39353,0.1935,0,0.0,break_2,break_2,3.35226,1.012,0,0.0883,0.2881,-0.1017,-1.0791
1251,4189.45,4191.25,4190.75,4193.05,2025-08-08 17:03:14.735000,1.3,2.3,3.6,16.667,0.5652,0.3611,0.2728,-0.2679,3.41759,0.2098,0,0.0,break_2,break_2,3.31859,1.03,0,0.0883,0.2905,-0.1017,-1.1922
1252,4193.05,4194.475,4194.05,4195.9,2025-08-08 17:03:18.334000,1.0,1.85,2.85,21.053,0.5405,0.3509,0.2676,-0.3007,3.35226,0.2676,1,0.25,break_2,break_2,3.31859,1.01,0,0.0984,0.3143,-0.0784,-0.9215
1253,4195.9,4197.425,4197.45,4198.95,2025-08-08 17:03:21.205000,1.55,1.5,3.05,19.672,1.0333,0.5082,0.2504,-0.2408,3.13663,0.1615,0,0.0,break_2,break_2,3.31859,0.945,0,0.2725,0.4643,0.4142,-0.4353
1254,4198.95,4200.9,4200.65,4202.85,2025-08-08 17:03:24.330000,1.7,2.2,3.9,15.385,0.7727,0.4359,0.2431,-0.2325,3.04623,0.143,1,0.65,break_2,break_2,3.35226,0.909,0,0.3824,0.4929,0.7992,-0.3139
1255,4202.85,4204.325,4203.95,4205.8,2025-08-08 17:03:28.261000,1.1,1.85,2.95,20.339,0.5946,0.3729,0.2722,-0.2726,3.4101,0.2474,0,0.0,break_2,break_2,3.35226,1.017,0,0.3738,0.6357,0.6225,-0.0726
1256,4205.8,4207.325,4206.85,4208.85,2025-08-08 17:03:31.112000,1.05,2.0,3.05,19.672,0.525,0.3443,0.2595,-0.2592,3.25133,0.2472,0,0.0,break_2,break_2,3.35226,0.97,0,0.3705,0.669,0.6063,-0.1195
1257,4208.85,4210.425,4210.05,4212.0,2025-08-08 17:03:34.196000,1.2,1.95,3.15,19.048,0.6154,0.381,0.2649,-0.2691,3.31859,0.2207,1,0.35,break_2,break_2,3.31859,1.0,0,0.3635,0.7119,0.592,-0.1759
1258,4212.0,4213.425,4213.15,4214.85,2025-08-08 17:03:37.315000,1.15,1.7,2.85,21.053,0.6765,0.4035,0.2465,-0.2365,3.08849,0.2144,0,0.0,break_2,break_2,3.30239,0.935,0,0.3679,0.7643,0.5906,-0.0529
1259,4214.85,4216.3,4216.1,4217.75,2025-08-08 17:03:40.139000,1.25,1.65,2.9,20.69,0.7576,0.431,0.2444,-0.2493,3.06223,0.1955,0,0.0,break_2,break_2,3.26695,0.937,0,0.3581,0.8071,0.5805,-0.1042
1260,4217.75,4219.25,4219.15,4220.75,2025-08-08 17:03:43.021000,1.4,1.6,3.0,20.0,0.875,0.4667,0.2797,-0.2819,3.50359,0.1998,0,0.0,break_2,break_2,3.30239,1.061,0,0.3528,0.8643,0.5565,-0.1587
1261,4220.75,4222.3,4222.3,4223.85,2025-08-08 17:03:46.019000,1.55,1.55,3.1,19.355,1.0,0.5,0.2576,-0.2538,3.22702,0.1662,0,0.0,break_2,break_2,3.30239,0.977,0,0.3528,0.8524,0.5602,-0.1937
1262,4223.85,4225.7,4225.35,4227.55,2025-08-08 17:03:49.236000,1.5,2.2,3.7,16.216,0.6818,0.4054,0.2762,-0.2556,3.46033,0.1841,0,0.0,break_2,break_2,3.26695,1.059,0,0.3528,0.8524,0.5622,-0.3642
1263,4227.55,4231.025,4230.95,4234.5,2025-08-08 17:03:52.831000,3.4,3.55,6.95,8.633,0.9577,0.4892,1.2784,-1.2728,16.01631,0.376,1,0.45,break_2,break_2,3.25133,4.926,1,0.3501,0.8429,0.5519,-0.7847
1264,4234.5,4238.425,4238.55,4242.35,2025-08-08 17:03:59.820000,4.05,3.8,7.85,7.643,1.0658,0.5159,0.4573,-0.5029,5.72859,0.1129,1,0.65,break_2,break_2,3.25133,1.762,0,0.3419,0.8952,0.5398,-0.8648
1265,4242.35,4244.525,4244.3,4246.7,2025-08-08 17:04:07.625000,1.95,2.4,4.35,13.793,0.8125,0.4483,0.1928,-0.1807,2.41579,0.0989,1,1.1,break_2,break_2,3.25133,0.743,0,0.3485,0.9143,0.5298,-0.5096
1266,4246.7,4248.375,4247.9,4250.05,2025-08-08 17:04:12.026000,1.2,2.15,3.35,17.91,0.5581,0.3582,0.2205,-0.2138,2.7619,0.1837,1,0.6,break_2,break_2,3.24937,0.85,0,0.3492,0.8786,0.5295,-0.2838
1267,4250.05,4252.225,4251.85,4254.4,2025-08-08 17:04:15.326000,1.8,2.55,4.35,13.793,0.7059,0.4138,0.2636,-0.2682,3.30239,0.1464,1,0.85,break_2,break_2,3.22702,1.023,0,0.3464,0.8929,0.5279,-0.5164
1268,4254.4,4257.225,4255.75,4260.05,2025-08-08 17:04:19.713000,1.35,4.3,5.65,10.619,0.314,0.2389,0.2469,-0.2554,3.09292,0.1829,1,2.55,break_2,break_2,3.13418,0.987,0,0.3525,0.9167,0.5251,-0.6691
1269,4260.05,4262.3,4262.75,4264.55,2025-08-08 17:04:25.322000,2.7,1.8,4.5,13.333,1.5,0.6,0.2608,-0.2525,3.26695,0.0966,0,0.0,break_2,break_2,3.22702,1.012,0,0.3444,0.9452,0.51,-0.5478
1270,4264.55,4266.2,4265.85,4267.85,2025-08-08 17:04:29.818000,1.3,2.0,3.3,18.182,0.65,0.3939,0.284,-0.2799,3.55841,0.2185,0,0.0,break_2,break_2,3.24937,1.095,0,0.3401,0.9595,0.4981,-0.2984
1271,4267.85,4269.45,4269.1,4271.05,2025-08-08 17:04:33.156000,1.25,1.95,3.2,18.75,0.641,0.3906,0.2806,-0.278,3.51513,0.2245,0,0.0,break_2,break_2,3.24937,1.082,0,0.3323,0.9833,0.4843,-0.2927
1272,4271.05,4272.85,4272.65,4274.65,2025-08-08 17:04:36.329000,1.6,2.0,3.6,16.667,0.8,0.4444,0.2386,-0.1991,2.98912,0.1491,0,0.0,break_2,break_2,3.26695,0.915,0,0.3311,1.0095,0.4814,-0.4096
1273,4274.65,4276.175,4275.75,4277.7,2025-08-08 17:04:39.931000,1.1,1.95,3.05,19.672,0.5641,0.3607,0.2039,-0.2457,2.55394,0.1853,0,0.0,break_2,break_2,3.24937,0.786,0,0.3362,0.9833,0.6031,-0.23
1274,4277.7,4279.875,4279.55,4282.05,2025-08-08 17:04:43.026000,1.85,2.5,4.35,13.793,0.74,0.4253,0.2594,-0.2593,3.24937,0.1402,1,0.7,break_2,break_2,3.24937,1.0,0,0.3046,0.8333,0.3905,-0.6511
1275,4282.05,4283.6,4283.35,4285.15,2025-08-08 17:04:47.340000,1.3,1.8,3.1,19.355,0.7222,0.4194,0.2446,-0.2321,3.06451,0.1882,0,0.0,break_2,break_2,3.24937,0.943,0,0.1958,0.7952,0.341,-0.6997
1276,4285.15,4286.6,4286.5,4288.05,2025-08-08 17:04:50.458000,1.35,1.55,2.9,20.69,0.871,0.4655,0.2502,-0.2598,3.13418,0.1853,0,0.0,break_2,break_2,3.26695,0.959,0,0.1931,0.6333,0.377,-0.636
1277,4288.05,4289.7,4289.35,4291.35,2025-08-08 17:04:53.435000,1.3,2.0,3.3,18.182,0.65,0.3939,0.2354,-0.2479,2.94977,0.1811,1,0.65,break_2,break_2,3.26938,0.902,0,0.1953,0.5929,0.4185,-0.765
1278,4291.35,4292.7,4292.55,4294.05,2025-08-08 17:04:56.736000,1.2,1.5,2.7,22.222,0.8,0.4444,0.1933,-0.1776,2.42172,0.1611,0,0.0,break_2,break_2,3.26938,0.741,0,0.1896,0.569,0.3137,-0.564
1279,4294.05,4295.85,4295.7,4297.65,2025-08-08 17:04:59.431000,1.65,1.95,3.6,16.667,0.8462,0.4583,0.2855,-0.2838,3.57638,0.173,0,0.0,break_2,break_2,3.26938,1.094,0,0.1285,0.5167,-0.2586,-1.0626
1280,4297.65,4299.275,4299.05,4300.9,2025-08-08 17:05:03.028000,1.4,1.85,3.25,18.462,0.7568,0.4308,0.2953,-0.3027,3.69996,0.2109,0,0.0,break_2,break_2,3.32456,1.113,0,0.1048,0.4643,-0.3136,-1.0415
1281,4300.9,4302.825,4302.35,4304.75,2025-08-08 17:05:06.177000,1.45,2.4,3.85,15.584,0.6042,0.3766,0.261,-0.2654,3.26938,0.18,1,0.9,break_2,break_2,3.32456,0.983,0,0.1081,0.4262,-0.3119,-1.1872
1282,4304.75,4306.35,4305.95,4307.95,2025-08-08 17:05:10.024000,1.2,2.0,3.2,18.75,0.6,0.375,0.2731,-0.2769,3.42184,0.2276,1,0.25,break_2,break_2,3.32456,1.029,0,0.1136,0.4286,-0.2158,-0.9975
1283,4307.95,4309.525,4309.15,4311.1,2025-08-08 17:05:13.231000,1.2,1.95,3.15,19.048,0.6154,0.381,0.2476,-0.2486,3.10192,0.2063,0,0.0,break_2,break_2,3.32456,0.933,0,0.1123,0.4405,-0.2163,-0.9855
1284,4311.1,4312.725,4312.75,4314.35,2025-08-08 17:05:16.436000,1.65,1.6,3.25,18.462,1.0312,0.5077,0.2924,-0.2688,3.6636,0.1772,1,0.45,break_2,break_2,3.32456,1.102,0,0.1136,0.4381,-0.1889,-1.0132
1285,4314.35,4315.925,4315.55,4317.5,2025-08-08 17:05:19.623000,1.2,1.95,3.15,19.048,0.6154,0.381,0.3062,-0.3067,3.83656,0.2552,1,0.65,break_2,break_2,3.3509,1.145,0,0.0861,0.3881,-0.1614,-1.07
1286,4317.5,4319.125,4318.65,4320.75,2025-08-08 17:05:22.830000,1.15,2.1,3.25,18.462,0.5476,0.3538,0.295,-0.3047,3.69532,0.2565,0,0.0,break_2,break_2,3.42184,1.08,0,0.0888,0.3476,-0.1914,-1.0931
1287,4320.75,4322.3,4322.05,4323.85,2025-08-08 17:05:26.131000,1.3,1.8,3.1,19.355,0.7222,0.4194,0.2877,-0.2868,3.60452,0.2213,0,0.0,break_2,break_2,3.42184,1.053,0,0.0851,0.3524,-0.1698,-1.0565
1288,4323.85,4325.65,4325.1,4327.45,2025-08-08 17:05:29.128000,1.25,2.35,3.6,16.667,0.5319,0.3472,0.2675,-0.2814,3.3509,0.214,0,0.0,break_2,break_2,3.48196,0.962,0,0.0851,0.3333,-0.1713,-1.2025
1289,4327.45,4329.15,4328.85,4330.85,2025-08-08 17:05:32.734000,1.4,2.0,3.4,17.647,0.7,0.4118,0.227,-0.2235,2.84394,0.1621,0,0.0,break_2,break_2,3.48196,0.817,0,0.0752,0.3095,-0.0436,-1.1812
1290,4330.85,4332.525,4332.55,4334.2,2025-08-08 17:05:36.122000,1.7,1.65,3.35,17.91,1.0303,0.5075,0.2654,-0.2596,3.32456,0.1561,0,0.0,break_2,break_2,3.42184,0.972,0,0.0724,0.2667,-0.0371,-1.1759
1291,4334.2,4335.675,4335.45,4337.15,2025-08-08 17:05:39.510000,1.25,1.7,2.95,20.339,0.7353,0.4237,0.2779,-0.2538,3.48196,0.2223,0,0.0,break_2,break_2,3.3509,1.039,0,0.0792,0.269,-0.0049,-1.0221
1292,4337.15,4338.55,4338.35,4339.95,2025-08-08 17:05:42.425000,1.2,1.6,2.8,21.429,0.75,0.4286,0.3139,-0.313,3.93247,0.2616,0,0.0,break_2,break_2,3.3509,1.174,0,0.0688,0.25,0.0922,-0.9964
1293,4339.95,4341.675,4341.05,4343.4,2025-08-08 17:05:45.300000,1.1,2.35,3.45,17.391,0.4681,0.3188,0.248,-0.2771,3.1074,0.2255,1,0.7,break_2,break_2,3.3509,0.927,0,0.0697,0.2214,0.1199,-1.2128
1294,4343.4,4344.875,4344.65,4346.35,2025-08-08 17:05:48.723000,1.25,1.7,2.95,20.339,0.7353,0.4237,0.2111,-0.198,2.64474,0.1689,0,0.0,break_2,break_2,3.3509,0.789,0,0.0705,0.219,0.1414,-1.0501
1295,4346.35,4347.95,4347.75,4349.55,2025-08-08 17:05:51.637000,1.4,1.8,3.2,18.75,0.7778,0.4375,0.2886,-0.29,3.61564,0.2061,0,0.0,break_2,break_2,3.3509,1.079,0,0.0725,0.219,0.1697,-1.13
1296,4349.55,4351.35,4350.85,4353.15,2025-08-08 17:05:54.845000,1.3,2.3,3.6,16.667,0.5652,0.3611,0.2931,-0.3106,3.67152,0.2254,1,0.4,break_2,break_2,3.3509,1.096,0,0.0773,0.2214,0.2336,-1.2276
1297,4353.15,4354.8,4354.25,4356.45,2025-08-08 17:05:58.441000,1.1,2.2,3.3,18.182,0.5,0.3333,0.2537,-0.2507,3.17876,0.2307,1,0.75,break_2,break_2,3.3509,0.949,0,0.0773,0.2381,0.1958,-1.1454
1298,4356.45,4358.1,4357.95,4359.75,2025-08-08 17:06:01.836000,1.5,1.8,3.3,18.182,0.8333,0.4545,0.2879,-0.2786,3.6073,0.192,0,0.0,break_2,break_2,3.3509,1.077,0,0.0795,0.2476,0.2117,-1.1383
1299,4359.75,4361.35,4360.85,4362.95,2025-08-08 17:06:05.127000,1.1,2.1,3.2,18.75,0.5238,0.3438,0.2668,-0.2726,3.34268,0.2426,0,0.0,break_2,break_2,3.48196,0.96,0,0.1078,0.2905,-0.1035,-1.0162
1300,4362.95,4364.55,4364.15,4366.15,2025-08-08 17:06:08.221000,1.2,2.0,3.2,18.75,0.6,0.375,0.2449,-0.2384,3.06762,0.204,1,0.45,break_2,break_2,3.55084,0.864,0,0.115,0.3619,-0.3479,-0.993
1301,4366.15,4367.55,4367.45,4368.95,2025-08-08 17:06:11.521000,1.3,1.5,2.8,21.429,0.8667,0.4643,0.2667,-0.2641,3.34118,0.2051,0,0.0,break_2,break_2,3.55591,0.94,0,0.3897,0.6643,-0.4139,0.0378
1302,4368.95,4370.45,4370.25,4371.95,2025-08-08 17:06:14.219000,1.3,1.7,3.0,20.0,0.7647,0.4333,0.2409,-0.2465,3.01753,0.1853,0,0.0,break_2,break_2,3.6073,0.837,0,0.3914,0.9405,-0.2212,-0.0343
1303,4371.95,4373.475,4373.35,4375.0,2025-08-08 17:06:17.220000,1.4,1.65,3.05,19.672,0.8485,0.459,0.2958,-0.2989,3.70593,0.2113,0,0.0,break_2,break_2,3.6073,1.027,0,0.3902,0.9381,-0.2105,-0.056
1304,4375.0,4376.525,4376.45,4378.05,2025-08-08 17:06:20.308000,1.45,1.6,3.05,19.672,0.9062,0.4754,0.2337,-0.237,2.92822,0.1612,0,0.0,break_2,break_2,3.61564,0.81,0,0.3926,0.9167,-0.2051,-0.0483
1305,4378.05,4379.525,4379.35,4381.0,2025-08-08 17:06:23.337000,1.3,1.65,2.95,20.339,0.7879,0.4407,0.3325,-0.3217,4.16592,0.2558,0,0.0,break_2,break_2,3.67092,1.135,0,0.3921,0.8976,-0.2042,-0.0136
1306,4381.0,4382.4,4382.2,4383.8,2025-08-08 17:06:26.339000,1.2,1.6,2.8,21.429,0.75,0.4286,0.3177,-0.3312,3.97964,0.2647,0,0.0,break_2,break_2,3.67152,1.084,0,0.3921,0.8952,-0.2003,0.0455
1307,4383.8,4385.425,4385.35,4387.05,2025-08-08 17:06:29.128000,1.55,1.7,3.25,18.462,0.9118,0.4769,0.2977,-0.3038,3.73003,0.1921,0,0.0,break_2,break_2,3.70593,1.007,0,0.3988,0.8976,-0.1955,-0.094
1308,4387.05,4388.5,4388.3,4389.95,2025-08-08 17:06:32.338000,1.25,1.65,2.9,20.69,0.7576,0.431,0.2838,-0.2976,3.55591,0.2271,0,0.0,break_2,break_2,3.73003,0.953,0,0.4016,0.8929,-0.1872,0.036
1309,4389.95,4392.1,4392.05,4394.25,2025-08-08 17:06:35.218000,2.1,2.2,4.3,13.953,0.9545,0.4884,0.293,-0.2919,3.67092,0.1395,1,0.35,break_2,break_2,3.97964,0.922,0,0.406,0.9,-0.1804,-0.3156
1310,4394.25,4395.55,4395.45,4396.85,2025-08-08 17:06:39.637000,1.2,1.4,2.6,23.077,0.8571,0.4615,0.2834,-0.2706,3.55084,0.2362,0,0.0,break_2,break_2,4.16592,0.852,0,0.4087,0.9,-0.1737,0.1885
1311,4396.85,4401.35,4404.35,4405.85,2025-08-08 17:06:42.121000,7.5,1.5,9.0,6.667,5.0,0.8333,0.9352,-0.5877,11.71639,0.1247,0,0.0,subject_idle,subject_idle,4.48183,2.614,1,0.4113,0.9,-0.1705,-0.6942
1312,4405.85,4407.25,4406.85,4408.65,2025-08-08 17:06:51.118000,1.0,1.8,2.8,21.429,0.5556,0.3571,0.4226,-0.4919,5.29451,0.4226,0,0.0,subject_idle,subject_idle,5.29451,1.0,0,0.4201,1.0095,-0.1889,0.1358
1313,4408.65,4410.1,4409.95,4411.55,2025-08-08 17:06:54,1.3,1.6,2.9,20.69,0.8125,0.4483,0.3577,-0.4986,4.48183,0.2752,0,0.0,subject_idle,subject_idle,5.29466,0.846,0,0.4206,1.0214,-0.089,0.0973
1314,4411.55,4413.1,4412.95,4414.65,2025-08-08 17:06:56.826000,1.4,1.7,3.1,19.355,0.8235,0.4516,0.4226,-0.4523,5.29466,0.3019,0,0.0,subject_idle,subject_idle,5.29466,1.0,0,0.4276,1.1452,-0.1292,0.0473
1315,4414.65,4416.15,4415.95,4417.65,2025-08-08 17:06:59.940000,1.3,1.7,3.0,20.0,0.7647,0.4333,0.4574,-0.4758,5.73041,0.3518,0,0.0,subject_idle,subject_idle,5.37193,1.067,0,0.4292,1.1643,-0.1197,0.0875
1316,4417.65,4419.25,4419.25,4420.85,2025-08-08 17:07:02.942000,1.6,1.6,3.2,18.75,1.0,0.5,0.5012,-0.5042,6.27948,0.3133,0,0.0,subject_idle,subject_idle,5.37193,1.169,0,0.4282,1.1667,-0.1227,0.0164
1317,4420.85,4422.225,4422.2,4423.6,2025-08-08 17:07:06.118000,1.35,1.4,2.75,21.818,0.9643,0.4909,0.4716,-0.6576,5.90832,0.3493,0,0.0,subject_idle,subject_idle,5.37193,1.1,0,0.4227,1.1738,-0.1258,0.1653
1318,4423.6,4425.075,4424.95,4426.55,2025-08-08 17:07:08.912000,1.35,1.6,2.95,20.339,0.8437,0.4576,0.7042,-0.5735,8.82265,0.5216,0,0.0,subject_idle,subject_idle,5.37193,1.642,0,0.4308,1.1905,-0.1251,0.1111
1319,4426.55,4427.95,4427.85,4429.35,2025-08-08 17:07:11.820000,1.3,1.5,2.8,21.429,0.8667,0.4643,0.488,-0.5046,6.11387,0.3754,0,0.0,subject_idle,subject_idle,5.37193,1.138,0,0.432,1.1857,-0.0983,0.1741
1320,4429.35,4430.8,4430.65,4432.25,2025-08-08 17:07:14.673000,1.3,1.6,2.9,20.69,0.8125,0.4483,0.5115,-0.5162,6.40801,0.3934,0,0.0,subject_idle,subject_idle,5.37193,1.193,0,0.4363,1.1333,-0.078,0.1479
1321,4432.25,4433.7,4433.45,4435.15,2025-08-08 17:07:17.519000,1.2,1.7,2.9,20.69,0.7059,0.4138,0.4889,-0.4694,6.12568,0.4075,0,0.0,subject_idle,subject_idle,5.37193,1.14,0,0.4259,1.0952,0.0491,0.1144
1322,4435.15,4437.95,4436.65,4440.75,2025-08-08 17:07:20.523000,1.5,4.1,5.6,10.714,0.3659,0.2679,1.2771,-1.4162,15.99934,0.8514,0,0.0,subject_idle,subject_idle,5.29466,3.022,1,0.2709,0.8476,0.3657,-0.9269
1323,4440.75,4443.325,4443.05,4445.9,2025-08-08 17:07:26.100000,2.3,2.85,5.15,11.65,0.807,0.4466,0.7387,-0.6881,9.2551,0.3212,0,0.0,subject_idle,subject_idle,5.29466,1.748,0,0.2661,0.6333,0.3295,-0.8916
1324,4445.9,4447.15,4447.25,4448.4,2025-08-08 17:07:31.234000,1.35,1.15,2.5,24.0,1.1739,0.54,0.3217,-0.2631,4.03037,0.2383,0,0.0,subject_idle,subject_idle,5.29466,0.761,0,0.2629,0.6381,0.3237,-0.2313
1325,4448.4,4449.85,4449.8,4451.3,2025-08-08 17:07:33.718000,1.4,1.5,2.9,20.69,0.9333,0.4828,0.4288,-0.3233,5.37193,0.3063,0,0.0,subject_idle,subject_idle,4.03037,1.333,0,0.2609,0.6381,0.3186,-0.4174
1326,4451.3,4452.825,4452.65,4454.35,2025-08-08 17:07:36.667000,1.35,1.7,3.05,19.672,0.7941,0.4426,0.264,-0.3512,3.30782,0.1956,0,0.0,subject_idle,subject_idle,4.03037,0.821,0,0.2587,0.6429,0.3145,-0.4798
1327,4454.35,4456.025,4456.05,4457.7,2025-08-08 17:07:39.635000,1.7,1.65,3.35,17.91,1.0303,0.5075,0.3066,-0.3054,3.84085,0.1803,0,0.0,subject_idle,subject_idle,3.84085,1.0,0,0.2693,0.6762,0.3072,-0.5413
1328,4457.7,4458.975,4458.65,4460.25,2025-08-08 17:07:43.019000,0.95,1.6,2.55,23.529,0.5937,0.3725,0.2344,-0.2377,2.93675,0.2467,0,0.0,subject_idle,subject_idle,3.75231,0.783,0,0.2659,0.6857,0.3058,-0.2472
1329,4460.25,4461.65,4461.55,4463.05,2025-08-08 17:07:45.634000,1.3,1.5,2.8,21.429,0.8667,0.4643,0.2746,-0.2505,3.43982,0.2112,1,0.35,subject_idle,subject_idle,3.49185,0.985,0,0.2622,0.7048,0.2874,-0.3731
1330,4463.05,4464.6,4464.2,4466.15,2025-08-08 17:07:48.332000,1.15,1.95,3.1,19.355,0.5897,0.371,0.2449,-0.2579,3.0683,0.213,0,0.0,subject_idle,subject_idle,3.483,0.881,0,0.2574,0.7143,0.269,-0.5012
1331,4466.15,4468.15,4467.85,4470.15,2025-08-08 17:07:51.422000,1.7,2.3,4.0,15.0,0.7391,0.425,0.2533,-0.2537,3.17336,0.149,1,0.6,subject_idle,subject_idle,3.483,0.911,0,0.2553,0.719,0.2564,-0.7445
1332,4470.15,4472.75,4472.8,4475.35,2025-08-08 17:07:55.530000,2.65,2.55,5.2,11.538,1.0392,0.5096,0.2787,-0.3362,3.49185,0.1052,0,0.0,subject_idle,subject_idle,3.43982,1.015,0,0.2505,0.7524,0.3956,-0.9479
1333,4475.35,4477.1,4475.75,4478.85,2025-08-08 17:08:00.728000,0.4,3.1,3.5,17.143,0.129,0.1143,0.2058,-0.2843,2.57832,0.5145,1,0.45,subject_idle,subject_idle,3.30782,0.779,0,0.2154,0.6524,0.1102,-0.7567
1334,4478.85,4480.5,4479.85,4482.15,2025-08-08 17:08:04.202000,1.0,2.3,3.3,18.182,0.4348,0.303,0.223,-0.1389,2.79401,0.223,0,0.0,subject_idle,subject_idle,3.30782,0.845,0,0.1837,0.6357,0.3526,-0.8024
1335,4482.15,4483.9,4483.35,4485.65,2025-08-08 17:08:07.534000,1.2,2.3,3.5,17.143,0.5217,0.3429,0.1974,-0.2425,2.47269,0.1645,0,0.0,subject_idle,subject_idle,3.2345,0.764,0,0.2082,0.5762,0.3167,-0.7799
1336,4485.65,4487.3,4488.25,4488.95,2025-08-08 17:08:10.925000,2.6,0.7,3.3,18.182,3.7143,0.7879,0.3349,-0.2208,4.19552,0.1288,1,0.55,subject_idle,subject_idle,3.21625,1.304,0,0.2163,0.5905,0.3967,-0.6974
1337,4488.95,4490.15,4489.95,4491.35,2025-08-08 17:08:14.221000,1.0,1.4,2.4,25.0,0.7143,0.4167,0.2582,-0.2813,3.2345,0.2582,0,0.0,subject_idle,subject_idle,3.19099,1.014,0,0.2199,0.5976,0.4239,-0.3155
1338,4491.35,4492.875,4492.35,4494.4,2025-08-08 17:08:16.626000,1.0,2.05,3.05,19.672,0.4878,0.3279,0.2995,-0.3072,3.75231,0.2995,0,0.0,subject_idle,subject_idle,3.19099,1.176,0,0.2389,0.6167,0.4652,-0.5436
1339,4494.4,4496.225,4495.95,4498.05,2025-08-08 17:08:19.708000,1.55,2.1,3.65,16.438,0.7381,0.4247,0.278,-0.2744,3.483,0.1794,0,0.0,subject_idle,subject_idle,3.19099,1.092,0,0.2328,0.6357,0.4214,-0.7389
1340,4498.05,4499.7,4499.15,4501.35,2025-08-08 17:08:23.436000,1.1,2.2,3.3,18.182,0.5,0.3333,0.2501,-0.2602,3.13325,0.2274,0,0.0,subject_idle,subject_idle,3.19099,0.982,0,0.2298,0.6333,0.4211,-0.6539
1341,4501.35,4502.9,4502.75,4504.45,2025-08-08 17:08:26.704000,1.4,1.7,3.1,19.355,0.8235,0.4516,0.2916,-0.2816,3.65383,0.2083,0,0.0,subject_idle,subject_idle,3.21625,1.136,0,0.2293,0.6262,0.4426,-0.5918
1342,4504.45,4506.35,4506.05,4508.25,2025-08-08 17:08:29.823000,1.6,2.2,3.8,15.789,0.7273,0.4211,0.2567,-0.2647,3.21625,0.1604,1,0.4,subject_idle,subject_idle,3.21625,1.0,0,0.2388,0.6357,0.3444,-0.7548
1343,4508.25,4509.85,4509.35,4511.45,2025-08-08 17:08:33.605000,1.1,2.1,3.2,18.75,0.5238,0.3438,0.2547,-0.26,3.19099,0.2315,0,0.0,subject_idle,subject_idle,3.19099,1.0,0,0.1996,0.581,0.3575,-0.7203
1344,4511.45,4513.0,4512.2,4514.55,2025-08-08 17:08:36.729000,0.75,2.35,3.1,19.355,0.3191,0.2419,0.3369,-0.2901,4.22056,0.4492,1,0.55,subject_idle,subject_idle,3.20362,1.317,0,0.2021,0.525,0.3387,-0.6794
1345,4514.55,4515.4,4515.55,4516.25,2025-08-08 17:08:39.937000,1.0,0.7,1.7,35.294,1.4286,0.5882,0.195,-0.1534,2.44242,0.195,1,0.55,subject_idle,subject_idle,3.21625,0.759,0,0.2068,0.5421,0.3186,0.2012
1346,4516.25,4517.45,4516.65,4518.65,2025-08-08 17:08:41.520000,0.4,2.0,2.4,25.0,0.2,0.1667,0.1078,-0.1489,1.35025,0.2694,1,0.9,subject_idle,subject_idle,3.22538,0.419,0,0.2092,0.5611,0.2912,-0.35
1347,4518.65,4520.0,4519.65,4521.35,2025-08-08 17:08:43.926000,1.0,1.7,2.7,22.222,0.5882,0.3704,0.2129,-0.2445,2.66712,0.2129,0,0.0,subject_idle,subject_idle,3.21625,0.829,0,0.2142,0.5824,0.3332,-0.4848
1348,4521.35,4522.35,4522.05,4523.35,2025-08-08 17:08:46.619000,0.7,1.3,2.0,30.0,0.5385,0.35,0.3033,-0.2748,3.79959,0.4333,0,0.0,subject_idle,subject_idle,3.20362,1.186,0,0.2149,0.5625,0.3581,-0.0602
1349,4523.35,4524.95,4524.35,4526.55,2025-08-08 17:08:48.632000,1.0,2.2,3.2,18.75,0.4545,0.3125,0.2293,-0.2717,2.87251,0.2293,1,0.6,subject_idle,subject_idle,3.19099,0.9,0,0.2228,0.5567,0.3618,-0.6456
1350,4526.55,4528.25,4527.75,4529.95,2025-08-08 17:08:51.929000,1.2,2.2,3.4,17.647,0.5455,0.3529,0.2906,-0.2889,3.64078,0.2422,1,0.4,subject_idle,subject_idle,3.19008,1.141,0,0.2222,0.5536,0.3143,-0.7074
1351,4529.95,4531.575,4531.25,4533.2,2025-08-08 17:08:55.230000,1.3,1.95,3.25,18.462,0.6667,0.4,0.278,-0.2802,3.48267,0.2138,0,0.0,subject_idle,subject_idle,3.19099,1.091,0,0.2286,0.5692,0.293,-0.6425
1352,4533.2,4534.275,4534.45,4535.35,2025-08-08 17:08:58.534000,1.25,0.9,2.15,27.907,1.3889,0.5814,0.2049,-0.136,2.56718,0.1639,1,0.75,subject_idle,subject_idle,3.19008,0.805,0,0.2383,0.6,0.2648,-0.0984
1353,4535.35,4536.45,4536.5,4537.55,2025-08-08 17:09:00.632000,1.15,1.05,2.2,27.273,1.0952,0.5227,0.2546,-0.2488,3.18916,0.2214,0,0.0,subject_idle,subject_idle,3.18916,1.0,0,0.2243,0.5909,0.1416,-0.1779
