breath,clock,start_s,peak_s,end_s,inhale_dur_s,exhale_dur_s,cycle_dur_s,rate_bpm,ie_ratio,duty_cycle,inhale_amp_norm,exhale_amp_norm,inhale_amp_raw,inhale_slope_norm,exhale_slope_norm,onset_level,peak_level,offset_level,n_holds,hold_dur_s,event_marker,phase,condition
1,2025-08-08 15:53:32.560000,7.2,8.3,10.5,1.1,2.2,3.3,18.182,0.5,0.3333,0.2222,-0.2282,2.7835,0.202,-0.1037,0.0004,0.2225,-0.0056,1,0.55,biometric_baseline,biometric_baseline,unmarked
2,2025-08-08 15:53:35.855000,10.5,11.8,13.6,1.3,1.8,3.1,19.355,0.7222,0.4194,0.3148,-0.3148,3.9442,0.2422,-0.1749,-0.0056,0.3092,-0.0055,0,0.0,biometric_baseline,biometric_baseline,unmarked
3,2025-08-08 15:53:38.951000,13.6,14.9,16.75,1.3,1.85,3.15,19.048,0.7027,0.4127,0.1264,-0.1253,1.5833,0.0972,-0.0677,-0.0055,0.1208,-0.0045,1,0.55,biometric_baseline,biometric_baseline,unmarked
4,2025-08-08 15:53:42.064000,16.75,18.3,22.2,1.55,3.9,5.45,11.009,0.3974,0.2844,0.3621,-0.3077,4.5369,0.2336,-0.0789,-0.0045,0.3577,0.0499,0,0.0,biometric_baseline,biometric_baseline,unmarked
5,2025-08-08 15:53:47.550000,22.2,24.7,28.4,2.5,3.7,6.2,9.677,0.6757,0.4032,0.5771,-0.6267,7.2305,0.2309,-0.1694,0.0499,0.6271,0.0004,0,0.0,biometric_baseline,biometric_baseline,unmarked
6,2025-08-08 15:53:53.764000,28.4,32.7,36.0,4.3,3.3,7.6,7.895,1.303,0.5658,0.6107,-0.6057,7.6512,0.142,-0.1836,0.0004,0.6111,0.0054,0,0.0,biometric_baseline,biometric_baseline,unmarked
7,2025-08-08 15:54:01.354000,36.0,40.8,43.8,4.8,3.0,7.8,7.692,1.6,0.6154,0.4053,-0.4229,5.0781,0.0844,-0.141,0.0054,0.4107,-0.0122,0,0.0,biometric_baseline,biometric_baseline,unmarked
8,2025-08-08 15:54:09.068000,43.8,46.65,50.3,2.85,3.65,6.5,9.231,0.7808,0.4385,0.4777,-0.4654,5.9852,0.1676,-0.1275,-0.0122,0.4655,0.0001,0,0.0,biometric_baseline,biometric_baseline,unmarked
9,2025-08-08 15:54:15.632000,50.3,51.5,53.6,1.2,2.1,3.3,18.182,0.5714,0.3636,0.265,-0.265,3.3194,0.2208,-0.1262,0.0001,0.265,0.0001,0,0.0,biometric_baseline,biometric_baseline,unmarked
10,2025-08-08 15:54:18.941000,53.6,56.35,59.75,2.75,3.4,6.15,9.756,0.8088,0.4472,0.4057,-0.3922,5.0826,0.1475,-0.1154,0.0001,0.4058,0.0135,1,1.05,biometric_baseline,biometric_baseline,unmarked
11,2025-08-08 15:54:25.056000,59.75,62.75,65.95,3.0,3.2,6.2,9.677,0.9375,0.4839,0.3957,-0.4087,4.9579,0.1319,-0.1277,0.0135,0.4093,0.0006,0,0.0,biometric_baseline,biometric_baseline,unmarked
12,2025-08-08 15:54:31.238000,65.95,67.4,69.8,1.45,2.4,3.85,15.584,0.6042,0.3766,0.3418,-0.3433,4.2828,0.2358,-0.143,0.0006,0.3424,-0.0009,0,0.0,biometric_baseline,biometric_baseline,unmarked
13,2025-08-08 15:54:35.168000,69.8,70.95,73.0,1.15,2.05,3.2,18.75,0.561,0.3594,0.2914,-0.3023,3.6502,0.2534,-0.1475,-0.0009,0.2905,-0.0119,0,0.0,biometric_baseline,biometric_baseline,unmarked
14,2025-08-08 15:54:38.348000,73.0,74.2,77.45,1.2,3.25,4.45,13.483,0.3692,0.2697,0.3546,-0.3427,4.4425,0.2955,-0.1054,-0.0119,0.3427,0.0,0,0.0,biometric_baseline,biometric_baseline,unmarked
15,2025-08-08 15:54:42.725000,77.45,80.4,83.15,2.95,2.75,5.7,10.526,1.0727,0.5175,0.537,-0.5394,6.7278,0.182,-0.1962,0.0,0.5371,-0.0024,0,0.0,biometric_baseline,biometric_baseline,unmarked
16,2025-08-08 15:54:48.458000,83.15,86.6,89.7,3.45,3.1,6.55,9.16,1.1129,0.5267,0.4873,-0.516,6.1047,0.1412,-0.1665,-0.0024,0.4849,-0.0311,0,0.0,biometric_baseline,biometric_baseline,unmarked
17,2025-08-08 15:54:54.969000,89.7,91.7,94.3,2.0,2.6,4.6,13.043,0.7692,0.4348,0.5277,-0.4963,6.611,0.2638,-0.1909,-0.0311,0.4965,0.0003,0,0.0,biometric_baseline,biometric_baseline,unmarked
18,2025-08-08 15:54:59.646000,94.3,97.0,98.85,2.7,1.85,4.55,13.187,1.4595,0.5934,0.4193,-0.3358,5.2531,0.1553,-0.1815,0.0003,0.4196,0.0837,0,0.0,biometric_baseline,biometric_baseline,unmarked
19,2025-08-08 15:55:04.145000,98.85,99.5,101.7,0.65,2.2,2.85,21.053,0.2955,0.2281,0.1966,-0.184,2.4635,0.3025,-0.0836,0.0837,0.2804,0.0964,1,0.65,biometric_baseline,biometric_baseline,unmarked
20,2025-08-08 15:55:06.971000,101.7,103.35,108.3,1.65,4.95,6.6,9.091,0.3333,0.25,0.4494,-0.4938,5.6306,0.2724,-0.0998,0.0964,0.5459,0.0521,0,0.0,biometric_baseline,biometric_baseline,unmarked
21,2025-08-08 15:55:13.656000,108.3,111.1,114.55,2.8,3.45,6.25,9.6,0.8116,0.448,1.9547,-2.0022,24.4897,0.6981,-0.5803,0.0521,2.0068,0.0046,0,0.0,biometric_baseline,biometric_baseline,unmarked
22,2025-08-08 15:55:19.837000,114.55,117.7,120.0,3.15,2.3,5.45,11.009,1.3696,0.578,0.2298,-0.2733,2.8788,0.0729,-0.1188,0.0046,0.2344,-0.0389,1,0.65,biometric_baseline,biometric_baseline,unmarked
23,2025-08-08 15:55:25.356000,120.0,121.3,124.0,1.3,2.7,4.0,15.0,0.4815,0.325,0.2758,-0.2802,3.4547,0.2121,-0.1038,-0.0389,0.2368,-0.0434,1,0.65,biometric_baseline,biometric_baseline,unmarked
24,2025-08-08 15:55:29.288000,124.0,125.15,127.2,1.15,2.05,3.2,18.75,0.561,0.3594,0.2835,-0.2868,3.5514,0.2465,-0.1399,-0.0434,0.2401,-0.0467,0,0.0,biometric_baseline,biometric_baseline,unmarked
25,2025-08-08 15:55:32.560000,127.2,128.8,131.1,1.6,2.3,3.9,15.385,0.6957,0.4103,0.3018,-0.3125,3.7815,0.1886,-0.1358,-0.0467,0.2551,-0.0573,1,0.7,subject_idle,subject_idle,unmarked
26,2025-08-08 15:55:36.461000,131.1,132.4,133.8,1.3,1.4,2.7,22.222,0.9286,0.4815,0.2947,-0.2485,3.6916,0.2267,-0.1775,-0.0573,0.2374,-0.0112,0,0.0,subject_idle,subject_idle,unmarked
27,2025-08-08 15:55:39.132000,133.8,135.7,137.35,1.9,1.65,3.55,16.901,1.1515,0.5352,0.3784,-0.3327,4.7407,0.1992,-0.2016,-0.0112,0.3672,0.0346,0,0.0,subject_idle,subject_idle,unmarked
28,2025-08-08 15:55:42.635000,137.35,138.35,139.85,1.0,1.5,2.5,24.0,0.6667,0.4,0.3175,-0.3464,3.9781,0.3175,-0.2309,0.0346,0.3521,0.0057,0,0.0,subject_idle,subject_idle,unmarked
29,2025-08-08 15:55:45.133000,139.85,142.15,144.35,2.3,2.2,4.5,13.333,1.0455,0.5111,0.5204,-0.5233,6.5196,0.2263,-0.2379,0.0057,0.5261,0.0028,0,0.0,subject_idle,subject_idle,unmarked
30,2025-08-08 15:55:49.632000,144.35,147.0,149.35,2.65,2.35,5.0,12.0,1.1277,0.53,0.4826,-0.5015,6.0467,0.1821,-0.2134,0.0028,0.4854,-0.0161,0,0.0,subject_idle,subject_idle,unmarked
31,2025-08-08 15:55:54.642000,149.35,150.95,152.4,1.6,1.45,3.05,19.672,1.1034,0.5246,0.3403,-0.2984,4.2638,0.2127,-0.2058,-0.0161,0.3242,0.0258,1,0.3,subject_idle,subject_idle,unmarked
32,2025-08-08 15:55:57.737000,152.4,153.4,155.25,1.0,1.85,2.85,21.053,0.5405,0.3509,0.2572,-0.2838,3.2227,0.2572,-0.1534,0.0258,0.2831,-0.0007,1,0.3,subject_idle,subject_idle,unmarked
33,2025-08-08 15:56:00.546000,155.25,156.35,158.0,1.1,1.65,2.75,21.818,0.6667,0.4,0.279,-0.282,3.4956,0.2537,-0.1709,-0.0007,0.2783,-0.0037,0,0.0,subject_idle,subject_idle,unmarked
34,2025-08-08 15:56:03.370000,158.0,159.9,161.4,1.9,1.5,3.4,17.647,1.2667,0.5588,0.3177,-0.3133,3.9804,0.1672,-0.2089,-0.0037,0.314,0.0007,0,0.0,subject_idle,subject_idle,unmarked
35,2025-08-08 15:56:06.699000,161.4,163.05,164.6,1.65,1.55,3.2,18.75,1.0645,0.5156,0.3826,-0.39,4.7931,0.2319,-0.2516,0.0007,0.3833,-0.0068,0,0.0,subject_idle,subject_idle,unmarked
36,2025-08-08 15:56:09.947000,164.6,165.85,167.35,1.25,1.5,2.75,21.818,0.8333,0.4545,0.3236,-0.3061,4.054,0.2589,-0.2041,-0.0068,0.3168,0.0107,0,0.0,subject_idle,subject_idle,unmarked
37,2025-08-08 15:56:12.637000,167.35,168.65,171.5,1.3,2.85,4.15,14.458,0.4561,0.3133,0.3697,-0.4054,4.6311,0.2843,-0.1423,0.0107,0.3803,-0.0251,1,0.35,subject_idle,subject_idle,unmarked
38,2025-08-08 15:56:16.870000,171.5,172.5,174.7,1.0,2.2,3.2,18.75,0.4545,0.3125,0.2776,-0.2785,3.4773,0.2776,-0.1266,-0.0251,0.2525,-0.0261,1,0.8,subject_idle,subject_idle,unmarked
39,2025-08-08 15:56:20.056000,174.7,176.0,178.0,1.3,2.0,3.3,18.182,0.65,0.3939,0.2862,-0.2562,3.5852,0.2201,-0.1281,-0.0261,0.2601,0.0039,1,0.3,subject_idle,subject_idle,unmarked
40,2025-08-08 15:56:23.292000,178.0,179.0,180.45,1.0,1.45,2.45,24.49,0.6897,0.4082,0.2921,-0.295,3.659,0.2921,-0.2034,0.0039,0.2959,0.0009,0,0.0,subject_idle,subject_idle,unmarked
41,2025-08-08 15:56:25.747000,180.45,182.2,183.5,1.75,1.3,3.05,19.672,1.3462,0.5738,0.3351,-0.3116,4.1981,0.1915,-0.2397,0.0009,0.336,0.0244,0,0.0,subject_idle,subject_idle,unmarked
42,2025-08-08 15:56:28.845000,183.5,189.9,190.55,6.4,0.65,7.05,8.511,9.8462,0.9078,2.251,-1.5138,28.2012,0.3517,-2.329,0.0244,2.2754,0.7615,0,0.0,subject_idle,subject_idle,unmarked
43,2025-08-08 15:56:35.858000,190.55,191.05,196.45,0.5,5.4,5.9,10.169,0.0926,0.0847,1.5314,-2.2297,19.1857,3.0628,-0.4129,0.7615,2.2929,0.0632,1,0.8,subject_idle,subject_idle,unmarked
44,2025-08-08 15:56:41.740000,196.45,197.55,199.65,1.1,2.1,3.2,18.75,0.5238,0.3438,0.3741,-0.3088,4.6873,0.3401,-0.1471,0.0632,0.4373,0.1284,0,0.0,subject_idle,subject_idle,unmarked
45,2025-08-08 15:56:44.957000,199.65,200.3,201.8,0.65,1.5,2.15,27.907,0.4333,0.3023,0.1473,-0.2856,1.8452,0.2266,-0.1904,0.1284,0.2757,-0.0098,1,0.25,subject_idle,subject_idle,unmarked
46,2025-08-08 15:56:47.142000,201.8,202.1,203.25,0.3,1.15,1.45,41.379,0.2609,0.2069,0.1437,-0.2867,1.8001,0.4789,-0.2493,-0.0098,0.1338,-0.1529,0,0.0,subject_idle,subject_idle,unmarked
47,2025-08-08 15:56:48.556000,203.25,205.35,207.65,2.1,2.3,4.4,13.636,0.913,0.4773,0.3596,-0.1639,4.5058,0.1713,-0.0713,-0.1529,0.2067,0.0428,0,0.0,subject_idle,subject_idle,unmarked
48,2025-08-08 15:56:52.930000,207.65,208.75,211.95,1.1,3.2,4.3,13.953,0.3437,0.2558,0.2541,-0.3005,3.1832,0.231,-0.0939,0.0428,0.2969,-0.0035,2,1.1,subject_idle,subject_idle,unmarked
49,2025-08-08 15:56:57.257000,211.95,213.4,213.9,1.45,0.5,1.95,30.769,2.9,0.7436,0.1969,-0.2462,2.4667,0.1358,-0.4925,-0.0035,0.1934,-0.0529,1,0.35,subject_idle,subject_idle,unmarked
50,2025-08-08 15:56:59.168000,213.9,214.65,215.2,0.75,0.55,1.3,46.154,1.3636,0.5769,0.2559,-0.1613,3.2065,0.3412,-0.2933,-0.0529,0.2031,0.0417,1,0.4,subject_idle,subject_idle,unmarked
51,2025-08-08 15:57:00.548000,215.2,216.05,221.1,0.85,5.05,5.9,10.169,0.1683,0.1441,0.4394,-0.4792,5.5054,0.517,-0.0949,0.0417,0.4812,0.002,0,0.0,subject_idle,subject_idle,unmarked
52,2025-08-08 15:57:06.376000,221.1,221.9,223.3,0.8,1.4,2.2,27.273,0.5714,0.3636,0.2648,-0.2259,3.3174,0.331,-0.1613,0.002,0.2668,0.0409,1,0.5,subject_idle,subject_idle,unmarked
53,2025-08-08 15:57:08.651000,223.3,224.4,226.1,1.1,1.7,2.8,21.429,0.6471,0.3929,0.2974,-0.3376,3.7261,0.2704,-0.1986,0.0409,0.3384,0.0007,0,0.0,subject_idle,subject_idle,unmarked
54,2025-08-08 15:57:11.437000,226.1,227.0,227.55,0.9,0.55,1.45,41.379,1.6364,0.6207,0.2482,-0.1162,3.1092,0.2757,-0.2112,0.0007,0.2489,0.1327,0,0.0,subject_idle,subject_idle,unmarked
55,2025-08-08 15:57:12.847000,227.55,227.8,228.35,0.25,0.55,0.8,75.0,0.4545,0.3125,0.1958,-0.2201,2.4528,0.7831,-0.4002,0.1327,0.3285,0.1084,1,0.4,subject_idle,subject_idle,unmarked
56,2025-08-08 15:57:13.658000,228.35,229.05,230.1,0.7,1.05,1.75,34.286,0.6667,0.4,0.1315,-0.2399,1.6471,0.1878,-0.2285,0.1084,0.2399,-0.0,0,0.0,subject_idle,subject_idle,unmarked
57,2025-08-08 15:57:15.466000,230.1,231.0,232.7,0.9,1.7,2.6,23.077,0.5294,0.3462,0.2565,-0.3342,3.2135,0.285,-0.1966,-0.0,0.2565,-0.0777,0,0.0,subject_idle,subject_idle,unmarked
58,2025-08-08 15:57:18.037000,232.7,234.2,235.6,1.5,1.4,2.9,20.69,1.0714,0.5172,0.3004,-0.2398,3.7634,0.2003,-0.1713,-0.0777,0.2227,-0.0171,0,0.0,subject_idle,subject_idle,unmarked
59,2025-08-08 15:57:20.947000,235.6,237.65,239.45,2.05,1.8,3.85,15.584,1.1389,0.5325,0.4117,-0.4244,5.1574,0.2008,-0.2358,-0.0171,0.3946,-0.0298,0,0.0,subject_idle,subject_idle,unmarked
60,2025-08-08 15:57:24.757000,239.45,240.55,241.75,1.1,1.2,2.3,26.087,0.9167,0.4783,0.3553,-0.3085,4.4509,0.323,-0.2571,-0.0298,0.3254,0.0169,0,0.0,subject_idle,subject_idle,unmarked
61,2025-08-08 15:57:27.045000,241.75,243.3,245.65,1.55,2.35,3.9,15.385,0.6596,0.3974,0.2632,-0.3158,3.297,0.1698,-0.1344,0.0169,0.2801,-0.0358,0,0.0,subject_idle,subject_idle,unmarked
62,2025-08-08 15:57:30.937000,245.65,246.8,248.8,1.15,2.0,3.15,19.048,0.575,0.3651,0.4258,-0.4355,5.3349,0.3703,-0.2178,-0.0358,0.39,-0.0455,0,0.0,subject_idle,subject_idle,unmarked
63,2025-08-08 15:57:34.157000,248.8,250.4,253.55,1.6,3.15,4.75,12.632,0.5079,0.3368,0.3167,-0.3276,3.9673,0.1979,-0.104,-0.0455,0.2712,-0.0564,0,0.0,ser_baseline,ser_baseline,unmarked
64,2025-08-08 15:57:38.837000,253.55,254.7,257.7,1.15,3.0,4.15,14.458,0.3833,0.2771,0.3815,-0.3618,4.7795,0.3317,-0.1206,-0.0564,0.3251,-0.0367,1,0.45,ser_baseline,ser_baseline,unmarked
65,2025-08-08 15:57:43.034000,257.7,258.8,259.75,1.1,0.95,2.05,29.268,1.1579,0.5366,0.3405,-0.2408,4.2655,0.3095,-0.2534,-0.0367,0.3037,0.063,1,0.8,ser_baseline,ser_baseline,unmarked
66,2025-08-08 15:57:45.037000,259.75,260.1,261.1,0.35,1.0,1.35,44.444,0.35,0.2593,0.4063,-0.4828,5.0904,1.1609,-0.4828,0.063,0.4693,-0.0135,0,0.0,ser_baseline,ser_baseline,unmarked
67,2025-08-08 15:57:46.455000,261.1,262.85,264.5,1.75,1.65,3.4,17.647,1.0606,0.5147,0.2337,-0.18,2.9283,0.1336,-0.1091,-0.0135,0.2202,0.0402,1,0.6,ser_baseline,ser_baseline,unmarked
68,2025-08-08 15:57:49.837000,264.5,265.4,268.4,0.9,3.0,3.9,15.385,0.3,0.2308,0.34,-0.3029,4.2594,0.3778,-0.101,0.0402,0.3802,0.0772,0,0.0,ser_baseline,ser_baseline,unmarked
69,2025-08-08 15:57:53.773000,268.4,269.0,271.0,0.6,2.0,2.6,23.077,0.3,0.2308,0.2218,-0.2303,2.7793,0.3697,-0.1152,0.0772,0.2991,0.0688,0,0.0,ser_baseline,ser_baseline,unmarked
70,2025-08-08 15:57:56.351000,271.0,271.3,272.15,0.3,0.85,1.15,52.174,0.3529,0.2609,0.1207,-0.1539,1.5128,0.4025,-0.181,0.0688,0.1895,0.0356,0,0.0,ser_baseline,ser_baseline,unmarked
71,2025-08-08 15:57:57.461000,272.15,273.1,274.7,0.95,1.6,2.55,23.529,0.5938,0.3725,0.2685,-0.2654,3.364,0.2826,-0.1659,0.0356,0.3042,0.0388,0,0.0,ser_baseline,ser_baseline,unmarked
72,2025-08-08 15:58:00.042000,274.7,275.7,276.3,1.0,0.6,1.6,37.5,1.6667,0.625,0.211,-0.1811,2.6435,0.211,-0.3018,0.0388,0.2498,0.0686,1,0.45,ser_baseline,ser_baseline,unmarked
73,2025-08-08 15:58:01.667000,276.3,276.8,280.05,0.5,3.25,3.75,16.0,0.1538,0.1333,0.1594,-0.2606,1.9965,0.3187,-0.0802,0.0686,0.228,-0.0326,0,0.0,ser_baseline,ser_baseline,unmarked
74,2025-08-08 15:58:05.356000,280.05,283.3,289.85,3.25,6.55,9.8,6.122,0.4962,0.3316,1.6399,-1.7047,20.5459,0.5046,-0.2603,-0.0326,1.6073,-0.0974,0,0.0,ser_baseline,ser_baseline,unmarked
75,2025-08-08 15:58:15.159000,289.85,290.9,292.25,1.05,1.35,2.4,25.0,0.7778,0.4375,0.2625,-0.2457,3.2886,0.25,-0.182,-0.0974,0.1651,-0.0806,0,0.0,ser_baseline,ser_baseline,unmarked
76,2025-08-08 15:58:17.590000,292.25,293.8,297.05,1.55,3.25,4.8,12.5,0.4769,0.3229,0.3922,-0.3967,4.9142,0.2531,-0.1221,-0.0806,0.3116,-0.085,3,1.0,ser_baseline,ser_baseline,unmarked
77,2025-08-08 15:58:22.329000,297.05,300.05,301.5,3.0,1.45,4.45,13.483,2.069,0.6742,0.2238,-0.1537,2.8041,0.0746,-0.106,-0.085,0.1388,-0.0149,0,0.0,ser_baseline,ser_baseline,unmarked
78,2025-08-08 15:58:26.836000,301.5,302.45,307.85,0.95,5.4,6.35,9.449,0.1759,0.1496,0.4489,-0.3562,5.6243,0.4726,-0.066,-0.0149,0.434,0.0778,0,0.0,ser_baseline,ser_baseline,unmarked
79,2025-08-08 15:58:33.128000,307.85,308.7,313.15,0.85,4.45,5.3,11.321,0.191,0.1604,0.4409,-0.4629,5.5239,0.5187,-0.104,0.0778,0.5187,0.0559,0,0.0,ser_baseline,ser_baseline,unmarked
80,2025-08-08 15:58:38.438000,313.15,314.0,317.7,0.85,3.7,4.55,13.187,0.2297,0.1868,0.4675,-0.5381,5.8567,0.55,-0.1454,0.0559,0.5233,-0.0148,0,0.0,ser_baseline,ser_baseline,unmarked
81,2025-08-08 15:58:43.038000,317.7,318.45,320.8,0.75,2.35,3.1,19.355,0.3191,0.2419,0.4138,-0.3435,5.1842,0.5517,-0.1462,-0.0148,0.399,0.0555,0,0.0,ser_baseline,ser_baseline,unmarked
82,2025-08-08 15:58:46.150000,320.8,321.55,323.05,0.75,1.5,2.25,26.667,0.5,0.3333,0.084,-0.1708,1.0528,0.112,-0.1139,0.0555,0.1395,-0.0313,1,0.25,ser_baseline,ser_baseline,unmarked
83,2025-08-08 15:58:48.338000,323.05,323.6,326.3,0.55,2.7,3.25,18.462,0.2037,0.1692,0.3128,-0.2648,3.9183,0.5686,-0.0981,-0.0313,0.2814,0.0166,0,0.0,ser_baseline,ser_baseline,unmarked
84,2025-08-08 15:58:51.674000,326.3,327.1,328.85,0.8,1.75,2.55,23.529,0.4571,0.3137,0.1795,-0.2574,2.2489,0.2244,-0.1471,0.0166,0.1961,-0.0613,1,0.35,ser_baseline,ser_baseline,unmarked
85,2025-08-08 15:58:54.159000,328.85,330.4,334.3,1.55,3.9,5.45,11.009,0.3974,0.2844,0.4017,-0.3595,5.0323,0.2591,-0.0922,-0.0613,0.3403,-0.0192,1,0.75,ser_baseline,ser_baseline,unmarked
86,2025-08-08 15:58:59.652000,334.3,334.6,336.0,0.3,1.4,1.7,35.294,0.2143,0.1765,0.163,-0.2003,2.0418,0.5432,-0.1431,-0.0192,0.1438,-0.0565,1,0.35,ser_baseline,ser_baseline,unmarked
87,2025-08-08 15:59:01.361000,336.0,336.8,338.35,0.8,1.55,2.35,25.532,0.5161,0.3404,0.3915,-0.2996,4.9051,0.4894,-0.1933,-0.0565,0.335,0.0354,0,0.0,ser_baseline,ser_baseline,unmarked
88,2025-08-08 15:59:03.643000,338.35,338.8,339.7,0.45,0.9,1.35,44.444,0.5,0.3333,0.0918,-0.0837,1.1496,0.2039,-0.093,0.0354,0.1271,0.0434,0,0.0,ser_baseline,ser_baseline,unmarked
89,2025-08-08 15:59:05.049000,339.7,340.1,341.35,0.4,1.25,1.65,36.364,0.32,0.2424,0.1953,-0.1698,2.4473,0.4883,-0.1359,0.0434,0.2387,0.0689,0,0.0,ser_baseline,ser_baseline,unmarked
90,2025-08-08 15:59:06.647000,341.35,341.95,344.0,0.6,2.05,2.65,22.642,0.2927,0.2264,0.2941,-0.2834,3.6842,0.4901,-0.1382,0.0689,0.363,0.0796,0,0.0,ser_baseline,ser_baseline,unmarked
91,2025-08-08 15:59:09.348000,344.0,344.45,347.05,0.45,2.6,3.05,19.672,0.1731,0.1475,0.2895,-0.3002,3.6274,0.6434,-0.1155,0.0796,0.3691,0.0689,0,0.0,ser_baseline,ser_baseline,unmarked
92,2025-08-08 15:59:12.344000,347.05,347.45,348.4,0.4,0.95,1.35,44.444,0.4211,0.2963,0.1972,-0.239,2.4711,0.4931,-0.2516,0.0689,0.2662,0.0272,1,0.8,ser_baseline,ser_baseline,unmarked
93,2025-08-08 15:59:13.757000,348.4,349.35,350.9,0.95,1.55,2.5,24.0,0.6129,0.38,0.3187,-0.3623,3.9927,0.3355,-0.2337,0.0272,0.3459,-0.0164,0,0.0,ser_baseline,ser_baseline,unmarked
94,2025-08-08 15:59:16.246000,350.9,353.25,356.35,2.35,3.1,5.45,11.009,0.7581,0.4312,0.509,-0.5132,6.3772,0.2166,-0.1655,-0.0164,0.4926,-0.0206,0,0.0,ser_baseline,ser_baseline,unmarked
95,2025-08-08 15:59:21.645000,356.35,357.75,360.75,1.4,3.0,4.4,13.636,0.4667,0.3182,0.4741,-0.4922,5.9401,0.3387,-0.1641,-0.0206,0.4536,-0.0387,0,0.0,ser_baseline,ser_baseline,unmarked
96,2025-08-08 15:59:26.052000,360.75,361.8,363.4,1.05,1.6,2.65,22.642,0.6563,0.3962,0.3037,-0.2914,3.8054,0.2893,-0.1821,-0.0387,0.2651,-0.0264,0,0.0,ser_baseline,ser_baseline,unmarked
97,2025-08-08 15:59:28.757000,363.4,365.7,368.95,2.3,3.25,5.55,10.811,0.7077,0.4144,0.4613,-0.4684,5.7787,0.2005,-0.1441,-0.0264,0.4349,-0.0335,0,0.0,ser_baseline,ser_baseline,unmarked
98,2025-08-08 15:59:34.246000,368.95,371.4,372.65,2.45,1.25,3.7,16.216,1.96,0.6622,0.2891,-0.2564,3.6223,0.118,-0.2051,-0.0335,0.2556,-0.0008,0,0.0,ser_baseline,ser_baseline,unmarked
99,2025-08-08 15:59:37.965000,372.65,373.3,375.4,0.65,2.1,2.75,21.818,0.3095,0.2364,0.3425,-0.3698,4.2912,0.5269,-0.1761,-0.0008,0.3417,-0.0282,0,0.0,ser_baseline,ser_baseline,unmarked
100,2025-08-08 15:59:40.751000,375.4,376.3,378.1,0.9,1.8,2.7,22.222,0.5,0.3333,0.4193,-0.4087,5.2526,0.4658,-0.227,-0.0282,0.3911,-0.0176,1,0.3,ser_baseline,ser_baseline,unmarked
101,2025-08-08 15:59:43.367000,378.1,378.55,380.65,0.45,2.1,2.55,23.529,0.2143,0.1765,0.3589,-0.2433,4.497,0.7977,-0.1158,-0.0176,0.3414,0.0981,1,0.5,ser_baseline,ser_baseline,unmarked
102,2025-08-08 15:59:45.949000,380.65,381.3,383.25,0.65,1.95,2.6,23.077,0.3333,0.25,0.1283,-0.2538,1.6077,0.1974,-0.1301,0.0981,0.2264,-0.0274,0,0.0,ser_baseline,ser_baseline,unmarked
103,2025-08-08 15:59:48.552000,383.25,384.15,385.3,0.9,1.15,2.05,29.268,0.7826,0.439,0.2482,-0.221,3.1091,0.2757,-0.1922,-0.0274,0.2208,-0.0002,0,0.0,ser_baseline,ser_baseline,unmarked
104,2025-08-08 15:59:50.651000,385.3,388.05,392.35,2.75,4.3,7.05,8.511,0.6395,0.3901,0.4244,-0.3505,5.317,0.1543,-0.0815,-0.0002,0.4242,0.0737,0,0.0,ser_baseline,ser_baseline,unmarked
105,2025-08-08 15:59:57.645000,392.35,393.5,397.6,1.15,4.1,5.25,11.429,0.2805,0.219,0.5845,-0.5568,7.3226,0.5082,-0.1358,0.0737,0.6582,0.1013,1,0.95,ser_baseline,ser_baseline,unmarked
106,2025-08-08 16:00:02.945000,397.6,399.05,399.5,1.45,0.45,1.9,31.579,3.2222,0.7632,0.1272,-0.0973,1.5936,0.0877,-0.2162,0.1013,0.2285,0.1312,0,0.0,ser_baseline,ser_baseline,unmarked
107,2025-08-08 16:00:04.834000,399.5,400.05,401.6,0.55,1.55,2.1,28.571,0.3548,0.2619,0.2769,-0.3108,3.4696,0.5035,-0.2005,0.1312,0.4082,0.0974,0,0.0,ser_baseline,ser_baseline,unmarked
108,2025-08-08 16:00:06.938000,401.6,404.95,408.8,3.35,3.85,7.2,8.333,0.8701,0.4653,0.1539,-0.1581,1.9285,0.046,-0.0411,0.0974,0.2513,0.0932,0,0.0,ser_baseline,ser_baseline,unmarked
109,2025-08-08 16:00:14.137000,408.8,411.75,414.05,2.95,2.3,5.25,11.429,1.2826,0.5619,0.4329,-0.5241,5.4232,0.1467,-0.2279,0.0932,0.5261,0.002,0,0.0,subject_idle,subject_idle,unmarked
110,2025-08-08 16:00:19.329000,414.05,415.1,417.1,1.05,2.0,3.05,19.672,0.525,0.3443,0.459,-0.5032,5.7505,0.4371,-0.2516,0.002,0.461,-0.0423,0,0.0,sart_1,sart_1,unmarked
111,2025-08-08 16:00:22.443000,417.1,418.6,420.3,1.5,1.7,3.2,18.75,0.8824,0.4688,0.5527,-0.532,6.9246,0.3685,-0.3129,-0.0423,0.5104,-0.0215,0,0.0,sart_1,sart_1,unmarked
112,2025-08-08 16:00:25.656000,420.3,422.0,423.45,1.7,1.45,3.15,19.048,1.1724,0.5397,0.3248,-0.3666,4.0688,0.191,-0.2528,-0.0215,0.3033,-0.0633,0,0.0,sart_1,sart_1,unmarked
113,2025-08-08 16:00:28.752000,423.45,424.9,426.65,1.45,1.75,3.2,18.75,0.8286,0.4531,0.3787,-0.3152,4.7446,0.2612,-0.1801,-0.0633,0.3154,0.0001,0,0.0,sart_1,sart_1,unmarked
114,2025-08-08 16:00:31.959000,426.65,427.7,429.4,1.05,1.7,2.75,21.818,0.6176,0.3818,0.3051,-0.2943,3.8221,0.2906,-0.1731,0.0001,0.3052,0.011,1,0.3,sart_1,sart_1,unmarked
115,2025-08-08 16:00:34.741000,429.4,430.5,431.8,1.1,1.3,2.4,25.0,0.8462,0.4583,0.3483,-0.3753,4.3632,0.3166,-0.2887,0.011,0.3592,-0.0161,0,0.0,sart_1,sart_1,unmarked
116,2025-08-08 16:00:37.148000,431.8,432.4,432.9,0.6,0.5,1.1,54.545,1.2,0.5455,0.2166,-0.1634,2.7133,0.3609,-0.3268,-0.0161,0.2005,0.0371,0,0.0,sart_1,sart_1,unmarked
117,2025-08-08 16:00:38.221000,432.9,433.2,436.85,0.3,3.65,3.95,15.19,0.0822,0.0759,0.1835,-0.1903,2.299,0.6117,-0.0521,0.0371,0.2206,0.0302,0,0.0,sart_1,sart_1,unmarked
118,2025-08-08 16:00:42.131000,436.85,439.8,442.55,2.95,2.75,5.7,10.526,1.0727,0.5175,1.8347,-1.7812,22.986,0.6219,-0.6477,0.0302,1.865,0.0837,0,0.0,sart_1,sart_1,unmarked
119,2025-08-08 16:00:47.824000,442.55,446.75,447.5,4.2,0.75,4.95,12.121,5.6,0.8485,0.0308,-0.146,0.3856,0.0073,-0.1947,0.0837,0.1145,-0.0315,1,0.6,sart_1,sart_1,unmarked
120,2025-08-08 16:00:52.771000,447.5,448.3,450.55,0.8,2.25,3.05,19.672,0.3556,0.2623,0.2109,-0.229,2.6428,0.2637,-0.1018,-0.0315,0.1794,-0.0496,0,0.0,sart_1,sart_1,unmarked
121,2025-08-08 16:00:55.835000,450.55,451.55,453.55,1.0,2.0,3.0,20.0,0.5,0.3333,0.1989,-0.1945,2.4919,0.1989,-0.0972,-0.0496,0.1493,-0.0452,1,0.7,sart_1,sart_1,unmarked
122,2025-08-08 16:00:58.832000,453.55,455.55,457.0,2.0,1.45,3.45,17.391,1.3793,0.5797,0.1834,-0.1684,2.2977,0.0917,-0.1161,-0.0452,0.1382,-0.0302,0,0.0,sart_1,sart_1,unmarked
123,2025-08-08 16:01:02.319000,457.0,457.95,458.85,0.95,0.9,1.85,32.432,1.0556,0.5135,0.1735,-0.1285,2.1735,0.1826,-0.1428,-0.0302,0.1433,0.0148,1,0.7,sart_1,sart_1,unmarked
124,2025-08-08 16:01:04.119000,458.85,459.65,461.5,0.8,1.85,2.65,22.642,0.4324,0.3019,0.1677,-0.2154,2.101,0.2096,-0.1165,0.0148,0.1825,-0.033,1,0.7,sart_1,sart_1,unmarked
125,2025-08-08 16:01:06.847000,461.5,462.5,463.6,1.0,1.1,2.1,28.571,0.9091,0.4762,0.297,-0.2651,3.7203,0.297,-0.241,-0.033,0.264,-0.0011,0,0.0,sart_1,sart_1,unmarked
126,2025-08-08 16:01:08.945000,463.6,465.4,467.05,1.8,1.65,3.45,17.391,1.0909,0.5217,0.2723,-0.2725,3.4111,0.1513,-0.1652,-0.0011,0.2712,-0.0014,0,0.0,sart_1,sart_1,unmarked
127,2025-08-08 16:01:12.336000,467.05,468.25,469.85,1.2,1.6,2.8,21.429,0.75,0.4286,0.3259,-0.3169,4.0825,0.2716,-0.198,-0.0014,0.3245,0.0076,1,0.25,sart_1,sart_1,unmarked
128,2025-08-08 16:01:15.124000,469.85,470.95,472.95,1.1,2.0,3.1,19.355,0.55,0.3548,0.3483,-0.3459,4.3631,0.3166,-0.173,0.0076,0.3559,0.01,0,0.0,sart_1,sart_1,unmarked
129,2025-08-08 16:01:18.246000,472.95,474.0,475.8,1.05,1.8,2.85,21.053,0.5833,0.3684,0.3357,-0.3256,4.2053,0.3197,-0.1809,0.01,0.3456,0.02,1,0.25,sart_1,sart_1,unmarked
130,2025-08-08 16:01:21.130000,475.8,476.85,478.25,1.05,1.4,2.45,24.49,0.75,0.4286,0.2711,-0.3028,3.397,0.2582,-0.2163,0.02,0.2912,-0.0116,0,0.0,sart_1,sart_1,unmarked
131,2025-08-08 16:01:23.531000,478.25,479.85,481.35,1.6,1.5,3.1,19.355,1.0667,0.5161,0.2966,-0.3077,3.7159,0.1854,-0.2051,-0.0116,0.285,-0.0227,0,0.0,sart_1,sart_1,unmarked
132,2025-08-08 16:01:26.651000,481.35,482.45,484.25,1.1,1.8,2.9,20.69,0.6111,0.3793,0.2734,-0.255,3.4259,0.2486,-0.1417,-0.0227,0.2507,-0.0042,1,0.8,sart_1,sart_1,unmarked
133,2025-08-08 16:01:29.528000,484.25,485.6,486.5,1.35,0.9,2.25,26.667,1.5,0.6,0.2594,-0.2011,3.2504,0.1922,-0.2234,-0.0042,0.2552,0.0541,1,0.4,sart_1,sart_1,unmarked
134,2025-08-08 16:01:31.840000,486.5,487.15,488.45,0.65,1.3,1.95,30.769,0.5,0.3333,0.1757,-0.2247,2.2009,0.2703,-0.1729,0.0541,0.2298,0.0051,0,0.0,sart_1,sart_1,unmarked
135,2025-08-08 16:01:33.725000,488.45,489.45,490.75,1.0,1.3,2.3,26.087,0.7692,0.4348,0.2702,-0.2763,3.3851,0.2702,-0.2126,0.0051,0.2753,-0.0011,0,0.0,sart_1,sart_1,unmarked
136,2025-08-08 16:01:36.031000,490.75,492.5,494.0,1.75,1.5,3.25,18.462,1.1667,0.5385,0.3231,-0.3378,4.0478,0.1846,-0.2252,-0.0011,0.322,-0.0158,0,0.0,sart_1,sart_1,unmarked
137,2025-08-08 16:01:39.340000,494.0,495.1,496.65,1.1,1.55,2.65,22.642,0.7097,0.4151,0.291,-0.2668,3.6463,0.2646,-0.1721,-0.0158,0.2753,0.0085,1,0.35,sart_1,sart_1,unmarked
138,2025-08-08 16:01:41.946000,496.65,497.9,499.4,1.25,1.5,2.75,21.818,0.8333,0.4545,0.2514,-0.2617,3.149,0.2011,-0.1745,0.0085,0.2599,-0.0018,0,0.0,sart_1,sart_1,unmarked
139,2025-08-08 16:01:44.676000,499.4,500.35,501.7,0.95,1.35,2.3,26.087,0.7037,0.413,0.3126,-0.3101,3.9159,0.329,-0.2297,-0.0018,0.3107,0.0006,0,0.0,sart_1,sart_1,unmarked
140,2025-08-08 16:01:47.040000,501.7,502.9,504.4,1.2,1.5,2.7,22.222,0.8,0.4444,0.2819,-0.2751,3.5312,0.2349,-0.1834,0.0006,0.2825,0.0074,0,0.0,sart_1,sart_1,unmarked
141,2025-08-08 16:01:49.749000,504.4,505.45,507.05,1.05,1.6,2.65,22.642,0.6562,0.3962,0.302,-0.3202,3.783,0.2876,-0.2001,0.0074,0.3094,-0.0108,0,0.0,sart_1,sart_1,unmarked
142,2025-08-08 16:01:52.353000,507.05,508.15,509.85,1.1,1.7,2.8,21.429,0.6471,0.3929,0.3004,-0.3108,3.7639,0.2731,-0.1828,-0.0108,0.2896,-0.0212,0,0.0,sart_1,sart_1,unmarked
143,2025-08-08 16:01:55.142000,509.85,511.05,512.7,1.2,1.65,2.85,21.053,0.7273,0.4211,0.3113,-0.2859,3.9001,0.2594,-0.1733,-0.0212,0.2901,0.0042,0,0.0,sart_1,sart_1,unmarked
144,2025-08-08 16:01:58.022000,512.7,513.95,515.7,1.25,1.75,3.0,20.0,0.7143,0.4167,0.3602,-0.3009,4.5133,0.2882,-0.172,0.0042,0.3644,0.0635,0,0.0,sart_1,sart_1,unmarked
145,2025-08-08 16:02:01.061000,515.7,516.65,518.35,0.95,1.7,2.65,22.642,0.5588,0.3585,0.0892,-0.1441,1.1173,0.0939,-0.0848,0.0635,0.1527,0.0085,0,0.0,sart_1,sart_1,unmarked
146,2025-08-08 16:02:03.636000,518.35,519.15,520.75,0.8,1.6,2.4,25.0,0.5,0.3333,0.2951,-0.3037,3.6968,0.3688,-0.1898,0.0085,0.3036,-0.0001,0,0.0,sart_1,sart_1,unmarked
147,2025-08-08 16:02:06.031000,520.75,521.95,523.45,1.2,1.5,2.7,22.222,0.8,0.4444,0.3762,-0.3459,4.7133,0.3135,-0.2306,-0.0001,0.3762,0.0303,0,0.0,sart_1,sart_1,unmarked
148,2025-08-08 16:02:08.740000,523.45,524.4,526.85,0.95,2.45,3.4,17.647,0.3878,0.2794,0.3941,-0.3881,4.9378,0.4149,-0.1584,0.0303,0.4244,0.0363,1,0.7,sart_1,sart_1,unmarked
149,2025-08-08 16:02:12.123000,526.85,527.85,530.95,1.0,3.1,4.1,14.634,0.3226,0.2439,0.4178,-0.4673,5.2347,0.4178,-0.1508,0.0363,0.4541,-0.0132,1,0.3,sart_1,sart_1,unmarked
150,2025-08-08 16:02:16.239000,530.95,532.15,534.25,1.2,2.1,3.3,18.182,0.5714,0.3636,0.3615,-0.3526,4.5296,0.3013,-0.1679,-0.0132,0.3483,-0.0043,0,0.0,sart_1,sart_1,unmarked
151,2025-08-08 16:02:19.531000,534.25,535.4,537.15,1.15,1.75,2.9,20.69,0.6571,0.3966,0.3051,-0.3086,3.8225,0.2653,-0.1763,-0.0043,0.3008,-0.0077,0,0.0,sart_1,sart_1,unmarked
152,2025-08-08 16:02:22.446000,537.15,538.3,539.9,1.15,1.6,2.75,21.818,0.7187,0.4182,0.3081,-0.3159,3.8595,0.2679,-0.1974,-0.0077,0.3003,-0.0156,0,0.0,sart_1,sart_1,unmarked
153,2025-08-08 16:02:25.231000,539.9,541.05,542.85,1.15,1.8,2.95,20.339,0.6389,0.3898,0.306,-0.2916,3.8342,0.2661,-0.162,-0.0156,0.2905,-0.0011,1,0.3,sart_1,sart_1,unmarked
154,2025-08-08 16:02:28.141000,542.85,543.9,545.45,1.05,1.55,2.6,23.077,0.6774,0.4038,0.3201,-0.3342,4.01,0.3048,-0.2156,-0.0011,0.3189,-0.0153,0,0.0,sart_1,sart_1,unmarked
155,2025-08-08 16:02:30.752000,545.45,546.8,548.35,1.35,1.55,2.9,20.69,0.871,0.4655,0.341,-0.3361,4.2727,0.2526,-0.2168,-0.0153,0.3258,-0.0103,0,0.0,sart_1,sart_1,unmarked
156,2025-08-08 16:02:33.637000,548.35,549.55,551.05,1.2,1.5,2.7,22.222,0.8,0.4444,0.3087,-0.2895,3.8675,0.2572,-0.193,-0.0103,0.2984,0.0089,0,0.0,sart_1,sart_1,unmarked
157,2025-08-08 16:02:36.337000,551.05,552.25,553.85,1.2,1.6,2.8,21.429,0.75,0.4286,0.3275,-0.3382,4.1027,0.2729,-0.2114,0.0089,0.3364,-0.0018,0,0.0,sart_1,sart_1,unmarked
158,2025-08-08 16:02:39.131000,553.85,555.05,556.5,1.2,1.45,2.65,22.642,0.8276,0.4528,0.3132,-0.3208,3.9242,0.261,-0.2213,-0.0018,0.3114,-0.0094,0,0.0,sart_1,sart_1,unmarked
159,2025-08-08 16:02:41.826000,556.5,557.65,558.65,1.15,1.0,2.15,27.907,1.15,0.5349,0.3475,-0.2926,4.354,0.3022,-0.2926,-0.0094,0.3381,0.0455,0,0.0,sart_1,sart_1,unmarked
160,2025-08-08 16:02:43.926000,558.65,559.15,560.7,0.5,1.55,2.05,29.268,0.3226,0.2439,0.1979,-0.3284,2.4794,0.3958,-0.2119,0.0455,0.2434,-0.0849,1,0.3,sart_1,sart_1,unmarked
161,2025-08-08 16:02:46.027000,560.7,561.85,563.6,1.15,1.75,2.9,20.69,0.6571,0.3966,0.4171,-0.3441,5.2257,0.3627,-0.1966,-0.0849,0.3322,-0.0119,1,0.5,sart_1,sart_1,unmarked
162,2025-08-08 16:02:48.933000,563.6,564.65,566.2,1.05,1.55,2.6,23.077,0.6774,0.4038,0.3402,-0.316,4.262,0.324,-0.2039,-0.0119,0.3283,0.0123,0,0.0,sart_1,sart_1,unmarked
163,2025-08-08 16:02:51.549000,566.2,567.4,569.1,1.2,1.7,2.9,20.69,0.7059,0.4138,0.3292,-0.335,4.1241,0.2743,-0.1971,0.0123,0.3415,0.0064,0,0.0,sart_1,sart_1,unmarked
164,2025-08-08 16:02:54.425000,569.1,570.45,572.0,1.35,1.55,2.9,20.69,0.871,0.4655,0.3246,-0.3228,4.0671,0.2405,-0.2083,0.0064,0.3311,0.0082,0,0.0,sart_1,sart_1,unmarked
165,2025-08-08 16:02:57.335000,572.0,573.1,574.95,1.1,1.85,2.95,20.339,0.5946,0.3729,0.3135,-0.3119,3.9282,0.285,-0.1686,0.0082,0.3218,0.0099,0,0.0,sart_1,sart_1,unmarked
166,2025-08-08 16:03:00.340000,574.95,576.0,577.5,1.05,1.5,2.55,23.529,0.7,0.4118,0.2915,-0.2778,3.6516,0.2776,-0.1852,0.0099,0.3013,0.0236,0,0.0,sart_1,sart_1,unmarked
167,2025-08-08 16:03:02.830000,577.5,578.7,580.0,1.2,1.3,2.5,24.0,0.9231,0.48,0.3065,-0.3217,3.8403,0.2554,-0.2475,0.0236,0.3301,0.0084,0,0.0,sart_1,sart_1,unmarked
168,2025-08-08 16:03:05.350000,580.0,581.05,582.7,1.05,1.65,2.7,22.222,0.6364,0.3889,0.3172,-0.3269,3.9746,0.3021,-0.1981,0.0084,0.3256,-0.0013,0,0.0,sart_1,sart_1,unmarked
169,2025-08-08 16:03:08.050000,582.7,583.85,585.4,1.15,1.55,2.7,22.222,0.7419,0.4259,0.312,-0.309,3.9084,0.2713,-0.1994,-0.0013,0.3106,0.0016,0,0.0,sart_1,sart_1,unmarked
170,2025-08-08 16:03:10.745000,585.4,586.5,588.1,1.1,1.6,2.7,22.222,0.6875,0.4074,0.3102,-0.3122,3.8864,0.282,-0.1951,0.0016,0.3118,-0.0004,0,0.0,sart_1,sart_1,unmarked
171,2025-08-08 16:03:13.449000,588.1,589.25,590.85,1.15,1.6,2.75,21.818,0.7187,0.4182,0.3327,-0.3329,4.1677,0.2893,-0.2081,-0.0004,0.3322,-0.0006,0,0.0,sart_1,sart_1,unmarked
172,2025-08-08 16:03:16.146000,590.85,592.0,593.7,1.15,1.7,2.85,21.053,0.6765,0.4035,0.3221,-0.3245,4.0359,0.2801,-0.1909,-0.0006,0.3215,-0.003,0,0.0,sart_1,sart_1,unmarked
173,2025-08-08 16:03:19.061000,593.7,594.95,596.7,1.25,1.75,3.0,20.0,0.7143,0.4167,0.2791,-0.273,3.4967,0.2233,-0.156,-0.003,0.2761,0.0031,0,0.0,sart_1,sart_1,unmarked
174,2025-08-08 16:03:22.027000,596.7,597.75,599.25,1.05,1.5,2.55,23.529,0.7,0.4118,0.3127,-0.3145,3.9171,0.2978,-0.2097,0.0031,0.3157,0.0012,0,0.0,sart_1,sart_1,unmarked
175,2025-08-08 16:03:24.545000,599.25,600.35,601.4,1.1,1.05,2.15,27.907,1.0476,0.5116,0.3034,-0.3115,3.8016,0.2759,-0.2967,0.0012,0.3047,-0.0068,0,0.0,sart_1,sart_1,unmarked
176,2025-08-08 16:03:26.736000,601.4,602.7,603.95,1.3,1.25,2.55,23.529,1.04,0.5098,0.3194,-0.3083,4.0014,0.2457,-0.2467,-0.0068,0.3126,0.0043,0,0.0,sart_1,sart_1,unmarked
177,2025-08-08 16:03:29.228000,603.95,605.25,606.65,1.3,1.4,2.7,22.222,0.9286,0.4815,0.3331,-0.3561,4.1734,0.2562,-0.2543,0.0043,0.3374,-0.0187,0,0.0,sart_1,sart_1,unmarked
178,2025-08-08 16:03:31.925000,606.65,607.7,609.15,1.05,1.45,2.5,24.0,0.7241,0.42,0.3556,-0.343,4.4554,0.3387,-0.2365,-0.0187,0.3369,-0.0061,0,0.0,sart_1,sart_1,unmarked
179,2025-08-08 16:03:34.538000,609.15,610.25,611.65,1.1,1.4,2.5,24.0,0.7857,0.44,0.3457,-0.3581,4.331,0.3143,-0.2558,-0.0061,0.3396,-0.0184,0,0.0,sart_1,sart_1,unmarked
180,2025-08-08 16:03:36.934000,611.65,612.7,614.25,1.05,1.55,2.6,23.077,0.6774,0.4038,0.3249,-0.3199,4.0707,0.3094,-0.2064,-0.0184,0.3065,-0.0134,0,0.0,sart_1,sart_1,unmarked
181,2025-08-08 16:03:39.545000,614.25,615.25,616.75,1.0,1.5,2.5,24.0,0.6667,0.4,0.2777,-0.2824,3.4795,0.2777,-0.1882,-0.0134,0.2643,-0.0181,0,0.0,sart_1,sart_1,unmarked
182,2025-08-08 16:03:42.032000,616.75,617.95,618.5,1.2,0.55,1.75,34.286,2.1818,0.6857,0.3112,-0.1615,3.8994,0.2594,-0.2936,-0.0181,0.2932,0.1317,0,0.0,sart_1,sart_1,unmarked
183,2025-08-08 16:03:43.841000,618.5,618.85,622.15,0.35,3.3,3.65,16.438,0.1061,0.0959,0.1673,-0.3109,2.096,0.478,-0.0942,0.1317,0.299,-0.0119,0,0.0,sart_1,sart_1,unmarked
184,2025-08-08 16:03:47.440000,622.15,625.25,630.55,3.1,5.3,8.4,7.143,0.5849,0.369,1.7032,-1.7257,21.3381,0.5494,-0.3256,-0.0119,1.6913,-0.0345,0,0.0,sart_1,sart_1,unmarked
185,2025-08-08 16:03:55.834000,630.55,631.55,633.55,1.0,2.0,3.0,20.0,0.5,0.3333,0.2831,-0.2983,3.5469,0.2831,-0.1492,-0.0345,0.2487,-0.0497,0,0.0,sart_1,sart_1,unmarked
186,2025-08-08 16:03:58.836000,633.55,634.6,636.15,1.05,1.55,2.6,23.077,0.6774,0.4038,0.2532,-0.2418,3.1726,0.2412,-0.156,-0.0497,0.2036,-0.0382,0,0.0,sart_1,sart_1,unmarked
187,2025-08-08 16:04:01.442000,636.15,637.15,638.1,1.0,0.95,1.95,30.769,1.0526,0.5128,0.2102,-0.1769,2.634,0.2102,-0.1862,-0.0382,0.172,-0.0048,1,0.8,sart_1,sart_1,unmarked
188,2025-08-08 16:04:03.429000,638.1,639.65,641.75,1.55,2.1,3.65,16.438,0.7381,0.4247,0.2729,-0.267,3.4187,0.1761,-0.1272,-0.0048,0.268,0.001,0,0.0,sart_1,sart_1,unmarked
189,2025-08-08 16:04:07.022000,641.75,644.25,646.65,2.5,2.4,4.9,12.245,1.0417,0.5102,0.4339,-0.4583,5.4358,0.1736,-0.1909,0.001,0.4349,-0.0234,0,0.0,sart_1,sart_1,unmarked
190,2025-08-08 16:04:11.918000,646.65,647.15,647.85,0.5,0.7,1.2,50.0,0.7143,0.4167,0.2628,-0.1552,3.292,0.5255,-0.2217,-0.0234,0.2394,0.0842,0,0.0,sart_1,sart_1,unmarked
191,2025-08-08 16:04:13.236000,647.85,648.8,649.45,0.95,0.65,1.6,37.5,1.4615,0.5937,0.1256,-0.1938,1.5733,0.1322,-0.2982,0.0842,0.2097,0.0159,0,0.0,sart_1,sart_1,unmarked
192,2025-08-08 16:04:14.733000,649.45,649.8,650.6,0.35,0.8,1.15,52.174,0.4375,0.3043,0.122,-0.1971,1.5289,0.3487,-0.2464,0.0159,0.1379,-0.0592,0,0.0,sart_1,sart_1,unmarked
193,2025-08-08 16:04:15.935000,650.6,651.0,651.65,0.4,0.65,1.05,57.143,0.6154,0.381,0.1781,-0.149,2.2316,0.4453,-0.2292,-0.0592,0.1189,-0.03,0,0.0,sart_1,sart_1,unmarked
194,2025-08-08 16:04:16.957000,651.65,653.1,654.1,1.45,1.0,2.45,24.49,1.45,0.5918,0.2013,-0.1712,2.5214,0.1388,-0.1712,-0.03,0.1712,0.0,0,0.0,sart_1,sart_1,unmarked
195,2025-08-08 16:04:19.446000,654.1,655.2,656.35,1.1,1.15,2.25,26.667,0.9565,0.4889,0.3467,-0.2804,4.343,0.3151,-0.2438,0.0,0.3467,0.0663,0,0.0,sart_1,sart_1,unmarked
196,2025-08-08 16:04:21.638000,656.35,657.55,659.75,1.2,2.2,3.4,17.647,0.5455,0.3529,0.3594,-0.3955,4.5033,0.2995,-0.1798,0.0663,0.4257,0.0303,0,0.0,sart_1,sart_1,unmarked
197,2025-08-08 16:04:25.056000,659.75,660.1,660.55,0.35,0.45,0.8,75.0,0.7778,0.4375,0.1717,-0.1413,2.151,0.4905,-0.3141,0.0303,0.2019,0.0606,0,0.0,sart_1,sart_1,unmarked
198,2025-08-08 16:04:25.834000,660.55,661.1,662.55,0.55,1.45,2.0,30.0,0.3793,0.275,0.2186,-0.2619,2.7385,0.3974,-0.1806,0.0606,0.2792,0.0173,0,0.0,sart_1,sart_1,unmarked
199,2025-08-08 16:04:27.848000,662.55,663.0,664.75,0.45,1.75,2.2,27.273,0.2571,0.2045,0.3844,-0.3756,4.816,0.8542,-0.2147,0.0173,0.4017,0.026,0,0.0,sart_1,sart_1,unmarked
200,2025-08-08 16:04:30.041000,664.75,665.15,666.65,0.4,1.5,1.9,31.579,0.2667,0.2105,0.284,-0.2323,3.5581,0.71,-0.1548,0.026,0.31,0.0778,1,0.4,sart_1,sart_1,unmarked
201,2025-08-08 16:04:31.922000,666.65,668.65,672.7,2.0,4.05,6.05,9.917,0.4938,0.3306,0.2693,-0.3478,3.3737,0.1346,-0.0859,0.0778,0.3471,-0.0007,1,0.8,sart_1,sart_1,unmarked
202,2025-08-08 16:04:38.050000,672.7,673.75,675.75,1.05,2.0,3.05,19.672,0.525,0.3443,0.2466,-0.3065,3.0895,0.2349,-0.1532,-0.0007,0.2459,-0.0606,1,0.7,sart_1,sart_1,unmarked
203,2025-08-08 16:04:41.050000,675.75,677.1,681.15,1.35,4.05,5.4,11.111,0.3333,0.25,0.3305,-0.2627,4.1403,0.2448,-0.0649,-0.0606,0.2699,0.0072,1,0.5,sart_1,sart_1,unmarked
204,2025-08-08 16:04:46.419000,681.15,681.95,683.35,0.8,1.4,2.2,27.273,0.5714,0.3636,0.3167,-0.2324,3.9683,0.3959,-0.166,0.0072,0.324,0.0916,0,0.0,sart_1,sart_1,unmarked
205,2025-08-08 16:04:48.635000,683.35,683.85,687.0,0.5,3.15,3.65,16.438,0.1587,0.137,0.1466,-0.2429,1.8369,0.2932,-0.0771,0.0916,0.2382,-0.0047,0,0.0,sart_1,sart_1,unmarked
206,2025-08-08 16:04:52.326000,687.0,687.75,689.25,0.75,1.5,2.25,26.667,0.5,0.3333,0.2249,-0.2371,2.8175,0.2999,-0.1581,-0.0047,0.2202,-0.0169,0,0.0,sart_1,sart_1,unmarked
207,2025-08-08 16:04:54.637000,689.25,690.55,692.15,1.3,1.6,2.9,20.69,0.8125,0.4483,0.2226,-0.2324,2.7887,0.1712,-0.1453,-0.0169,0.2057,-0.0267,0,0.0,sart_1,sart_1,unmarked
208,2025-08-08 16:04:57.422000,692.15,693.3,695.3,1.15,2.0,3.15,19.048,0.575,0.3651,0.3288,-0.3314,4.1192,0.2859,-0.1657,-0.0267,0.3021,-0.0294,1,0.65,sart_1,sart_1,unmarked
209,2025-08-08 16:05:00.639000,695.3,696.4,697.7,1.1,1.3,2.4,25.0,0.8462,0.4583,0.2828,-0.2601,3.5428,0.2571,-0.2001,-0.0294,0.2534,-0.0067,0,0.0,sart_1,sart_1,unmarked
210,2025-08-08 16:05:03.037000,697.7,699.2,700.7,1.5,1.5,3.0,20.0,1.0,0.5,0.3077,-0.3232,3.8554,0.2052,-0.2154,-0.0067,0.301,-0.0221,0,0.0,sart_1,sart_1,unmarked
211,2025-08-08 16:05:06.038000,700.7,701.95,703.55,1.25,1.6,2.85,21.053,0.7813,0.4386,0.2801,-0.2744,3.5087,0.224,-0.1715,-0.0221,0.2579,-0.0165,0,0.0,sart_1,sart_1,unmarked
212,2025-08-08 16:05:08.822000,703.55,704.6,705.8,1.05,1.2,2.25,26.667,0.875,0.4667,0.303,-0.2719,3.7956,0.2885,-0.2266,-0.0165,0.2865,0.0146,0,0.0,sart_1,sart_1,unmarked
213,2025-08-08 16:05:11.133000,705.8,706.15,706.65,0.35,0.5,0.85,70.588,0.7,0.4118,0.1727,-0.127,2.1639,0.4935,-0.254,0.0146,0.1873,0.0603,1,0.35,sart_1,sart_1,unmarked
214,2025-08-08 16:05:11.944000,706.65,707.15,708.1,0.5,0.95,1.45,41.379,0.5263,0.3448,0.2737,-0.3078,3.4293,0.5474,-0.324,0.0603,0.334,0.0262,0,0.0,sart_1,sart_1,unmarked
215,2025-08-08 16:05:13.450000,708.1,709.05,711.85,0.95,2.8,3.75,16.0,0.3393,0.2533,0.3274,-0.3507,4.1015,0.3446,-0.1252,0.0262,0.3536,0.0029,1,1.35,sart_1,sart_1,unmarked
216,2025-08-08 16:05:17.139000,711.85,712.85,716.6,1.0,3.75,4.75,12.632,0.2667,0.2105,0.4591,-0.4786,5.7517,0.4591,-0.1276,0.0029,0.462,-0.0166,1,0.3,sart_1,sart_1,unmarked
217,2025-08-08 16:05:21.937000,716.6,717.65,718.75,1.05,1.1,2.15,27.907,0.9545,0.4884,0.345,-0.2955,4.3225,0.3286,-0.2686,-0.0166,0.3284,0.033,0,0.0,practice_stressor_test,practice_stressor_test,unmarked
218,2025-08-08 16:05:24.036000,718.75,719.35,720.6,0.6,1.25,1.85,32.432,0.48,0.3243,0.2252,-0.256,2.8219,0.3754,-0.2048,0.033,0.2582,0.0022,0,0.0,practice_stressor_test,practice_stressor_test,unmarked
219,2025-08-08 16:05:25.932000,720.6,721.35,722.8,0.75,1.45,2.2,27.273,0.5172,0.3409,0.238,-0.2638,2.9823,0.3174,-0.1819,0.0022,0.2402,-0.0236,0,0.0,practice_stressor_test,practice_stressor_test,unmarked
220,2025-08-08 16:05:28.121000,722.8,723.95,725.75,1.15,1.8,2.95,20.339,0.6389,0.3898,0.2635,-0.2319,3.3012,0.2291,-0.1288,-0.0236,0.2399,0.0081,1,0.5,practice_stressor_test,practice_stressor_test,unmarked
221,2025-08-08 16:05:31.032000,725.75,726.75,728.45,1.0,1.7,2.7,22.222,0.5882,0.3704,0.2884,-0.284,3.6137,0.2884,-0.167,0.0081,0.2965,0.0125,0,0.0,practice_stressor_test,practice_stressor_test,unmarked
222,2025-08-08 16:05:33.723000,728.45,729.65,730.55,1.2,0.9,2.1,28.571,1.3333,0.5714,0.3228,-0.2422,4.0436,0.269,-0.2692,0.0125,0.3353,0.093,0,0.0,practice_stressor_test,practice_stressor_test,unmarked
223,2025-08-08 16:05:35.825000,730.55,730.85,731.65,0.3,0.8,1.1,54.545,0.375,0.2727,0.2012,-0.2513,2.5212,0.6708,-0.3141,0.093,0.2943,0.043,0,0.0,practice_stressor_test,practice_stressor_test,unmarked
224,2025-08-08 16:05:36.939000,731.65,732.5,734.2,0.85,1.7,2.55,23.529,0.5,0.3333,0.2222,-0.2835,2.7835,0.2614,-0.1668,0.043,0.2651,-0.0183,0,0.0,practice_stressor_test,practice_stressor_test,unmarked
225,2025-08-08 16:05:39.542000,734.2,735.8,737.35,1.6,1.55,3.15,19.048,1.0323,0.5079,0.3296,-0.3361,4.1295,0.206,-0.2169,-0.0183,0.3113,-0.0249,0,0.0,practice_stressor_test,practice_stressor_test,unmarked
226,2025-08-08 16:05:42.635000,737.35,738.5,740.75,1.15,2.25,3.4,17.647,0.5111,0.3382,0.3191,-0.3026,3.9976,0.2775,-0.1345,-0.0249,0.2942,-0.0084,1,0.3,practice_stressor_test,practice_stressor_test,unmarked
227,2025-08-08 16:05:46.026000,740.75,741.8,743.05,1.05,1.25,2.3,26.087,0.84,0.4565,0.3072,-0.3042,3.8489,0.2926,-0.2434,-0.0084,0.2988,-0.0055,0,0.0,practice_stressor_test,practice_stressor_test,unmarked
228,2025-08-08 16:05:48.334000,743.05,744.35,746.05,1.3,1.7,3.0,20.0,0.7647,0.4333,0.3317,-0.3415,4.1551,0.2551,-0.2009,-0.0055,0.3262,-0.0153,0,0.0,practice_stressor_test,practice_stressor_test,unmarked
229,2025-08-08 16:05:51.341000,746.05,747.3,748.9,1.25,1.6,2.85,21.053,0.7812,0.4386,0.2823,-0.2806,3.5365,0.2258,-0.1754,-0.0153,0.267,-0.0136,0,0.0,practice_stressor_test,practice_stressor_test,unmarked
230,2025-08-08 16:05:54.249000,748.9,750.2,751.7,1.3,1.5,2.8,21.429,0.8667,0.4643,0.3197,-0.3126,4.0048,0.2459,-0.2084,-0.0136,0.3061,-0.0066,0,0.0,practice_stressor_test,practice_stressor_test,unmarked
231,2025-08-08 16:05:57.036000,751.7,752.55,753.95,0.85,1.4,2.25,26.667,0.6071,0.3778,0.3158,-0.3244,3.9565,0.3715,-0.2317,-0.0066,0.3092,-0.0152,0,0.0,practice_stressor_test,practice_stressor_test,unmarked
232,2025-08-08 16:05:59.222000,753.95,754.85,756.3,0.9,1.45,2.35,25.532,0.6207,0.383,0.3055,-0.3019,3.828,0.3395,-0.2082,-0.0152,0.2904,-0.0115,0,0.0,practice_stressor_test,practice_stressor_test,unmarked
233,2025-08-08 16:06:01.622000,756.3,758.75,759.9,2.45,1.15,3.6,16.667,2.1304,0.6806,0.3734,-0.3305,4.6778,0.1524,-0.2874,-0.0115,0.3619,0.0314,0,0.0,practice_stressor_test,practice_stressor_test,unmarked
234,2025-08-08 16:06:05.233000,759.9,760.75,762.2,0.85,1.45,2.3,26.087,0.5862,0.3696,0.2584,-0.3093,3.2367,0.3039,-0.2133,0.0314,0.2898,-0.0195,0,0.0,practice_stressor_test,practice_stressor_test,unmarked
235,2025-08-08 16:06:07.536000,762.2,763.25,764.05,1.05,0.8,1.85,32.432,1.3125,0.5676,0.3314,-0.2127,4.1522,0.3156,-0.2659,-0.0195,0.3119,0.0992,1,0.7,practice_stressor_test,practice_stressor_test,unmarked
236,2025-08-08 16:06:09.333000,764.05,764.95,766.45,0.9,1.5,2.4,25.0,0.6,0.375,0.3037,-0.3978,3.8053,0.3375,-0.2652,0.0992,0.4029,0.0051,1,0.3,practice_stressor_test,practice_stressor_test,unmarked
237,2025-08-08 16:06:11.743000,766.45,767.45,768.65,1.0,1.2,2.2,27.273,0.8333,0.4545,0.3045,-0.2928,3.8149,0.3045,-0.244,0.0051,0.3096,0.0168,0,0.0,practice_stressor_test,practice_stressor_test,unmarked
238,2025-08-08 16:06:13.929000,768.65,770.45,771.45,1.8,1.0,2.8,21.429,1.8,0.6429,0.3157,-0.2953,3.9547,0.1754,-0.2953,0.0168,0.3325,0.0371,0,0.0,practice_stressor_test,practice_stressor_test,unmarked
239,2025-08-08 16:06:16.717000,771.45,772.45,773.75,1.0,1.3,2.3,26.087,0.7692,0.4348,0.2773,-0.2877,3.4743,0.2773,-0.2213,0.0371,0.3144,0.0267,0,0.0,practice_stressor_test,practice_stressor_test,unmarked
240,2025-08-08 16:06:19.031000,773.75,774.6,775.75,0.85,1.15,2.0,30.0,0.7391,0.425,0.4625,-0.4618,5.7946,0.5441,-0.4016,0.0267,0.4892,0.0274,0,0.0,practice_stressor_test,practice_stressor_test,unmarked
241,2025-08-08 16:06:21.042000,775.75,776.75,777.85,1.0,1.1,2.1,28.571,0.9091,0.4762,0.2882,-0.2822,3.6105,0.2882,-0.2566,0.0274,0.3156,0.0333,0,0.0,subject_idle,subject_idle,unmarked
242,2025-08-08 16:06:23.138000,777.85,778.25,778.95,0.4,0.7,1.1,54.545,0.5714,0.3636,0.2266,-0.1568,2.8393,0.5666,-0.224,0.0333,0.26,0.1032,0,0.0,subject_idle,subject_idle,unmarked
243,2025-08-08 16:06:24.218000,778.95,779.85,780.7,0.9,0.85,1.75,34.286,1.0588,0.5143,0.1563,-0.2384,1.9588,0.1737,-0.2805,0.1032,0.2595,0.0211,0,0.0,subject_idle,subject_idle,unmarked
244,2025-08-08 16:06:26.017000,780.7,781.55,783.0,0.85,1.45,2.3,26.087,0.5862,0.3696,0.2416,-0.2798,3.0269,0.2842,-0.1929,0.0211,0.2627,-0.0171,0,0.0,subject_idle,subject_idle,unmarked
245,2025-08-08 16:06:28.323000,783.0,789.4,792.75,6.4,3.35,9.75,6.154,1.9104,0.6564,1.7771,-1.7855,22.2641,0.2777,-0.533,-0.0171,1.76,-0.0255,0,0.0,subject_idle,subject_idle,unmarked
246,2025-08-08 16:06:38.136000,792.75,796.95,799.3,4.2,2.35,6.55,9.16,1.7872,0.6412,0.3315,-0.2932,4.1526,0.0789,-0.1248,-0.0255,0.306,0.0128,0,0.0,subject_idle,subject_idle,unmarked
247,2025-08-08 16:06:44.675000,799.3,800.9,803.15,1.6,2.25,3.85,15.584,0.7111,0.4156,0.2979,-0.3134,3.7321,0.1862,-0.1393,0.0128,0.3107,-0.0028,0,0.0,subject_idle,subject_idle,unmarked
248,2025-08-08 16:06:48.430000,803.15,804.05,806.25,0.9,2.2,3.1,19.355,0.4091,0.2903,0.208,-0.2052,2.6062,0.2311,-0.0933,-0.0028,0.2053,0.0001,0,0.0,subject_idle,subject_idle,unmarked
249,2025-08-08 16:06:51.640000,806.25,807.15,808.65,0.9,1.5,2.4,25.0,0.6,0.375,0.2781,-0.2773,3.4838,0.309,-0.1849,0.0001,0.2782,0.0008,0,0.0,subject_idle,subject_idle,unmarked
250,2025-08-08 16:06:53.917000,808.65,809.35,810.05,0.7,0.7,1.4,42.857,1.0,0.5,0.2571,-0.2315,3.2206,0.3672,-0.3307,0.0008,0.2579,0.0264,0,0.0,subject_idle,subject_idle,unmarked
251,2025-08-08 16:06:55.328000,810.05,810.95,812.55,0.9,1.6,2.5,24.0,0.5625,0.36,0.3336,-0.3887,4.1793,0.3707,-0.243,0.0264,0.36,-0.0287,0,0.0,subject_idle,subject_idle,unmarked
252,2025-08-08 16:06:57.936000,812.55,813.65,815.25,1.1,1.6,2.7,22.222,0.6875,0.4074,0.3258,-0.2908,4.0818,0.2962,-0.1818,-0.0287,0.2971,0.0063,1,0.45,subject_idle,subject_idle,unmarked
253,2025-08-08 16:07:00.517000,815.25,816.35,818.55,1.1,2.2,3.3,18.182,0.5,0.3333,0.2924,-0.3334,3.6638,0.2659,-0.1515,0.0063,0.2987,-0.0347,0,0.0,subject_idle,subject_idle,unmarked
254,2025-08-08 16:07:03.822000,818.55,819.65,821.65,1.1,2.0,3.1,19.355,0.55,0.3548,0.349,-0.3561,4.3724,0.3173,-0.1781,-0.0347,0.3143,-0.0418,0,0.0,subject_idle,subject_idle,unmarked
255,2025-08-08 16:07:06.937000,821.65,822.55,823.9,0.9,1.35,2.25,26.667,0.6667,0.4,0.3161,-0.2615,3.9603,0.3512,-0.1937,-0.0418,0.2743,0.0128,0,0.0,subject_idle,subject_idle,unmarked
256,2025-08-08 16:07:09.243000,823.9,824.4,825.0,0.5,0.6,1.1,54.545,0.8333,0.4545,0.1971,-0.2051,2.4694,0.3942,-0.3419,0.0128,0.2099,0.0048,0,0.0,subject_idle,subject_idle,unmarked
257,2025-08-08 16:07:10.330000,825.0,825.8,829.85,0.8,4.05,4.85,12.371,0.1975,0.1649,0.352,-0.3707,4.4097,0.44,-0.0915,0.0048,0.3567,-0.014,0,0.0,subject_idle,subject_idle,unmarked
258,2025-08-08 16:07:15.123000,829.85,830.9,832.75,1.05,1.85,2.9,20.69,0.5676,0.3621,0.3752,-0.4037,4.701,0.3574,-0.2182,-0.014,0.3613,-0.0425,0,0.0,subject_idle,subject_idle,unmarked
259,2025-08-08 16:07:18.040000,832.75,833.8,835.05,1.05,1.25,2.3,26.087,0.84,0.4565,0.32,-0.2969,4.0095,0.3048,-0.2375,-0.0425,0.2775,-0.0193,0,0.0,stressor_test_1,stressor_test_1,unmarked
260,2025-08-08 16:07:20.351000,835.05,836.35,840.35,1.3,4.0,5.3,11.321,0.325,0.2453,0.4601,-0.3941,5.7642,0.3539,-0.0985,-0.0193,0.4408,0.0467,0,0.0,stressor_test_1,stressor_test_1,unmarked
261,2025-08-08 16:07:25.624000,840.35,841.15,842.95,0.8,1.8,2.6,23.077,0.4444,0.3077,0.3097,-0.3656,3.8803,0.3872,-0.2031,0.0467,0.3564,-0.0091,0,0.0,stressor_test_1,stressor_test_1,unmarked
262,2025-08-08 16:07:28.233000,842.95,843.7,845.05,0.75,1.35,2.1,28.571,0.5556,0.3571,0.3348,-0.3516,4.1947,0.4464,-0.2604,-0.0091,0.3257,-0.0259,0,0.0,stressor_test_1,stressor_test_1,unmarked
263,2025-08-08 16:07:30.340000,845.05,845.95,847.15,0.9,1.2,2.1,28.571,0.75,0.4286,0.2212,-0.2377,2.7713,0.2458,-0.1981,-0.0259,0.1953,-0.0424,0,0.0,stressor_test_1,stressor_test_1,unmarked
264,2025-08-08 16:07:32.443000,847.15,848.1,849.55,0.95,1.45,2.4,25.0,0.6552,0.3958,0.3167,-0.1594,3.9677,0.3334,-0.1099,-0.0424,0.2743,0.115,1,0.25,stressor_test_1,stressor_test_1,unmarked
265,2025-08-08 16:07:34.838000,849.55,849.9,851.35,0.35,1.45,1.8,33.333,0.2414,0.1944,0.1411,-0.2275,1.7676,0.4031,-0.1569,0.115,0.256,0.0285,0,0.0,stressor_test_1,stressor_test_1,unmarked
266,2025-08-08 16:07:36.636000,851.35,852.45,853.35,1.1,0.9,2.0,30.0,1.2222,0.55,0.1974,-0.2174,2.4734,0.1795,-0.2416,0.0285,0.2259,0.0085,0,0.0,stressor_test_1,stressor_test_1,unmarked
267,2025-08-08 16:07:38.649000,853.35,854.05,855.5,0.7,1.45,2.15,27.907,0.4828,0.3256,0.1926,-0.2589,2.4126,0.2751,-0.1786,0.0085,0.2011,-0.0579,1,0.4,stressor_test_1,stressor_test_1,unmarked
268,2025-08-08 16:07:40.833000,855.5,856.3,856.85,0.8,0.55,1.35,44.444,1.4545,0.5926,0.3,-0.2033,3.7588,0.375,-0.3696,-0.0579,0.2422,0.0389,0,0.0,stressor_test_1,stressor_test_1,unmarked
269,2025-08-08 16:07:42.125000,856.85,857.65,858.15,0.8,0.5,1.3,46.154,1.6,0.6154,0.2537,-0.1937,3.1784,0.3171,-0.3873,0.0389,0.2925,0.0989,0,0.0,stressor_test_1,stressor_test_1,unmarked
270,2025-08-08 16:07:43.449000,858.15,858.5,860.45,0.35,1.95,2.3,26.087,0.1795,0.1522,0.2168,-0.1985,2.7165,0.6195,-0.1018,0.0989,0.3157,0.1172,1,0.4,stressor_test_1,stressor_test_1,unmarked
271,2025-08-08 16:07:45.725000,860.45,860.9,862.1,0.45,1.2,1.65,36.364,0.375,0.2727,0.1083,-0.2324,1.3573,0.2408,-0.1936,0.1172,0.2256,-0.0068,0,0.0,stressor_test_1,stressor_test_1,unmarked
272,2025-08-08 16:07:47.441000,862.1,863.2,864.75,1.1,1.55,2.65,22.642,0.7097,0.4151,0.3343,-0.3273,4.1887,0.3039,-0.2112,-0.0068,0.3276,0.0002,0,0.0,stressor_test_1,stressor_test_1,unmarked
273,2025-08-08 16:07:50.049000,864.75,865.9,867.35,1.15,1.45,2.6,23.077,0.7931,0.4423,0.2134,-0.242,2.6738,0.1856,-0.1669,0.0002,0.2136,-0.0284,0,0.0,stressor_test_1,stressor_test_1,unmarked
274,2025-08-08 16:07:52.632000,867.35,868.4,869.95,1.05,1.55,2.6,23.077,0.6774,0.4038,0.3122,-0.3081,3.9107,0.2973,-0.1988,-0.0284,0.2838,-0.0243,0,0.0,stressor_test_1,stressor_test_1,unmarked
275,2025-08-08 16:07:55.233000,869.95,870.8,871.7,0.85,0.9,1.75,34.286,0.9444,0.4857,0.2903,-0.2695,3.6367,0.3415,-0.2994,-0.0243,0.2659,-0.0036,0,0.0,stressor_test_1,stressor_test_1,unmarked
276,2025-08-08 16:07:57.043000,871.7,872.45,873.35,0.75,0.9,1.65,36.364,0.8333,0.4545,0.2726,-0.2344,3.4155,0.3635,-0.2604,-0.0036,0.2691,0.0347,0,0.0,stressor_test_1,stressor_test_1,unmarked
277,2025-08-08 16:07:58.629000,873.35,874.3,875.85,0.95,1.55,2.5,24.0,0.6129,0.38,0.3627,-0.4098,4.5446,0.3818,-0.2644,0.0347,0.3974,-0.0124,0,0.0,stressor_test_1,stressor_test_1,unmarked
278,2025-08-08 16:08:01.123000,875.85,877.1,878.05,1.25,0.95,2.2,27.273,1.3158,0.5682,0.4133,-0.3526,5.1775,0.3306,-0.3711,-0.0124,0.4009,0.0483,1,0.8,stressor_test_1,stressor_test_1,unmarked
279,2025-08-08 16:08:03.339000,878.05,879.0,880.95,0.95,1.95,2.9,20.69,0.4872,0.3276,0.3573,-0.4361,4.4762,0.3761,-0.2236,0.0483,0.4056,-0.0305,0,0.0,stressor_test_1,stressor_test_1,unmarked
280,2025-08-08 16:08:06.251000,880.95,881.85,882.35,0.9,0.5,1.4,42.857,1.8,0.6429,0.2987,-0.1835,3.7417,0.3318,-0.3671,-0.0305,0.2682,0.0846,1,0.35,stressor_test_1,stressor_test_1,unmarked
281,2025-08-08 16:08:07.629000,882.35,882.7,884.05,0.35,1.35,1.7,35.294,0.2593,0.2059,0.1372,-0.2036,1.7194,0.3921,-0.1508,0.0846,0.2219,0.0183,0,0.0,stressor_test_1,stressor_test_1,unmarked
282,2025-08-08 16:08:09.342000,884.05,884.95,886.3,0.9,1.35,2.25,26.667,0.6667,0.4,0.239,-0.298,2.9948,0.2656,-0.2208,0.0183,0.2573,-0.0407,0,0.0,stressor_test_1,stressor_test_1,unmarked
283,2025-08-08 16:08:11.614000,886.3,887.55,888.05,1.25,0.5,1.75,34.286,2.5,0.7143,0.3231,-0.1254,4.0485,0.2585,-0.2508,-0.0407,0.2825,0.1571,1,0.4,stressor_test_1,stressor_test_1,unmarked
284,2025-08-08 16:08:13.326000,888.05,888.45,891.65,0.4,3.2,3.6,16.667,0.125,0.1111,0.0759,-0.2113,0.9514,0.1898,-0.066,0.1571,0.233,0.0217,0,0.0,stressor_test_1,stressor_test_1,unmarked
285,2025-08-08 16:08:16.923000,891.65,892.5,893.5,0.85,1.0,1.85,32.432,0.85,0.4595,0.2564,-0.29,3.2122,0.3016,-0.29,0.0217,0.2781,-0.0119,0,0.0,stressor_test_1,stressor_test_1,unmarked
286,2025-08-08 16:08:18.847000,893.5,894.85,896.2,1.35,1.35,2.7,22.222,1.0,0.5,0.2635,-0.2834,3.301,0.1952,-0.2099,-0.0119,0.2516,-0.0318,0,0.0,stressor_test_1,stressor_test_1,unmarked
287,2025-08-08 16:08:21.573000,896.2,897.65,899.85,1.45,2.2,3.65,16.438,0.6591,0.3973,0.3942,-0.361,4.939,0.2719,-0.1641,-0.0318,0.3624,0.0014,1,0.75,stressor_test_1,stressor_test_1,unmarked
288,2025-08-08 16:08:25.143000,899.85,900.65,902.0,0.8,1.35,2.15,27.907,0.5926,0.3721,0.2414,-0.3047,3.0245,0.3018,-0.2257,0.0014,0.2428,-0.0619,0,0.0,stressor_test_1,stressor_test_1,unmarked
289,2025-08-08 16:08:27.340000,902.0,903.1,903.85,1.1,0.75,1.85,32.432,1.4667,0.5946,0.3143,-0.1845,3.9371,0.2857,-0.246,-0.0619,0.2524,0.0679,1,0.6,stressor_test_1,stressor_test_1,unmarked
290,2025-08-08 16:08:29.134000,903.85,904.7,906.9,0.85,2.2,3.05,19.672,0.3864,0.2787,0.3071,-0.4152,3.8471,0.3613,-0.1887,0.0679,0.375,-0.0403,1,0.65,stressor_test_1,stressor_test_1,unmarked
291,2025-08-08 16:08:32.229000,906.9,907.8,909.0,0.9,1.2,2.1,28.571,0.75,0.4286,0.3276,-0.3211,4.1038,0.364,-0.2676,-0.0403,0.2873,-0.0338,0,0.0,stressor_test_1,stressor_test_1,unmarked
292,2025-08-08 16:08:34.272000,909.0,909.6,911.9,0.6,2.3,2.9,20.69,0.2609,0.2069,0.3409,-0.139,4.2707,0.5681,-0.0605,-0.0338,0.3071,0.168,1,0.5,stressor_test_1,stressor_test_1,unmarked
293,2025-08-08 16:08:37.302000,911.9,912.75,915.45,0.85,2.7,3.55,16.901,0.3148,0.2394,0.1276,-0.218,1.5984,0.1501,-0.0808,0.168,0.2956,0.0776,1,0.4,stressor_test_1,stressor_test_1,unmarked
294,2025-08-08 16:08:40.839000,915.45,916.3,917.7,0.85,1.4,2.25,26.667,0.6071,0.3778,0.2358,-0.3133,2.9538,0.2774,-0.2238,0.0776,0.3133,0.0,1,0.45,stressor_test_1,stressor_test_1,unmarked
295,2025-08-08 16:08:43.034000,917.7,919.2,922.45,1.5,3.25,4.75,12.632,0.4615,0.3158,0.8078,-0.745,10.1207,0.5385,-0.2292,0.0,0.8078,0.0628,1,0.25,stressor_test_1,stressor_test_1,unmarked
296,2025-08-08 16:08:47.736000,922.45,924.65,927.75,2.2,3.1,5.3,11.321,0.7097,0.4151,0.621,-0.6089,7.7799,0.2823,-0.1964,0.0628,0.6838,0.0749,1,0.45,stressor_test_1,stressor_test_1,unmarked
297,2025-08-08 16:08:53.017000,927.75,929.9,934.0,2.15,4.1,6.25,9.6,0.5244,0.344,0.4278,-0.5137,5.3595,0.199,-0.1253,0.0749,0.5027,-0.0111,0,0.0,stressor_test_1,stressor_test_1,unmarked
298,2025-08-08 16:08:59.349000,934.0,935.0,936.95,1.0,1.95,2.95,20.339,0.5128,0.339,0.1942,-0.2079,2.433,0.1942,-0.1066,-0.0111,0.1831,-0.0248,1,0.75,stressor_test_1,stressor_test_1,unmarked
299,2025-08-08 16:09:02.225000,936.95,939.1,941.2,2.15,2.1,4.25,14.118,1.0238,0.5059,0.3916,-0.3726,4.9062,0.1821,-0.1774,-0.0248,0.3668,-0.0057,0,0.0,stressor_test_1,stressor_test_1,unmarked
300,2025-08-08 16:09:06.548000,941.2,942.3,944.75,1.1,2.45,3.55,16.901,0.449,0.3099,0.37,-0.363,4.6358,0.3364,-0.1482,-0.0057,0.3643,0.0012,1,0.6,stressor_test_1,stressor_test_1,unmarked
301,2025-08-08 16:09:10.034000,944.75,945.9,947.35,1.15,1.45,2.6,23.077,0.7931,0.4423,0.3138,-0.3374,3.9318,0.2729,-0.2327,0.0012,0.3151,-0.0223,0,0.0,stressor_test_1,stressor_test_1,unmarked
302,2025-08-08 16:09:12.635000,947.35,948.45,950.65,1.1,2.2,3.3,18.182,0.5,0.3333,0.425,-0.4013,5.324,0.3863,-0.1824,-0.0223,0.4027,0.0014,0,0.0,stressor_test_1,stressor_test_1,unmarked
303,2025-08-08 16:09:15.934000,950.65,951.65,953.25,1.0,1.6,2.6,23.077,0.625,0.3846,0.2807,-0.3036,3.5173,0.2807,-0.1897,0.0014,0.2821,-0.0214,1,0.3,stressor_test_1,stressor_test_1,unmarked
304,2025-08-08 16:09:18.520000,953.25,954.3,955.45,1.05,1.15,2.2,27.273,0.913,0.4773,0.3464,-0.3137,4.3397,0.3299,-0.2728,-0.0214,0.325,0.0113,0,0.0,stressor_test_1,stressor_test_1,unmarked
305,2025-08-08 16:09:20.734000,955.45,956.05,958.3,0.6,2.25,2.85,21.053,0.2667,0.2105,0.4014,-0.4391,5.0294,0.6691,-0.1952,0.0113,0.4127,-0.0264,1,0.25,stressor_test_1,stressor_test_1,unmarked
306,2025-08-08 16:09:23.620000,958.3,959.25,960.7,0.95,1.45,2.4,25.0,0.6552,0.3958,0.4015,-0.3935,5.0297,0.4226,-0.2714,-0.0264,0.3751,-0.0184,0,0.0,stressor_test_1,stressor_test_1,unmarked
307,2025-08-08 16:09:26.019000,960.7,962.05,966.05,1.35,4.0,5.35,11.215,0.3375,0.2523,0.4382,-0.4214,5.4904,0.3246,-0.1053,-0.0184,0.4198,-0.0016,0,0.0,stressor_test_1,stressor_test_1,unmarked
308,2025-08-08 16:09:31.328000,966.05,966.95,968.45,0.9,1.5,2.4,25.0,0.6,0.375,0.3207,-0.3425,4.0184,0.3564,-0.2284,-0.0016,0.3192,-0.0234,0,0.0,stressor_test_1,stressor_test_1,unmarked
309,2025-08-08 16:09:33.723000,968.45,969.6,972.3,1.15,2.7,3.85,15.584,0.4259,0.2987,0.38,-0.181,4.7605,0.3304,-0.067,-0.0234,0.3566,0.1756,0,0.0,stressor_test_1,stressor_test_1,unmarked
310,2025-08-08 16:09:37.627000,972.3,973.1,974.35,0.8,1.25,2.05,29.268,0.64,0.3902,0.2938,-0.3781,3.6807,0.3672,-0.3025,0.1756,0.4694,0.0913,0,0.0,stressor_test_1,stressor_test_1,unmarked
311,2025-08-08 16:09:39.642000,974.35,976.25,979.05,1.9,2.8,4.7,12.766,0.6786,0.4043,0.4354,-0.5038,5.4543,0.2291,-0.1799,0.0913,0.5266,0.0228,0,0.0,stressor_test_1,stressor_test_1,unmarked
312,2025-08-08 16:09:44.320000,979.05,979.95,981.55,0.9,1.6,2.5,24.0,0.5625,0.36,0.2847,-0.3073,3.5666,0.3163,-0.1921,0.0228,0.3075,0.0001,1,0.45,stressor_test_1,stressor_test_1,unmarked
313,2025-08-08 16:09:46.841000,981.55,982.45,983.25,0.9,0.8,1.7,35.294,1.125,0.5294,0.3274,-0.2186,4.1014,0.3637,-0.2733,0.0001,0.3275,0.1089,0,0.0,stressor_test_1,stressor_test_1,unmarked
314,2025-08-08 16:09:48.525000,983.25,984.05,985.75,0.8,1.7,2.5,24.0,0.4706,0.32,0.3898,-0.3773,4.8834,0.4872,-0.2219,0.1089,0.4986,0.1214,0,0.0,stressor_test_1,stressor_test_1,unmarked
315,2025-08-08 16:09:51.036000,985.75,987.85,990.75,2.1,2.9,5.0,12.0,0.7241,0.42,0.3223,-0.4207,4.0378,0.1535,-0.1451,0.1214,0.4437,0.023,0,0.0,stressor_test_1,stressor_test_1,unmarked
316,2025-08-08 16:09:56.023000,990.75,991.55,992.95,0.8,1.4,2.2,27.273,0.5714,0.3636,0.252,-0.3305,3.1574,0.315,-0.236,0.023,0.275,-0.0555,0,0.0,stressor_test_1,stressor_test_1,unmarked
317,2025-08-08 16:09:58.239000,992.95,994.55,997.15,1.6,2.6,4.2,14.286,0.6154,0.381,0.4297,-0.4248,5.3833,0.2686,-0.1634,-0.0555,0.3742,-0.0506,0,0.0,stressor_test_1,stressor_test_1,unmarked
318,2025-08-08 16:10:02.440000,997.15,998.05,999.65,0.9,1.6,2.5,24.0,0.5625,0.36,0.3153,-0.3469,3.9501,0.3503,-0.2168,-0.0506,0.2647,-0.0822,0,0.0,stressor_test_1,stressor_test_1,unmarked
319,2025-08-08 16:10:04.927000,999.65,1000.85,1001.85,1.2,1.0,2.2,27.273,1.2,0.5455,0.3097,-0.2895,3.8805,0.2581,-0.2895,-0.0822,0.2276,-0.062,0,0.0,stressor_test_1,stressor_test_1,unmarked
320,2025-08-08 16:10:07.122000,1001.85,1002.55,1004.65,0.7,2.1,2.8,21.429,0.3333,0.25,0.4006,-0.3937,5.0191,0.5723,-0.1875,-0.062,0.3387,-0.0551,1,0.45,stressor_test_1,stressor_test_1,unmarked
321,2025-08-08 16:10:09.934000,1004.65,1005.55,1007.0,0.9,1.45,2.35,25.532,0.6207,0.383,0.2795,-0.3256,3.5019,0.3106,-0.2246,-0.0551,0.2244,-0.1012,0,0.0,stressor_test_1,stressor_test_1,unmarked
322,2025-08-08 16:10:12.335000,1007.0,1007.95,1009.25,0.95,1.3,2.25,26.667,0.7308,0.4222,0.3534,-0.3229,4.4281,0.372,-0.2484,-0.1012,0.2523,-0.0706,0,0.0,stressor_test_1,stressor_test_1,unmarked
323,2025-08-08 16:10:14.529000,1009.25,1010.65,1011.2,1.4,0.55,1.95,30.769,2.5455,0.7179,0.3965,-0.1768,4.9674,0.2832,-0.3214,-0.0706,0.3259,0.1491,1,0.4,stressor_test_1,stressor_test_1,unmarked
324,2025-08-08 16:10:16.480000,1011.2,1012.15,1014.4,0.95,2.25,3.2,18.75,0.4222,0.2969,0.3233,-0.4774,4.0502,0.3403,-0.2122,0.1491,0.4724,-0.005,0,0.0,stressor_test_1,stressor_test_1,unmarked
325,2025-08-08 16:10:19.752000,1014.4,1015.15,1017.65,0.75,2.5,3.25,18.462,0.3,0.2308,0.4107,-0.1999,5.1452,0.5476,-0.08,-0.005,0.4057,0.2058,1,0.35,stressor_test_1,stressor_test_1,unmarked
326,2025-08-08 16:10:22.928000,1017.65,1018.2,1018.95,0.55,0.75,1.3,46.154,0.7333,0.4231,0.127,-0.2785,1.5909,0.2309,-0.3713,0.2058,0.3328,0.0543,1,0.6,stressor_test_1,stressor_test_1,unmarked
327,2025-08-08 16:10:24.340000,1018.95,1019.85,1021.25,0.9,1.4,2.3,26.087,0.6429,0.3913,0.2949,-0.3056,3.6952,0.3277,-0.2183,0.0543,0.3492,0.0437,0,0.0,stressor_test_1,stressor_test_1,unmarked
328,2025-08-08 16:10:26.525000,1021.25,1022.1,1022.85,0.85,0.75,1.6,37.5,1.1333,0.5313,0.2479,-0.2091,3.1054,0.2916,-0.2788,0.0437,0.2915,0.0824,0,0.0,stressor_test_1,stressor_test_1,unmarked
329,2025-08-08 16:10:28.238000,1022.85,1023.85,1028.05,1.0,4.2,5.2,11.538,0.2381,0.1923,0.5772,-0.5403,7.2308,0.5772,-0.1287,0.0824,0.6596,0.1193,0,0.0,stressor_test_1,stressor_test_1,unmarked
330,2025-08-08 16:10:33.335000,1028.05,1029.0,1030.55,0.95,1.55,2.5,24.0,0.6129,0.38,0.3035,-0.392,3.8026,0.3195,-0.2529,0.1193,0.4228,0.0308,0,0.0,stressor_test_1,stressor_test_1,unmarked
331,2025-08-08 16:10:35.828000,1030.55,1031.6,1032.75,1.05,1.15,2.2,27.273,0.913,0.4773,0.3196,-0.2485,4.0043,0.3044,-0.2161,0.0308,0.3504,0.1019,0,0.0,stressor_test_1,stressor_test_1,unmarked
332,2025-08-08 16:10:38.023000,1032.75,1033.5,1034.85,0.75,1.35,2.1,28.571,0.5556,0.3571,0.328,-0.4225,4.1097,0.4374,-0.3129,0.1019,0.4299,0.0074,0,0.0,stressor_test_1,stressor_test_1,unmarked
333,2025-08-08 16:10:40.148000,1034.85,1035.6,1037.45,0.75,1.85,2.6,23.077,0.4054,0.2885,0.4192,-0.4275,5.2519,0.5589,-0.2311,0.0074,0.4266,-0.0008,0,0.0,stressor_test_1,stressor_test_1,unmarked
334,2025-08-08 16:10:42.729000,1037.45,1037.95,1039.6,0.5,1.65,2.15,27.907,0.303,0.2326,0.2365,-0.2547,2.9636,0.4731,-0.1544,-0.0008,0.2357,-0.019,1,0.55,stressor_test_1,stressor_test_1,unmarked
335,2025-08-08 16:10:44.952000,1039.6,1040.4,1041.65,0.8,1.25,2.05,29.268,0.64,0.3902,0.2703,-0.2959,3.3867,0.3379,-0.2367,-0.019,0.2514,-0.0445,0,0.0,stressor_test_1,stressor_test_1,unmarked
336,2025-08-08 16:10:46.932000,1041.65,1043.35,1044.6,1.7,1.25,2.95,20.339,1.36,0.5763,0.3524,-0.3082,4.4144,0.2073,-0.2465,-0.0445,0.3079,-0.0003,0,0.0,stressor_test_1,stressor_test_1,unmarked
337,2025-08-08 16:10:49.927000,1044.6,1045.45,1047.95,0.85,2.5,3.35,17.91,0.34,0.2537,0.3411,-0.3837,4.2739,0.4013,-0.1535,-0.0003,0.3408,-0.0429,0,0.0,stressor_test_1,stressor_test_1,unmarked
338,2025-08-08 16:10:53.224000,1047.95,1051.05,1057.45,3.1,6.4,9.5,6.316,0.4844,0.3263,1.7138,-1.7132,21.4713,0.5528,-0.2677,-0.0429,1.6709,-0.0423,0,0.0,stressor_test_1,stressor_test_1,unmarked
339,2025-08-08 16:11:02.736000,1057.45,1058.8,1062.4,1.35,3.6,4.95,12.121,0.375,0.2727,0.4563,-0.4642,5.7166,0.338,-0.1289,-0.0423,0.414,-0.0501,0,0.0,stressor_test_1,stressor_test_1,unmarked
340,2025-08-08 16:11:07.714000,1062.4,1063.25,1065.85,0.85,2.6,3.45,17.391,0.3269,0.2464,0.2341,-0.247,2.9326,0.2754,-0.095,-0.0501,0.1839,-0.063,1,1.05,stressor_test_1,stressor_test_1,unmarked
341,2025-08-08 16:11:11.228000,1065.85,1067.05,1068.75,1.2,1.7,2.9,20.69,0.7059,0.4138,0.3413,-0.323,4.2755,0.2844,-0.19,-0.063,0.2782,-0.0448,1,0.3,stressor_test_1,stressor_test_1,unmarked
342,2025-08-08 16:11:14.025000,1068.75,1069.45,1071.25,0.7,1.8,2.5,24.0,0.3889,0.28,0.1809,-0.1618,2.2659,0.2584,-0.0899,-0.0448,0.1361,-0.0258,0,0.0,stressor_test_1,stressor_test_1,unmarked
343,2025-08-08 16:11:16.534000,1071.25,1072.85,1074.35,1.6,1.5,3.1,19.355,1.0667,0.5161,0.2577,-0.2632,3.2291,0.1611,-0.1755,-0.0258,0.232,-0.0312,0,0.0,stressor_test_1,stressor_test_1,unmarked
344,2025-08-08 16:11:19.626000,1074.35,1075.85,1078.55,1.5,2.7,4.2,14.286,0.5556,0.3571,0.4548,-0.4141,5.6982,0.3032,-0.1534,-0.0312,0.4236,0.0095,0,0.0,stressor_test_1,stressor_test_1,unmarked
345,2025-08-08 16:11:23.826000,1078.55,1079.55,1081.25,1.0,1.7,2.7,22.222,0.5882,0.3704,0.2591,-0.2923,3.2458,0.2591,-0.1719,0.0095,0.2685,-0.0237,1,0.45,stressor_test_1,stressor_test_1,unmarked
346,2025-08-08 16:11:26.527000,1081.25,1082.25,1083.9,1.0,1.65,2.65,22.642,0.6061,0.3774,0.2906,-0.3007,3.6405,0.2906,-0.1823,-0.0237,0.2669,-0.0338,0,0.0,stressor_test_1,stressor_test_1,unmarked
347,2025-08-08 16:11:29.227000,1083.9,1085.3,1087.7,1.4,2.4,3.8,15.789,0.5833,0.3684,0.4373,-0.3242,5.4781,0.3123,-0.1351,-0.0338,0.4034,0.0792,1,0.95,stressor_test_1,stressor_test_1,unmarked
348,2025-08-08 16:11:33.036000,1087.7,1088.55,1090.5,0.85,1.95,2.8,21.429,0.4359,0.3036,0.2545,-0.2185,3.1882,0.2994,-0.112,0.0792,0.3337,0.1153,0,0.0,stressor_test_1,stressor_test_1,unmarked
349,2025-08-08 16:11:35.825000,1090.5,1091.2,1093.05,0.7,1.85,2.55,23.529,0.3784,0.2745,0.2519,-0.3619,3.1564,0.3599,-0.1956,0.1153,0.3672,0.0053,0,0.0,stressor_test_1,stressor_test_1,unmarked
350,2025-08-08 16:11:38.322000,1093.05,1093.8,1094.7,0.75,0.9,1.65,36.364,0.8333,0.4545,0.2438,-0.225,3.0546,0.3251,-0.25,0.0053,0.2491,0.024,0,0.0,stressor_test_1,stressor_test_1,unmarked
351,2025-08-08 16:11:40.027000,1094.7,1096.05,1097.95,1.35,1.9,3.25,18.462,0.7105,0.4154,0.4486,-0.5217,5.6197,0.3323,-0.2746,0.024,0.4726,-0.0491,1,0.7,stressor_test_1,stressor_test_1,unmarked
352,2025-08-08 16:11:43.238000,1097.95,1098.55,1099.75,0.6,1.2,1.8,33.333,0.5,0.3333,0.3882,-0.3364,4.8638,0.647,-0.2803,-0.0491,0.3391,0.0027,0,0.0,stressor_test_1,stressor_test_1,unmarked
353,2025-08-08 16:11:45.134000,1099.75,1100.75,1101.85,1.0,1.1,2.1,28.571,0.9091,0.4762,0.3189,-0.3172,3.9949,0.3189,-0.2884,0.0027,0.3216,0.0044,0,0.0,stressor_test_1,stressor_test_1,unmarked
354,2025-08-08 16:11:47.235000,1101.85,1103.35,1105.75,1.5,2.4,3.9,15.385,0.625,0.3846,0.4936,-0.5156,6.1836,0.329,-0.2148,0.0044,0.4979,-0.0176,0,0.0,stressor_test_1,stressor_test_1,unmarked
355,2025-08-08 16:11:51.127000,1105.75,1108.35,1110.65,2.6,2.3,4.9,12.245,1.1304,0.5306,0.3536,-0.3689,4.4302,0.136,-0.1604,-0.0176,0.336,-0.0329,0,0.0,stressor_test_1,stressor_test_1,unmarked
356,2025-08-08 16:11:55.930000,1110.65,1111.65,1112.75,1.0,1.1,2.1,28.571,0.9091,0.4762,0.2625,-0.2153,3.2882,0.2625,-0.1957,-0.0329,0.2295,0.0142,0,0.0,stressor_test_1,stressor_test_1,unmarked
357,2025-08-08 16:11:58.032000,1112.75,1113.75,1116.35,1.0,2.6,3.6,16.667,0.3846,0.2778,0.3589,-0.3717,4.4968,0.3589,-0.143,0.0142,0.3731,0.0014,0,0.0,stressor_test_1,stressor_test_1,unmarked
358,2025-08-08 16:12:01.628000,1116.35,1117.25,1119.05,0.9,1.8,2.7,22.222,0.5,0.3333,0.2383,-0.2805,2.9857,0.2648,-0.1558,0.0014,0.2397,-0.0408,1,0.7,stressor_test_1,stressor_test_1,unmarked
359,2025-08-08 16:12:04.330000,1119.05,1120.15,1121.4,1.1,1.25,2.35,25.532,0.88,0.4681,0.386,-0.3055,4.8365,0.3509,-0.2444,-0.0408,0.3453,0.0398,0,0.0,stressor_test_1,stressor_test_1,unmarked
360,2025-08-08 16:12:06.734000,1121.4,1122.55,1124.8,1.15,2.25,3.4,17.647,0.5111,0.3382,0.4065,-0.4326,5.0924,0.3535,-0.1923,0.0398,0.4462,0.0136,0,0.0,stressor_test_1,stressor_test_1,unmarked
361,2025-08-08 16:12:10.124000,1124.8,1125.65,1126.95,0.85,1.3,2.15,27.907,0.6538,0.3953,0.2882,-0.3021,3.6109,0.3391,-0.2324,0.0136,0.3018,-0.0003,0,0.0,stressor_test_1,stressor_test_1,unmarked
362,2025-08-08 16:12:12.218000,1126.95,1129.35,1131.75,2.4,2.4,4.8,12.5,1.0,0.5,0.4033,-0.395,5.0526,0.168,-0.1646,-0.0003,0.403,0.008,0,0.0,stressor_test_1,stressor_test_1,unmarked
363,2025-08-08 16:12:17.138000,1131.75,1132.65,1134.0,0.9,1.35,2.25,26.667,0.6667,0.4,0.2872,-0.3445,3.5984,0.3191,-0.2552,0.008,0.2952,-0.0493,0,0.0,stressor_test_1,stressor_test_1,unmarked
364,2025-08-08 16:12:19.331000,1134.0,1135.55,1136.85,1.55,1.3,2.85,21.053,1.1923,0.5439,0.4226,-0.3469,5.2941,0.2726,-0.2668,-0.0493,0.3733,0.0264,0,0.0,stressor_test_1,stressor_test_1,unmarked
365,2025-08-08 16:12:22.125000,1136.85,1137.65,1140.15,0.8,2.5,3.3,18.182,0.32,0.2424,0.3524,-0.3448,4.4156,0.4406,-0.1379,0.0264,0.3788,0.034,0,0.0,subject_idle,subject_idle,unmarked
366,2025-08-08 16:12:25.505000,1140.15,1140.45,1140.95,0.3,0.5,0.8,75.0,0.6,0.375,0.1646,-0.172,2.0626,0.5488,-0.344,0.034,0.1986,0.0266,0,0.0,subject_idle,subject_idle,unmarked
367,2025-08-08 16:12:26.228000,1140.95,1142.05,1144.15,1.1,2.1,3.2,18.75,0.5238,0.3437,0.6574,-0.6198,8.2359,0.5976,-0.2951,0.0266,0.684,0.0642,0,0.0,subject_idle,subject_idle,unmarked
368,2025-08-08 16:12:29.563000,1144.15,1146.65,1148.95,2.5,2.3,4.8,12.5,1.087,0.5208,0.5042,-0.5693,6.3173,0.2017,-0.2475,0.0642,0.5685,-0.0009,1,0.45,subject_idle,subject_idle,unmarked
369,2025-08-08 16:12:34.245000,1148.95,1149.65,1152.0,0.7,2.35,3.05,19.672,0.2979,0.2295,1.4322,-1.4735,17.9425,2.0459,-0.627,-0.0009,1.4313,-0.0423,1,0.7,subject_idle,subject_idle,unmarked
370,2025-08-08 16:12:37.328000,1152.0,1155.55,1159.65,3.55,4.1,7.65,7.843,0.8659,0.4641,1.6235,-1.6461,20.3399,0.4573,-0.4015,-0.0423,1.5812,-0.0649,0,0.0,sart_2,sart_2,unmarked
371,2025-08-08 16:12:44.924000,1159.65,1161.6,1163.4,1.95,1.8,3.75,16.0,1.0833,0.52,0.3349,-0.3316,4.1963,0.1718,-0.1842,-0.0649,0.27,-0.0615,0,0.0,sart_2,sart_2,unmarked
372,2025-08-08 16:12:48.727000,1163.4,1164.55,1167.55,1.15,3.0,4.15,14.458,0.3833,0.2771,0.2406,-0.2353,3.0149,0.2093,-0.0784,-0.0615,0.1791,-0.0562,0,0.0,sart_2,sart_2,unmarked
373,2025-08-08 16:12:52.834000,1167.55,1168.55,1170.85,1.0,2.3,3.3,18.182,0.4348,0.303,0.209,-0.2069,2.6188,0.209,-0.0899,-0.0562,0.1529,-0.054,0,0.0,sart_2,sart_2,unmarked
374,2025-08-08 16:12:56.138000,1170.85,1171.95,1173.35,1.1,1.4,2.5,24.0,0.7857,0.44,0.2845,-0.2382,3.5642,0.2586,-0.1701,-0.054,0.2305,-0.0077,0,0.0,sart_2,sart_2,unmarked
375,2025-08-08 16:12:58.636000,1173.35,1174.35,1176.35,1.0,2.0,3.0,20.0,0.5,0.3333,0.3124,-0.3276,3.9133,0.3124,-0.1638,-0.0077,0.3046,-0.023,0,0.0,sart_2,sart_2,unmarked
376,2025-08-08 16:13:01.627000,1176.35,1177.55,1179.25,1.2,1.7,2.9,20.69,0.7059,0.4138,0.3575,-0.3683,4.4791,0.2979,-0.2166,-0.023,0.3345,-0.0338,0,0.0,sart_2,sart_2,unmarked
377,2025-08-08 16:13:04.635000,1179.25,1180.35,1181.85,1.1,1.5,2.6,23.077,0.7333,0.4231,0.3274,-0.1767,4.1022,0.2977,-0.1178,-0.0338,0.2937,0.117,0,0.0,sart_2,sart_2,unmarked
378,2025-08-08 16:13:07.124000,1181.85,1182.75,1183.3,0.9,0.55,1.45,41.379,1.6364,0.6207,0.2253,-0.1761,2.8222,0.2503,-0.3201,0.117,0.3423,0.1662,0,0.0,sart_2,sart_2,unmarked
379,2025-08-08 16:13:08.654000,1183.3,1183.6,1185.3,0.3,1.7,2.0,30.0,0.1765,0.15,0.2893,-0.4243,3.6247,0.9644,-0.2496,0.1662,0.4555,0.0312,0,0.0,sart_2,sart_2,unmarked
380,2025-08-08 16:13:10.626000,1185.3,1186.9,1189.85,1.6,2.95,4.55,13.187,0.5424,0.3516,0.3826,-0.4156,4.7931,0.2391,-0.1409,0.0312,0.4138,-0.0018,0,0.0,sart_2,sart_2,unmarked
381,2025-08-08 16:13:15.125000,1189.85,1191.15,1193.6,1.3,2.45,3.75,16.0,0.5306,0.3467,0.377,-0.3725,4.7226,0.29,-0.152,-0.0018,0.3752,0.0027,0,0.0,sart_2,sart_2,unmarked
382,2025-08-08 16:13:18.939000,1193.6,1194.55,1196.7,0.95,2.15,3.1,19.355,0.4419,0.3065,0.2364,-0.2673,2.9612,0.2488,-0.1243,0.0027,0.239,-0.0283,0,0.0,sart_2,sart_2,unmarked
383,2025-08-08 16:13:22.027000,1196.7,1197.65,1199.15,0.95,1.5,2.45,24.49,0.6333,0.3878,0.2996,-0.3024,3.7534,0.3154,-0.2016,-0.0283,0.2713,-0.0311,0,0.0,sart_2,sart_2,unmarked
384,2025-08-08 16:13:24.427000,1199.15,1202.15,1204.4,3.0,2.25,5.25,11.429,1.3333,0.5714,0.5199,-0.5243,6.5129,0.1733,-0.233,-0.0311,0.4887,-0.0356,1,0.3,sart_2,sart_2,unmarked
385,2025-08-08 16:13:29.744000,1204.4,1205.2,1207.85,0.8,2.65,3.45,17.391,0.3019,0.2319,0.3104,-0.2568,3.8892,0.388,-0.0969,-0.0356,0.2748,0.018,1,1.35,sart_2,sart_2,unmarked
386,2025-08-08 16:13:33.126000,1207.85,1209.4,1210.95,1.55,1.55,3.1,19.355,1.0,0.5,0.2819,-0.2954,3.532,0.1819,-0.1905,0.018,0.2999,0.0046,0,0.0,sart_2,sart_2,unmarked
387,2025-08-08 16:13:36.339000,1210.95,1212.05,1213.65,1.1,1.6,2.7,22.222,0.6875,0.4074,0.2877,-0.2571,3.6039,0.2615,-0.1607,0.0046,0.2922,0.0351,0,0.0,sart_2,sart_2,unmarked
388,2025-08-08 16:13:38.950000,1213.65,1214.6,1217.15,0.95,2.55,3.5,17.143,0.3725,0.2714,0.3599,-0.3034,4.5095,0.3789,-0.119,0.0351,0.395,0.0917,1,0.35,sart_2,sart_2,unmarked
389,2025-08-08 16:13:42.432000,1217.15,1219.95,1223.35,2.8,3.4,6.2,9.677,0.8235,0.4516,0.5686,-0.5849,7.1241,0.2031,-0.172,0.0917,0.6603,0.0754,0,0.0,sart_2,sart_2,unmarked
390,2025-08-08 16:13:48.644000,1223.35,1224.2,1226.15,0.85,1.95,2.8,21.429,0.4359,0.3036,0.305,-0.2092,3.8217,0.3589,-0.1073,0.0754,0.3804,0.1712,0,0.0,sart_2,sart_2,unmarked
391,2025-08-08 16:13:51.430000,1226.15,1226.85,1228.65,0.7,1.8,2.5,24.0,0.3889,0.28,0.3663,-0.5039,4.5895,0.5233,-0.2799,0.1712,0.5375,0.0337,0,0.0,sart_2,sart_2,unmarked
392,2025-08-08 16:13:53.919000,1228.65,1230.15,1232.45,1.5,2.3,3.8,15.789,0.6522,0.3947,0.4542,-0.5109,5.6899,0.3028,-0.2222,0.0337,0.4878,-0.0231,0,0.0,sart_2,sart_2,unmarked
393,2025-08-08 16:13:57.729000,1232.45,1233.95,1235.85,1.5,1.9,3.4,17.647,0.7895,0.4412,0.4379,-0.4378,5.4863,0.2919,-0.2304,-0.0231,0.4148,-0.023,0,0.0,sart_2,sart_2,unmarked
394,2025-08-08 16:14:01.122000,1235.85,1236.95,1238.4,1.1,1.45,2.55,23.529,0.7586,0.4314,0.4098,-0.3763,5.1347,0.3726,-0.2595,-0.023,0.3868,0.0105,0,0.0,sart_2,sart_2,unmarked
395,2025-08-08 16:14:03.728000,1238.4,1239.65,1241.25,1.25,1.6,2.85,21.053,0.7813,0.4386,0.2938,-0.3081,3.6813,0.2351,-0.1925,0.0105,0.3044,-0.0037,1,0.4,sart_2,sart_2,unmarked
396,2025-08-08 16:14:06.553000,1241.25,1242.25,1243.45,1.0,1.2,2.2,27.273,0.8333,0.4545,0.2976,-0.2862,3.7284,0.2976,-0.2385,-0.0037,0.2939,0.0077,0,0.0,sart_2,sart_2,unmarked
397,2025-08-08 16:14:08.835000,1243.45,1245.05,1246.35,1.6,1.3,2.9,20.69,1.2308,0.5517,0.3342,-0.3323,4.1867,0.2089,-0.2556,0.0077,0.3418,0.0096,0,0.0,sart_2,sart_2,unmarked
398,2025-08-08 16:14:11.617000,1246.35,1247.75,1249.35,1.4,1.6,3.0,20.0,0.875,0.4667,0.3052,-0.3182,3.8239,0.218,-0.1989,0.0096,0.3148,-0.0034,1,0.55,sart_2,sart_2,unmarked
399,2025-08-08 16:14:14.619000,1249.35,1250.3,1251.65,0.95,1.35,2.3,26.087,0.7037,0.413,0.3221,-0.324,4.0354,0.3391,-0.24,-0.0034,0.3187,-0.0053,0,0.0,sart_2,sart_2,unmarked
400,2025-08-08 16:14:16.935000,1251.65,1253.0,1254.55,1.35,1.55,2.9,20.69,0.871,0.4655,0.3175,-0.3101,3.9771,0.2351,-0.2001,-0.0053,0.3122,0.0021,0,0.0,sart_2,sart_2,unmarked
401,2025-08-08 16:14:19.841000,1254.55,1255.45,1257.15,0.9,1.7,2.6,23.077,0.5294,0.3462,0.3089,-0.3053,3.8694,0.3432,-0.1796,0.0021,0.3109,0.0056,0,0.0,sart_2,sart_2,unmarked
402,2025-08-08 16:14:22.449000,1257.15,1260.9,1267.85,3.75,6.95,10.7,5.607,0.5396,0.3505,1.3346,-1.3402,16.7203,0.3559,-0.1928,0.0056,1.3402,-0.0,1,0.75,sart_2,sart_2,unmarked
403,2025-08-08 16:14:33.136000,1267.85,1268.75,1270.95,0.9,2.2,3.1,19.355,0.4091,0.2903,0.2592,-0.2521,3.2476,0.288,-0.1146,-0.0,0.2592,0.0071,1,0.6,sart_2,sart_2,unmarked
404,2025-08-08 16:14:36.338000,1270.95,1271.95,1274.15,1.0,2.2,3.2,18.75,0.4545,0.3125,0.2378,-0.244,2.9788,0.2378,-0.1109,0.0071,0.2448,0.0008,1,0.55,sart_2,sart_2,unmarked
405,2025-08-08 16:14:39.430000,1274.15,1275.05,1276.6,0.9,1.55,2.45,24.49,0.5806,0.3673,0.2291,-0.2339,2.8697,0.2545,-0.1509,0.0008,0.2299,-0.004,0,0.0,sart_2,sart_2,unmarked
406,2025-08-08 16:14:41.917000,1276.6,1278.15,1279.6,1.55,1.45,3.0,20.0,1.069,0.5167,0.2174,-0.2751,2.7231,0.1402,-0.1897,-0.004,0.2133,-0.0618,0,0.0,sart_2,sart_2,unmarked
407,2025-08-08 16:14:44.922000,1279.6,1281.1,1282.7,1.5,1.6,3.1,19.355,0.9375,0.4839,0.3475,-0.2827,4.3533,0.2317,-0.1767,-0.0618,0.2857,0.003,1,0.4,sart_2,sart_2,unmarked
408,2025-08-08 16:14:48.008000,1282.7,1283.95,1285.6,1.25,1.65,2.9,20.69,0.7576,0.431,0.3035,-0.3152,3.8022,0.2428,-0.1911,0.003,0.3065,-0.0087,0,0.0,sart_2,sart_2,unmarked
409,2025-08-08 16:14:50.949000,1285.6,1287.25,1288.75,1.65,1.5,3.15,19.048,1.1,0.5238,0.3123,-0.3035,3.9122,0.1893,-0.2023,-0.0087,0.3035,0.0,0,0.0,sart_2,sart_2,unmarked
410,2025-08-08 16:14:54.042000,1288.75,1290.25,1291.6,1.5,1.35,2.85,21.053,1.1111,0.5263,0.2336,-0.2377,2.9267,0.1557,-0.176,0.0,0.2336,-0.004,0,0.0,sart_2,sart_2,unmarked
411,2025-08-08 16:14:56.952000,1291.6,1292.85,1294.65,1.25,1.8,3.05,19.672,0.6944,0.4098,0.2238,-0.2378,2.8036,0.179,-0.1321,-0.004,0.2198,-0.0181,0,0.0,sart_2,sart_2,unmarked
412,2025-08-08 16:14:59.918000,1294.65,1295.8,1296.85,1.15,1.05,2.2,27.273,1.0952,0.5227,0.3059,-0.239,3.8328,0.266,-0.2277,-0.0181,0.2879,0.0488,0,0.0,sart_2,sart_2,unmarked
413,2025-08-08 16:15:02.141000,1296.85,1297.4,1299.35,0.55,1.95,2.5,24.0,0.2821,0.22,0.2942,-0.343,3.6864,0.535,-0.1759,0.0488,0.3431,0.0,1,0.4,sart_2,sart_2,unmarked
414,2025-08-08 16:15:04.628000,1299.35,1300.25,1302.3,0.9,2.05,2.95,20.339,0.439,0.3051,0.3021,-0.3114,3.7854,0.3357,-0.1519,0.0,0.3022,-0.0092,1,0.7,sart_2,sart_2,unmarked
415,2025-08-08 16:15:07.628000,1302.3,1303.15,1304.35,0.85,1.2,2.05,29.268,0.7083,0.4146,0.2942,-0.2845,3.6863,0.3462,-0.2371,-0.0092,0.2851,0.0005,0,0.0,sart_2,sart_2,unmarked
416,2025-08-08 16:15:09.734000,1304.35,1305.95,1307.65,1.6,1.7,3.3,18.182,0.9412,0.4848,0.2895,-0.2863,3.6272,0.1809,-0.1684,0.0005,0.2901,0.0038,0,0.0,sart_2,sart_2,unmarked
417,2025-08-08 16:15:13.028000,1307.65,1308.85,1310.5,1.2,1.65,2.85,21.053,0.7273,0.4211,0.2946,-0.2982,3.6914,0.2455,-0.1807,0.0038,0.2984,0.0003,1,0.3,sart_2,sart_2,unmarked
418,2025-08-08 16:15:15.820000,1310.5,1311.55,1312.95,1.05,1.4,2.45,24.49,0.75,0.4286,0.2886,-0.2878,3.6157,0.2749,-0.2056,0.0003,0.2889,0.0011,0,0.0,sart_2,sart_2,unmarked
419,2025-08-08 16:15:18.225000,1312.95,1314.35,1315.85,1.4,1.5,2.9,20.69,0.9333,0.4828,0.2846,-0.2826,3.5655,0.2033,-0.1884,0.0011,0.2856,0.003,0,0.0,sart_2,sart_2,unmarked
420,2025-08-08 16:15:21.126000,1315.85,1316.85,1318.35,1.0,1.5,2.5,24.0,0.6667,0.4,0.2857,-0.2702,3.5795,0.2857,-0.1801,0.003,0.2888,0.0185,0,0.0,sart_2,sart_2,unmarked
421,2025-08-08 16:15:23.624000,1318.35,1319.45,1320.95,1.1,1.5,2.6,23.077,0.7333,0.4231,0.2788,-0.3005,3.493,0.2535,-0.2004,0.0185,0.2974,-0.0032,0,0.0,sart_2,sart_2,unmarked
422,2025-08-08 16:15:26.229000,1320.95,1322.05,1323.3,1.1,1.25,2.35,25.532,0.88,0.4681,0.272,-0.2658,3.4081,0.2473,-0.2126,-0.0032,0.2688,0.003,0,0.0,sart_2,sart_2,unmarked
423,2025-08-08 16:15:28.631000,1323.3,1324.6,1325.85,1.3,1.25,2.55,23.529,1.04,0.5098,0.2928,-0.3018,3.6682,0.2252,-0.2414,0.003,0.2958,-0.0059,0,0.0,sart_2,sart_2,unmarked
424,2025-08-08 16:15:31.119000,1325.85,1327.0,1328.55,1.15,1.55,2.7,22.222,0.7419,0.4259,0.3014,-0.3263,3.7756,0.2621,-0.2105,-0.0059,0.2954,-0.0309,0,0.0,sart_2,sart_2,unmarked
425,2025-08-08 16:15:33.937000,1328.55,1329.45,1330.75,0.9,1.3,2.2,27.273,0.6923,0.4091,0.2542,-0.2701,3.1851,0.2825,-0.2078,-0.0309,0.2234,-0.0467,0,0.0,sart_2,sart_2,unmarked
426,2025-08-08 16:15:36.040000,1330.75,1331.75,1333.25,1.0,1.5,2.5,24.0,0.6667,0.4,0.2698,-0.3065,3.3806,0.2698,-0.2043,-0.0467,0.2231,-0.0833,0,0.0,sart_2,sart_2,unmarked
427,2025-08-08 16:15:38.534000,1333.25,1334.45,1335.9,1.2,1.45,2.65,22.642,0.8276,0.4528,0.4102,-0.3292,5.1394,0.3418,-0.227,-0.0833,0.3269,-0.0023,0,0.0,sart_2,sart_2,unmarked
428,2025-08-08 16:15:41.226000,1335.9,1337.25,1338.45,1.35,1.2,2.55,23.529,1.125,0.5294,0.6042,-0.5041,7.5698,0.4476,-0.4201,-0.0023,0.6019,0.0978,0,0.0,sart_2,sart_2,unmarked
429,2025-08-08 16:15:43.724000,1338.45,1340.15,1340.55,1.7,0.4,2.1,28.571,4.25,0.8095,0.6548,-0.2663,8.204,0.3852,-0.6658,0.0978,0.7527,0.4863,0,0.0,sart_2,sart_2,unmarked
430,2025-08-08 16:15:45.818000,1340.55,1341.05,1341.7,0.5,0.65,1.15,52.174,0.7692,0.4348,0.8089,-1.3544,10.1346,1.6179,-2.0836,0.4863,1.2953,-0.0591,0,0.0,sart_2,sart_2,unmarked
431,2025-08-08 16:15:47.025000,1341.7,1343.95,1344.85,2.25,0.9,3.15,19.048,2.5,0.7143,0.6698,-0.4203,8.3915,0.2977,-0.4669,-0.0591,0.6107,0.1905,1,0.8,sart_2,sart_2,unmarked
432,2025-08-08 16:15:50.232000,1344.85,1347.45,1350.75,2.6,3.3,5.9,10.169,0.7879,0.4407,1.2853,-1.201,16.1031,0.4944,-0.3639,0.1905,1.4758,0.2748,0,0.0,sart_2,sart_2,unmarked
433,2025-08-08 16:15:56.020000,1350.75,1351.7,1352.45,0.95,0.75,1.7,35.294,1.2667,0.5588,0.4384,-0.5553,5.4921,0.4614,-0.7404,0.2748,0.7131,0.1578,1,0.65,sart_2,sart_2,unmarked
434,2025-08-08 16:15:57.736000,1352.45,1353.1,1353.35,0.65,0.25,0.9,66.667,2.6,0.7222,0.81,-0.4765,10.1483,1.2462,-1.906,0.1578,0.9678,0.4913,0,0.0,sart_2,sart_2,unmarked
435,2025-08-08 16:15:58.638000,1353.35,1354.75,1359.05,1.4,4.3,5.7,10.526,0.3256,0.2456,1.7506,-2.2317,21.9324,1.2504,-0.519,0.4913,2.2419,0.0102,0,0.0,sart_2,sart_2,unmarked
436,2025-08-08 16:16:04.331000,1359.05,1360.75,1362.95,1.7,2.2,3.9,15.385,0.7727,0.4359,0.3996,-0.4278,5.006,0.235,-0.1945,0.0102,0.4098,-0.018,0,0.0,sart_2,sart_2,unmarked
437,2025-08-08 16:16:08.231000,1362.95,1364.15,1365.85,1.2,1.7,2.9,20.69,0.7059,0.4138,0.3334,-0.3299,4.1764,0.2778,-0.1941,-0.018,0.3154,-0.0145,0,0.0,sart_2,sart_2,unmarked
438,2025-08-08 16:16:11.140000,1365.85,1366.95,1368.65,1.1,1.7,2.8,21.429,0.6471,0.3929,0.418,-0.4172,5.2373,0.38,-0.2454,-0.0145,0.4035,-0.0137,0,0.0,sart_2,sart_2,unmarked
439,2025-08-08 16:16:13.929000,1368.65,1369.85,1373.85,1.2,4.0,5.2,11.538,0.3,0.2308,0.7989,-0.9364,10.0084,0.6657,-0.2341,-0.0137,0.7852,-0.1512,0,0.0,sart_2,sart_2,unmarked
440,2025-08-08 16:16:19.156000,1373.85,1375.0,1376.15,1.15,1.15,2.3,26.087,1.0,0.5,0.6119,-0.3979,7.6665,0.5321,-0.346,-0.1512,0.4607,0.0628,0,0.0,sart_2,sart_2,unmarked
441,2025-08-08 16:16:21.431000,1376.15,1377.15,1378.6,1.0,1.45,2.45,24.49,0.6897,0.4082,0.3546,-0.3768,4.4423,0.3546,-0.2599,0.0628,0.4174,0.0405,0,0.0,sart_2,sart_2,unmarked
442,2025-08-08 16:16:23.923000,1378.6,1379.65,1381.45,1.05,1.8,2.85,21.053,0.5833,0.3684,0.4201,-0.4492,5.2633,0.4001,-0.2496,0.0405,0.4606,0.0114,0,0.0,sart_2,sart_2,unmarked
443,2025-08-08 16:16:26.829000,1381.45,1382.65,1384.6,1.2,1.95,3.15,19.048,0.6154,0.381,0.3977,-0.3908,4.9829,0.3314,-0.2004,0.0114,0.4091,0.0183,1,0.3,sart_2,sart_2,unmarked
444,2025-08-08 16:16:29.917000,1384.6,1385.65,1387.25,1.05,1.6,2.65,22.642,0.6563,0.3962,0.3944,-0.4253,4.9407,0.3756,-0.2658,0.0183,0.4127,-0.0125,0,0.0,sart_2,sart_2,unmarked
445,2025-08-08 16:16:32.531000,1387.25,1388.75,1390.95,1.5,2.2,3.7,16.216,0.6818,0.4054,0.4689,-0.4673,5.8742,0.3126,-0.2124,-0.0125,0.4563,-0.011,0,0.0,task_1,task_1,physical_no_plants
446,2025-08-08 16:16:36.250000,1390.95,1392.25,1393.8,1.3,1.55,2.85,21.053,0.8387,0.4561,0.3954,-0.368,4.9535,0.3041,-0.2374,-0.011,0.3844,0.0164,0,0.0,task_1,task_1,physical_no_plants
447,2025-08-08 16:16:39.127000,1393.8,1394.85,1396.45,1.05,1.6,2.65,22.642,0.6562,0.3962,0.3932,-0.3901,4.9256,0.3744,-0.2438,0.0164,0.4095,0.0194,0,0.0,task_1,task_1,physical_no_plants
448,2025-08-08 16:16:41.747000,1396.45,1397.55,1399.15,1.1,1.6,2.7,22.222,0.6875,0.4074,0.4075,-0.4183,5.1047,0.3704,-0.2615,0.0194,0.4269,0.0086,0,0.0,task_1,task_1,physical_no_plants
449,2025-08-08 16:16:44.439000,1399.15,1400.3,1402.05,1.15,1.75,2.9,20.69,0.6571,0.3966,0.4152,-0.4247,5.2017,0.361,-0.2427,0.0086,0.4238,-0.0009,0,0.0,task_1,task_1,physical_no_plants
450,2025-08-08 16:16:47.327000,1402.05,1404.85,1407.95,2.8,3.1,5.9,10.169,0.9032,0.4746,1.3161,-1.3345,16.4888,0.47,-0.4305,-0.0009,1.3152,-0.0193,0,0.0,task_1,task_1,physical_no_plants
451,2025-08-08 16:16:53.236000,1407.95,1412.05,1414.6,4.1,2.55,6.65,9.023,1.6078,0.6165,0.2767,-0.2753,3.466,0.0675,-0.108,-0.0193,0.2574,-0.0179,0,0.0,task_1,task_1,physical_no_plants
452,2025-08-08 16:16:59.925000,1414.6,1416.55,1418.65,1.95,2.1,4.05,14.815,0.9286,0.4815,0.3087,-0.2899,3.8679,0.1583,-0.138,-0.0179,0.2908,0.0009,1,0.45,task_1,task_1,physical_no_plants
453,2025-08-08 16:17:04.034000,1418.65,1419.75,1421.85,1.1,2.1,3.2,18.75,0.5238,0.3437,0.3369,-0.3386,4.2207,0.3063,-0.1612,0.0009,0.3378,-0.0008,0,0.0,task_1,task_1,physical_no_plants
454,2025-08-08 16:17:07.121000,1421.85,1422.95,1424.85,1.1,1.9,3.0,20.0,0.5789,0.3667,0.3415,-0.3425,4.279,0.3105,-0.1802,-0.0008,0.3407,-0.0017,0,0.0,task_1,task_1,physical_no_plants
455,2025-08-08 16:17:10.117000,1424.85,1425.95,1427.85,1.1,1.9,3.0,20.0,0.5789,0.3667,0.3517,-0.3589,4.4063,0.3197,-0.1889,-0.0017,0.35,-0.0089,1,0.3,task_1,task_1,physical_no_plants
456,2025-08-08 16:17:13.238000,1427.85,1429.05,1430.95,1.2,1.9,3.1,19.355,0.6316,0.3871,0.3716,-0.3793,4.6554,0.3097,-0.1996,-0.0089,0.3627,-0.0167,0,0.0,task_1,task_1,physical_no_plants
457,2025-08-08 16:17:16.242000,1430.95,1432.05,1434.05,1.1,2.0,3.1,19.355,0.55,0.3548,0.3796,-0.3136,4.7556,0.3451,-0.1568,-0.0167,0.3629,0.0493,0,0.0,task_1,task_1,physical_no_plants
458,2025-08-08 16:17:19.328000,1434.05,1435.2,1437.0,1.15,1.8,2.95,20.339,0.6389,0.3898,0.2839,-0.3223,3.5574,0.2469,-0.179,0.0493,0.3333,0.011,0,0.0,task_1,task_1,physical_no_plants
459,2025-08-08 16:17:22.327000,1437.0,1438.05,1440.05,1.05,2.0,3.05,19.672,0.525,0.3443,0.2891,-0.318,3.6216,0.2753,-0.159,0.011,0.3001,-0.0179,0,0.0,task_1,task_1,physical_no_plants
460,2025-08-08 16:17:25.333000,1440.05,1441.3,1443.15,1.25,1.85,3.1,19.355,0.6757,0.4032,0.3604,-0.3574,4.5155,0.2883,-0.1932,-0.0179,0.3425,-0.0149,0,0.0,task_1,task_1,physical_no_plants
461,2025-08-08 16:17:28.422000,1443.15,1444.55,1446.25,1.4,1.7,3.1,19.355,0.8235,0.4516,0.3287,-0.3137,4.1183,0.2348,-0.1845,-0.0149,0.3138,0.0001,0,0.0,task_1,task_1,physical_no_plants
462,2025-08-08 16:17:31.637000,1446.25,1447.65,1449.35,1.4,1.7,3.1,19.355,0.8235,0.4516,0.328,-0.3205,4.1092,0.2343,-0.1885,0.0001,0.3281,0.0077,0,0.0,task_1,task_1,physical_no_plants
463,2025-08-08 16:17:34.626000,1449.35,1450.65,1452.65,1.3,2.0,3.3,18.182,0.65,0.3939,0.3131,-0.3301,3.9232,0.2409,-0.1651,0.0077,0.3208,-0.0093,1,0.55,task_1,task_1,physical_no_plants
464,2025-08-08 16:17:37.934000,1452.65,1453.75,1455.45,1.1,1.7,2.8,21.429,0.6471,0.3929,0.3908,-0.3816,4.8955,0.3552,-0.2244,-0.0093,0.3815,-0.0001,0,0.0,task_1,task_1,physical_no_plants
465,2025-08-08 16:17:40.717000,1455.45,1461.75,1464.45,6.3,2.7,9.0,6.667,2.3333,0.7,2.336,-2.2688,29.2665,0.3708,-0.8403,-0.0001,2.3359,0.0672,0,0.0,task_1,task_1,physical_no_plants
466,2025-08-08 16:17:49.726000,1464.45,1468.8,1471.55,4.35,2.75,7.1,8.451,1.5818,0.6127,0.2225,-0.3064,2.7877,0.0512,-0.1114,0.0672,0.2897,-0.0167,1,0.9,task_1,task_1,physical_no_plants
467,2025-08-08 16:17:56.837000,1471.55,1473.0,1475.05,1.45,2.05,3.5,17.143,0.7073,0.4143,0.3149,-0.3275,3.945,0.2172,-0.1597,-0.0167,0.2982,-0.0293,1,0.65,task_1,task_1,physical_no_plants
468,2025-08-08 16:18:00.342000,1475.05,1476.55,1478.65,1.5,2.1,3.6,16.667,0.7143,0.4167,0.3102,-0.2753,3.8863,0.2068,-0.1311,-0.0293,0.2809,0.0056,1,0.25,task_1,task_1,physical_no_plants
469,2025-08-08 16:18:04.063000,1478.65,1480.45,1482.35,1.8,1.9,3.7,16.216,0.9474,0.4865,0.4277,-0.3938,5.3581,0.2376,-0.2072,0.0056,0.4333,0.0395,0,0.0,task_1,task_1,physical_no_plants
470,2025-08-08 16:18:07.629000,1482.35,1483.35,1484.85,1.0,1.5,2.5,24.0,0.6667,0.4,0.3779,-0.3562,4.7347,0.3779,-0.2375,0.0395,0.4175,0.0612,0,0.0,task_1,task_1,physical_no_plants
471,2025-08-08 16:18:10.119000,1484.85,1486.05,1487.75,1.2,1.7,2.9,20.69,0.7059,0.4138,0.3591,-0.3569,4.4985,0.2992,-0.21,0.0612,0.4203,0.0634,0,0.0,task_1,task_1,physical_no_plants
472,2025-08-08 16:18:13.029000,1487.75,1489.05,1490.85,1.3,1.8,3.1,19.355,0.7222,0.4194,0.1809,-0.3393,2.267,0.1392,-0.1885,0.0634,0.2443,-0.0949,0,0.0,task_1,task_1,physical_no_plants
473,2025-08-08 16:18:16.117000,1490.85,1492.0,1494.25,1.15,2.25,3.4,17.647,0.5111,0.3382,0.4796,-0.3431,6.0086,0.417,-0.1525,-0.0949,0.3847,0.0416,0,0.0,task_1,task_1,physical_no_plants
474,2025-08-08 16:18:19.538000,1494.25,1495.65,1497.55,1.4,1.9,3.3,18.182,0.7368,0.4242,0.4482,-0.4796,5.6158,0.3202,-0.2524,0.0416,0.4899,0.0103,0,0.0,task_1,task_1,physical_no_plants
475,2025-08-08 16:18:22.843000,1497.55,1503.1,1505.85,5.55,2.75,8.3,7.229,2.0182,0.6687,0.8438,-0.9215,10.5717,0.152,-0.3351,0.0103,0.8541,-0.0674,0,0.0,task_1,task_1,physical_no_plants
476,2025-08-08 16:18:31.125000,1505.85,1507.65,1509.85,1.8,2.2,4.0,15.0,0.8182,0.45,0.4094,-0.4293,5.1293,0.2275,-0.1951,-0.0674,0.342,-0.0872,1,0.7,task_1,task_1,physical_no_plants
477,2025-08-08 16:18:35.137000,1509.85,1510.85,1512.55,1.0,1.7,2.7,22.222,0.5882,0.3704,0.3567,-0.3484,4.4686,0.3567,-0.205,-0.0872,0.2694,-0.079,0,0.0,task_1,task_1,physical_no_plants
478,2025-08-08 16:18:37.931000,1512.55,1516.25,1519.95,3.7,3.7,7.4,8.108,1.0,0.5,0.5715,-0.4571,7.1595,0.1544,-0.1235,-0.079,0.4925,0.0354,1,0.25,task_1_1,task_1_1,physical_no_plants
479,2025-08-08 16:18:45.220000,1519.95,1521.15,1523.95,1.2,2.8,4.0,15.0,0.4286,0.3,0.5044,-0.5173,6.3193,0.4203,-0.1848,0.0354,0.5398,0.0225,1,0.45,task_1_1,task_1_1,physical_no_plants
480,2025-08-08 16:18:49.329000,1523.95,1526.75,1530.95,2.8,4.2,7.0,8.571,0.6667,0.4,0.4034,-0.4152,5.0542,0.1441,-0.0989,0.0225,0.4259,0.0106,0,0.0,task_1_1,task_1_1,physical_no_plants
481,2025-08-08 16:18:56.237000,1530.95,1532.95,1536.35,2.0,3.4,5.4,11.111,0.5882,0.3704,0.2301,-0.2212,2.8823,0.115,-0.0651,0.0106,0.2407,0.0195,0,0.0,task_1_1,task_1_1,physical_no_plants
482,2025-08-08 16:19:01.627000,1536.35,1536.9,1539.25,0.55,2.35,2.9,20.69,0.234,0.1897,0.3143,-0.318,3.9381,0.5715,-0.1353,0.0195,0.3338,0.0158,0,0.0,task_1_1,task_1_1,physical_no_plants
483,2025-08-08 16:19:04.537000,1539.25,1539.95,1543.05,0.7,3.1,3.8,15.789,0.2258,0.1842,0.516,-0.5364,6.4644,0.7371,-0.173,0.0158,0.5318,-0.0047,0,0.0,task_1_1,task_1_1,physical_no_plants
484,2025-08-08 16:19:08.320000,1543.05,1543.65,1546.3,0.6,2.65,3.25,18.462,0.2264,0.1846,0.4712,-0.4779,5.9031,0.7853,-0.1804,-0.0047,0.4665,-0.0114,0,0.0,task_1_1,task_1_1,physical_no_plants
485,2025-08-08 16:19:11.621000,1546.3,1547.75,1550.25,1.45,2.5,3.95,15.19,0.58,0.3671,0.3173,-0.3379,3.975,0.2188,-0.1351,-0.0114,0.3058,-0.032,1,0.4,task_1_1,task_1_1,physical_no_plants
486,2025-08-08 16:19:15.517000,1550.25,1550.75,1552.65,0.5,1.9,2.4,25.0,0.2632,0.2083,0.3431,-0.3133,4.2982,0.6862,-0.1649,-0.032,0.3111,-0.0022,1,0.3,task_1_1,task_1_1,physical_no_plants
487,2025-08-08 16:19:17.923000,1552.65,1554.55,1556.35,1.9,1.8,3.7,16.216,1.0556,0.5135,0.1753,-0.1644,2.1963,0.0923,-0.0913,-0.0022,0.1731,0.0087,1,0.25,task_1_1,task_1_1,physical_no_plants
488,2025-08-08 16:19:21.733000,1556.35,1556.75,1558.65,0.4,1.9,2.3,26.087,0.2105,0.1739,0.3035,-0.3277,3.8027,0.7588,-0.1725,0.0087,0.3123,-0.0155,1,0.6,task_1_1,task_1_1,physical_no_plants
489,2025-08-08 16:19:23.928000,1558.65,1561.15,1564.8,2.5,3.65,6.15,9.756,0.6849,0.4065,0.3904,-0.4245,4.8906,0.1561,-0.1163,-0.0155,0.3749,-0.0496,1,1.35,task_1_1,task_1_1,physical_no_plants
490,2025-08-08 16:19:30.135000,1564.8,1567.6,1571.2,2.8,3.6,6.4,9.375,0.7778,0.4375,0.4784,-0.3777,5.9939,0.1709,-0.1049,-0.0496,0.4288,0.0512,1,0.5,task_1_1,task_1_1,physical_no_plants
491,2025-08-08 16:19:36.520000,1571.2,1571.7,1573.65,0.5,1.95,2.45,24.49,0.2564,0.2041,0.2703,-0.2962,3.3865,0.5406,-0.1519,0.0512,0.3215,0.0253,0,0.0,task_1_1,task_1_1,physical_no_plants
492,2025-08-08 16:19:38.956000,1573.65,1574.5,1578.85,0.85,4.35,5.2,11.538,0.1954,0.1635,0.6002,-0.6104,7.5191,0.7061,-0.1403,0.0253,0.6254,0.015,1,0.65,task_1_1,task_1_1,physical_no_plants
493,2025-08-08 16:19:44.236000,1578.85,1579.35,1580.55,0.5,1.2,1.7,35.294,0.4167,0.2941,0.3366,-0.3527,4.2165,0.6731,-0.294,0.015,0.3516,-0.0012,1,0.3,task_1_1,task_1_1,physical_no_plants
494,2025-08-08 16:19:45.821000,1580.55,1581.45,1582.75,0.9,1.3,2.2,27.273,0.6923,0.4091,0.3465,-0.2609,4.3415,0.385,-0.2007,-0.0012,0.3454,0.0844,0,0.0,task_1_1,task_1_1,physical_no_plants
495,2025-08-08 16:19:48.137000,1582.75,1583.55,1585.65,0.8,2.1,2.9,20.69,0.381,0.2759,0.3636,-0.4871,4.5553,0.4545,-0.2319,0.0844,0.448,-0.0391,0,0.0,task_1_1,task_1_1,physical_no_plants
496,2025-08-08 16:19:50.924000,1585.65,1586.8,1588.6,1.15,1.8,2.95,20.339,0.6389,0.3898,0.3657,-0.326,4.5814,0.318,-0.1811,-0.0391,0.3266,0.0006,0,0.0,task_1_1,task_1_1,physical_no_plants
497,2025-08-08 16:19:53.951000,1588.6,1590.85,1591.6,2.25,0.75,3.0,20.0,3.0,0.75,0.1463,-0.1617,1.8324,0.065,-0.2156,0.0006,0.1469,-0.0148,0,0.0,task_1_1,task_1_1,physical_no_plants
498,2025-08-08 16:19:56.927000,1591.6,1592.25,1595.0,0.65,2.75,3.4,17.647,0.2364,0.1912,0.4263,-0.3741,5.3409,0.6559,-0.136,-0.0148,0.4115,0.0374,1,0.45,task_1_1,task_1_1,physical_no_plants
499,2025-08-08 16:20:00.310000,1595.0,1598.35,1602.4,3.35,4.05,7.4,8.108,0.8272,0.4527,0.3562,-0.4148,4.463,0.1063,-0.1024,0.0374,0.3936,-0.0212,1,0.25,task_1_1,task_1_1,physical_no_plants
500,2025-08-08 16:20:07.718000,1602.4,1603.95,1606.65,1.55,2.7,4.25,14.118,0.5741,0.3647,0.3853,-0.3858,4.8273,0.2486,-0.1429,-0.0212,0.3641,-0.0217,0,0.0,task_1_1,task_1_1,physical_no_plants
501,2025-08-08 16:20:11.924000,1606.65,1607.8,1610.25,1.15,2.45,3.6,16.667,0.4694,0.3194,0.2823,-0.351,3.5366,0.2455,-0.1433,-0.0217,0.2606,-0.0905,1,0.35,task_1_1,task_1_1,physical_no_plants
502,2025-08-08 16:20:15.519000,1610.25,1612.65,1613.65,2.4,1.0,3.4,17.647,2.4,0.7059,0.2511,-0.2532,3.1456,0.1046,-0.2532,-0.0905,0.1606,-0.0926,0,0.0,task_1_1,task_1_1,physical_no_plants
503,2025-08-08 16:20:19.030000,1613.65,1615.15,1619.75,1.5,4.6,6.1,9.836,0.3261,0.2459,0.35,-0.337,4.3848,0.2333,-0.0733,-0.0926,0.2573,-0.0796,1,0.7,task_1_1,task_1_1,physical_no_plants
504,2025-08-08 16:20:25.037000,1619.75,1622.6,1626.85,2.85,4.25,7.1,8.451,0.6706,0.4014,2.0507,-1.9156,25.6913,0.7195,-0.4507,-0.0796,1.971,0.0555,0,0.0,task_1_1,task_1_1,physical_no_plants
505,2025-08-08 16:20:32.204000,1626.85,1628.25,1630.9,1.4,2.65,4.05,14.815,0.5283,0.3457,0.2749,-0.338,3.4441,0.1964,-0.1276,0.0555,0.3304,-0.0077,0,0.0,task_1_1,task_1_1,physical_no_plants
506,2025-08-08 16:20:36.226000,1630.9,1631.85,1634.0,0.95,2.15,3.1,19.355,0.4419,0.3065,0.2641,-0.189,3.309,0.278,-0.0879,-0.0077,0.2565,0.0675,1,0.35,task_1_1,task_1_1,physical_no_plants
507,2025-08-08 16:20:39.308000,1634.0,1637.35,1644.45,3.35,7.1,10.45,5.742,0.4718,0.3206,1.1543,-1.3349,14.4613,0.3446,-0.188,0.0675,1.2218,-0.1131,1,1.75,task_1_1,task_1_1,physical_no_plants
508,2025-08-08 16:20:49.728000,1644.45,1645.45,1649.25,1.0,3.8,4.8,12.5,0.2632,0.2083,0.4083,-0.2612,5.1154,0.4083,-0.0687,-0.1131,0.2952,0.034,1,0.3,task_1_2,task_1_2,physical_no_plants
509,2025-08-08 16:20:54.548000,1649.25,1649.55,1653.25,0.3,3.7,4.0,15.0,0.0811,0.075,0.1776,-0.1806,2.2252,0.592,-0.0488,0.034,0.2116,0.031,1,0.4,task_1_2,task_1_2,physical_no_plants
510,2025-08-08 16:20:58.631000,1653.25,1654.35,1655.1,1.1,0.75,1.85,32.432,1.4667,0.5946,0.2355,-0.1563,2.9507,0.2141,-0.2084,0.031,0.2665,0.1103,0,0.0,task_1_2,task_1_2,physical_no_plants
511,2025-08-08 16:21:00.372000,1655.1,1655.65,1658.35,0.55,2.7,3.25,18.462,0.2037,0.1692,0.3286,-0.3483,4.1173,0.5975,-0.129,0.1103,0.4389,0.0906,1,1.1,task_1_2,task_1_2,physical_no_plants
512,2025-08-08 16:21:03.704000,1658.35,1658.85,1660.95,0.5,2.1,2.6,23.077,0.2381,0.1923,0.1969,-0.2274,2.467,0.3938,-0.1083,0.0906,0.2875,0.0601,0,0.0,task_1_2,task_1_2,physical_no_plants
513,2025-08-08 16:21:06.221000,1660.95,1661.5,1666.25,0.55,4.75,5.3,11.321,0.1158,0.1038,0.4376,-0.5511,5.4827,0.7957,-0.116,0.0601,0.4978,-0.0534,0,0.0,task_1_2,task_1_2,physical_no_plants
514,2025-08-08 16:21:11.538000,1666.25,1667.4,1668.55,1.15,1.15,2.3,26.087,1.0,0.5,0.0844,-0.0957,1.0573,0.0734,-0.0832,-0.0534,0.031,-0.0647,1,0.4,task_1_2,task_1_2,physical_no_plants
515,2025-08-08 16:21:13.838000,1668.55,1669.1,1672.1,0.55,3.0,3.55,16.901,0.1833,0.1549,0.2879,-0.3097,3.6067,0.5234,-0.1032,-0.0647,0.2232,-0.0864,1,0.9,task_1_2,task_1_2,physical_no_plants
516,2025-08-08 16:21:17.413000,1672.1,1672.8,1675.0,0.7,2.2,2.9,20.69,0.3182,0.2414,0.3604,-0.3666,4.5151,0.5148,-0.1666,-0.0864,0.274,-0.0926,0,0.0,task_1_2,task_1_2,physical_no_plants
517,2025-08-08 16:21:20.324000,1675.0,1677.35,1680.1,2.35,2.75,5.1,11.765,0.8545,0.4608,0.4494,-0.3728,5.6307,0.1913,-0.1356,-0.0926,0.3568,-0.016,1,0.25,task_1_2,task_1_2,physical_no_plants
518,2025-08-08 16:21:25.427000,1680.1,1681.1,1682.65,1.0,1.55,2.55,23.529,0.6452,0.3922,0.1512,-0.1469,1.8938,0.1512,-0.0948,-0.016,0.1351,-0.0118,0,0.0,task_1_2,task_1_2,physical_no_plants
519,2025-08-08 16:21:27.945000,1682.65,1683.15,1688.05,0.5,4.9,5.4,11.111,0.102,0.0926,0.3862,-0.4295,4.8382,0.7724,-0.0877,-0.0118,0.3744,-0.0551,0,0.0,task_1_2,task_1_2,physical_no_plants
520,2025-08-08 16:21:33.400000,1688.05,1688.6,1690.15,0.55,1.55,2.1,28.571,0.3548,0.2619,0.3147,-0.1811,3.9433,0.5723,-0.1168,-0.0551,0.2596,0.0786,0,0.0,task_1_2,task_1_2,physical_no_plants
521,2025-08-08 16:21:35.502000,1690.15,1692.15,1693.25,2.0,1.1,3.1,19.355,1.8182,0.6452,0.2934,-0.208,3.6758,0.1467,-0.1891,0.0786,0.372,0.1639,0,0.0,task_1_2,task_1_2,physical_no_plants
522,2025-08-08 16:21:38.531000,1693.25,1693.5,1694.35,0.25,0.85,1.1,54.545,0.2941,0.2273,0.1171,-0.1892,1.4672,0.4684,-0.2226,0.1639,0.2811,0.0919,0,0.0,task_1_2,task_1_2,physical_no_plants
523,2025-08-08 16:21:39.641000,1694.35,1694.9,1696.3,0.55,1.4,1.95,30.769,0.3929,0.2821,0.2555,-0.2149,3.201,0.4645,-0.1535,0.0919,0.3474,0.1325,1,0.3,task_1_2,task_1_2,physical_no_plants
524,2025-08-08 16:21:41.589000,1696.3,1697.3,1697.95,1.0,0.65,1.65,36.364,1.5385,0.6061,0.356,-0.2176,4.4598,0.356,-0.3347,0.1325,0.4884,0.2709,0,0.0,task_1_2,task_1_2,physical_no_plants
525,2025-08-08 16:21:43.336000,1697.95,1698.35,1700.05,0.4,1.7,2.1,28.571,0.2353,0.1905,0.1851,-0.4413,2.3193,0.4628,-0.2596,0.2709,0.456,0.0147,1,0.3,task_1_2,task_1_2,physical_no_plants
526,2025-08-08 16:21:45.428000,1700.05,1700.95,1701.65,0.9,0.7,1.6,37.5,1.2857,0.5625,0.2585,-0.1815,3.2381,0.2872,-0.2593,0.0147,0.2732,0.0916,0,0.0,task_1_2,task_1_2,physical_no_plants
527,2025-08-08 16:21:46.934000,1701.65,1702.75,1703.45,1.1,0.7,1.8,33.333,1.5714,0.6111,0.0972,-0.1395,1.2176,0.0883,-0.1993,0.0916,0.1888,0.0493,1,0.6,task_1_2,task_1_2,physical_no_plants
528,2025-08-08 16:21:48.733000,1703.45,1706.45,1707.85,3.0,1.4,4.4,13.636,2.1429,0.6818,0.3068,-0.3457,3.8434,0.1023,-0.2469,0.0493,0.356,0.0103,0,0.0,task_1_2,task_1_2,physical_no_plants
529,2025-08-08 16:21:53.235000,1707.85,1708.35,1709.15,0.5,0.8,1.3,46.154,0.625,0.3846,0.0976,-0.1065,1.2226,0.1952,-0.1331,0.0103,0.1079,0.0014,0,0.0,task_1_2,task_1_2,physical_no_plants
530,2025-08-08 16:21:54.428000,1709.15,1709.8,1712.35,0.65,2.55,3.2,18.75,0.2549,0.2031,0.3257,-0.3704,4.0808,0.5011,-0.1453,0.0014,0.3272,-0.0433,0,0.0,task_1_2,task_1_2,physical_no_plants
531,2025-08-08 16:21:57.732000,1712.35,1712.95,1715.35,0.6,2.4,3.0,20.0,0.25,0.2,0.2815,-0.2629,3.5272,0.4692,-0.1095,-0.0433,0.2383,-0.0246,0,0.0,task_1_2,task_1_2,physical_no_plants
532,2025-08-08 16:22:00.729000,1715.35,1715.9,1718.15,0.55,2.25,2.8,21.429,0.2444,0.1964,0.3563,-0.3559,4.4635,0.6478,-0.1582,-0.0246,0.3316,-0.0243,0,0.0,task_1_2,task_1_2,physical_no_plants
533,2025-08-08 16:22:03.428000,1718.15,1718.8,1721.35,0.65,2.55,3.2,18.75,0.2549,0.2031,0.3377,-0.3183,4.2314,0.5196,-0.1248,-0.0243,0.3135,-0.0049,0,0.0,task_1_2,task_1_2,physical_no_plants
534,2025-08-08 16:22:06.698000,1721.35,1722.0,1724.85,0.65,2.85,3.5,17.143,0.2281,0.1857,0.3823,-0.3846,4.789,0.5881,-0.1349,-0.0049,0.3774,-0.0072,1,0.5,task_1_2,task_1_2,physical_no_plants
535,2025-08-08 16:22:10.127000,1724.85,1725.55,1727.2,0.7,1.65,2.35,25.532,0.4242,0.2979,0.2379,-0.2114,2.981,0.3399,-0.1281,-0.0072,0.2308,0.0193,1,0.5,task_1_2,task_1_2,physical_no_plants
536,2025-08-08 16:22:12.525000,1727.2,1728.0,1728.75,0.8,0.75,1.55,38.71,1.0667,0.5161,0.1356,-0.1403,1.699,0.1695,-0.1871,0.0193,0.1549,0.0146,0,0.0,task_1_2,task_1_2,physical_no_plants
537,2025-08-08 16:22:14.021000,1728.75,1729.1,1729.95,0.35,0.85,1.2,50.0,0.4118,0.2917,0.1286,-0.0941,1.6114,0.3675,-0.1107,0.0146,0.1433,0.0492,0,0.0,task_1_2,task_1_2,physical_no_plants
538,2025-08-08 16:22:15.220000,1729.95,1730.55,1731.45,0.6,0.9,1.5,40.0,0.6667,0.4,0.1268,-0.1968,1.5885,0.2113,-0.2186,0.0492,0.176,-0.0208,1,0.75,task_1_2,task_1_2,physical_no_plants
539,2025-08-08 16:22:16.726000,1731.45,1731.85,1733.55,0.4,1.7,2.1,28.571,0.2353,0.1905,0.1345,-0.1058,1.6848,0.3362,-0.0622,-0.0208,0.1137,0.0079,1,0.35,task_1_2,task_1_2,physical_no_plants
540,2025-08-08 16:22:18.827000,1733.55,1733.95,1735.95,0.4,2.0,2.4,25.0,0.2,0.1667,0.2001,-0.1927,2.5065,0.5002,-0.0963,0.0079,0.208,0.0153,1,0.45,subject_idle,subject_idle,physical_no_plants
541,2025-08-08 16:22:21.220000,1735.95,1736.85,1738.55,0.9,1.7,2.6,23.077,0.5294,0.3462,0.3283,-0.3953,4.1129,0.3648,-0.2325,0.0153,0.3436,-0.0517,0,0.0,prs_1,prs_1,physical_no_plants
542,2025-08-08 16:22:23.828000,1738.55,1740.2,1742.45,1.65,2.25,3.9,15.385,0.7333,0.4231,0.1664,-0.201,2.0841,0.1008,-0.0893,-0.0517,0.1146,-0.0863,0,0.0,prs_1,prs_1,physical_no_plants
543,2025-08-08 16:22:27.731000,1742.45,1743.45,1745.65,1.0,2.2,3.2,18.75,0.4545,0.3125,0.3701,-0.2853,4.6369,0.3701,-0.1297,-0.0863,0.2838,-0.0016,1,0.8,prs_1,prs_1,physical_no_plants
544,2025-08-08 16:22:31.038000,1745.65,1746.55,1748.45,0.9,1.9,2.8,21.429,0.4737,0.3214,0.2456,-0.2602,3.0765,0.2728,-0.137,-0.0016,0.244,-0.0162,1,0.45,prs_1,prs_1,physical_no_plants
545,2025-08-08 16:22:33.737000,1748.45,1750.65,1752.15,2.2,1.5,3.7,16.216,1.4667,0.5946,0.3577,-0.3346,4.4811,0.1626,-0.2231,-0.0162,0.3415,0.0068,0,0.0,prs_1,prs_1,physical_no_plants
546,2025-08-08 16:22:37.428000,1752.15,1754.25,1759.95,2.1,5.7,7.8,7.692,0.3684,0.2692,0.9217,-0.9674,11.5475,0.4389,-0.1697,0.0068,0.9285,-0.0389,2,3.15,prs_1,prs_1,physical_no_plants
547,2025-08-08 16:22:45.229000,1759.95,1763.75,1766.05,3.8,2.3,6.1,9.836,1.6522,0.623,0.4003,-0.3716,5.0147,0.1053,-0.1616,-0.0389,0.3614,-0.0103,0,0.0,prs_1,prs_1,physical_no_plants
548,2025-08-08 16:22:51.434000,1766.05,1767.15,1768.85,1.1,1.7,2.8,21.429,0.6471,0.3929,0.3129,-0.3114,3.9197,0.2844,-0.1832,-0.0103,0.3026,-0.0088,0,0.0,prs_1,prs_1,physical_no_plants
549,2025-08-08 16:22:54.134000,1768.85,1772.25,1774.65,3.4,2.4,5.8,10.345,1.4167,0.5862,0.3988,-0.3896,4.9959,0.1173,-0.1623,-0.0088,0.39,0.0004,0,0.0,prs_1,prs_1,physical_no_plants
550,2025-08-08 16:22:59.926000,1774.65,1775.75,1777.55,1.1,1.8,2.9,20.69,0.6111,0.3793,0.3949,-0.3987,4.9472,0.359,-0.2215,0.0004,0.3953,-0.0034,0,0.0,prs_1,prs_1,physical_no_plants
551,2025-08-08 16:23:02.831000,1777.55,1779.25,1781.15,1.7,1.9,3.6,16.667,0.8947,0.4722,0.3794,-0.3845,4.7539,0.2232,-0.2024,-0.0034,0.376,-0.0085,1,0.5,prs_1,prs_1,physical_no_plants
552,2025-08-08 16:23:06.433000,1781.15,1782.45,1783.75,1.3,1.3,2.6,23.077,1.0,0.5,0.3816,-0.3179,4.7802,0.2935,-0.2445,-0.0085,0.373,0.0552,0,0.0,prs_1,prs_1,physical_no_plants
553,2025-08-08 16:23:09.040000,1783.75,1788.15,1791.8,4.4,3.65,8.05,7.453,1.2055,0.5466,0.9021,-0.9827,11.3023,0.205,-0.2692,0.0552,0.9573,-0.0254,1,0.4,prs_1,prs_1,physical_no_plants
554,2025-08-08 16:23:17.144000,1791.8,1793.4,1795.65,1.6,2.25,3.85,15.584,0.7111,0.4156,0.4588,-0.3933,5.7485,0.2868,-0.1748,-0.0254,0.4334,0.0401,0,0.0,prs_1_PRS-SHORT-5-DemandAttention,prs_1,physical_no_plants
555,2025-08-08 16:23:20.918000,1795.65,1798.3,1800.15,2.65,1.85,4.5,13.333,1.4324,0.5889,0.491,-0.3143,6.151,0.1853,-0.1699,0.0401,0.5311,0.2168,0,0.0,prs_1_PRS-SHORT-5-DemandAttention,prs_1,physical_no_plants
556,2025-08-08 16:23:25.452000,1800.15,1800.4,1801.55,0.25,1.15,1.4,42.857,0.2174,0.1786,0.1859,-0.4306,2.3294,0.7437,-0.3744,0.2168,0.4028,-0.0278,0,0.0,prs_1_PRS-SHORT-5-DemandAttention,prs_1,physical_no_plants
557,2025-08-08 16:23:26.829000,1801.55,1802.9,1804.0,1.35,1.1,2.45,24.49,1.2273,0.551,0.3993,-0.213,5.0019,0.2957,-0.1936,-0.0278,0.3714,0.1584,0,0.0,prs_1_PRS-SHORT-5-DemandAttention,prs_1,physical_no_plants
558,2025-08-08 16:23:29.327000,1804.0,1805.25,1809.85,1.25,4.6,5.85,10.256,0.2717,0.2137,0.3433,-0.5265,4.3007,0.2746,-0.1145,0.1584,0.5017,-0.0248,1,0.95,prs_1_PRS-SHORT-5-DemandAttention,prs_1,physical_no_plants
559,2025-08-08 16:23:35.233000,1809.85,1810.55,1813.05,0.7,2.5,3.2,18.75,0.28,0.2188,0.3785,-0.3916,4.7417,0.5407,-0.1566,-0.0248,0.3537,-0.0379,1,0.45,prs_1_PRS-SHORT-5-DemandAttention,prs_1,physical_no_plants
560,2025-08-08 16:23:38.327000,1813.05,1814.55,1815.75,1.5,1.2,2.7,22.222,1.25,0.5556,0.29,-0.2953,3.6332,0.1933,-0.2461,-0.0379,0.2521,-0.0432,0,0.0,prs_1_PRS-SHORT-5-DemandAttention,prs_1,physical_no_plants
561,2025-08-08 16:23:41.023000,1815.75,1816.95,1819.35,1.2,2.4,3.6,16.667,0.5,0.3333,0.4408,-0.4497,5.5222,0.3673,-0.1874,-0.0432,0.3975,-0.0522,0,0.0,prs_1_PRS-SHORT-2-InterestingThings,prs_1,physical_no_plants
562,2025-08-08 16:23:44.621000,1819.35,1820.7,1822.65,1.35,1.95,3.3,18.182,0.6923,0.4091,0.4332,-0.3661,5.4268,0.3209,-0.1878,-0.0522,0.381,0.0148,0,0.0,prs_1_PRS-SHORT-2-InterestingThings,prs_1,physical_no_plants
563,2025-08-08 16:23:47.921000,1822.65,1823.85,1824.3,1.2,0.45,1.65,36.364,2.6667,0.7273,0.1214,-0.0903,1.5211,0.1012,-0.2006,0.0148,0.1362,0.046,1,0.4,prs_1_PRS-SHORT-2-InterestingThings,prs_1,physical_no_plants
564,2025-08-08 16:23:49.639000,1824.3,1826.4,1830.35,2.1,3.95,6.05,9.917,0.5316,0.3471,0.3585,-0.3815,4.4915,0.1707,-0.0966,0.046,0.4045,0.023,1,0.7,prs_1_PRS-SHORT-2-InterestingThings,prs_1,physical_no_plants
565,2025-08-08 16:23:55.637000,1830.35,1831.15,1832.95,0.8,1.8,2.6,23.077,0.4444,0.3077,0.3352,-0.3707,4.2001,0.4191,-0.206,0.023,0.3582,-0.0125,0,0.0,prs_1_PRS-SHORT-2-InterestingThings,prs_1,physical_no_plants
566,2025-08-08 16:23:58.339000,1832.95,1833.45,1835.55,0.5,2.1,2.6,23.077,0.2381,0.1923,0.2234,-0.1116,2.7994,0.4469,-0.0532,-0.0125,0.211,0.0994,0,0.0,prs_1_PRS-SHORT-2-InterestingThings,prs_1,physical_no_plants
567,2025-08-08 16:24:00.820000,1835.55,1835.95,1836.85,0.4,0.9,1.3,46.154,0.4444,0.3077,0.166,-0.2517,2.0794,0.4149,-0.2797,0.0994,0.2653,0.0136,0,0.0,prs_1_PRS-SHORT-2-InterestingThings,prs_1,physical_no_plants
568,2025-08-08 16:24:02.146000,1836.85,1838.75,1841.05,1.9,2.3,4.2,14.286,0.8261,0.4524,0.2952,-0.2881,3.6982,0.1554,-0.1252,0.0136,0.3088,0.0208,0,0.0,prs_1_PRS-SHORT-4-RefugeNuisances,prs_1,physical_no_plants
569,2025-08-08 16:24:06.428000,1841.05,1841.55,1843.45,0.5,1.9,2.4,25.0,0.2632,0.2083,0.2817,-0.3122,3.5291,0.5634,-0.1643,0.0208,0.3025,-0.0097,0,0.0,prs_1_PRS-SHORT-4-RefugeNuisances,prs_1,physical_no_plants
570,2025-08-08 16:24:08.718000,1843.45,1843.9,1846.45,0.45,2.55,3.0,20.0,0.1765,0.15,0.3538,-0.3197,4.4326,0.7862,-0.1254,-0.0097,0.3441,0.0244,0,0.0,prs_1_PRS-SHORT-4-RefugeNuisances,prs_1,physical_no_plants
571,2025-08-08 16:24:11.800000,1846.45,1847.35,1848.25,0.9,0.9,1.8,33.333,1.0,0.5,0.1104,-0.1111,1.3832,0.1227,-0.1234,0.0244,0.1348,0.0237,0,0.0,prs_1_PRS-SHORT-4-RefugeNuisances,prs_1,physical_no_plants
572,2025-08-08 16:24:13.519000,1848.25,1848.65,1851.15,0.4,2.5,2.9,20.69,0.16,0.1379,0.2784,-0.3181,3.4874,0.6959,-0.1272,0.0237,0.3021,-0.016,0,0.0,prs_1_PRS-SHORT-4-RefugeNuisances,prs_1,physical_no_plants
573,2025-08-08 16:24:16.421000,1851.15,1851.75,1853.9,0.6,2.15,2.75,21.818,0.2791,0.2182,0.4318,-0.4304,5.4099,0.7197,-0.2002,-0.016,0.4158,-0.0146,0,0.0,prs_1_PRS-SHORT-4-RefugeNuisances,prs_1,physical_no_plants
574,2025-08-08 16:24:19.211000,1853.9,1854.25,1854.95,0.35,0.7,1.05,57.143,0.5,0.3333,0.1392,-0.1289,1.744,0.3977,-0.1841,-0.0146,0.1246,-0.0043,0,0.0,prs_1_PRS-SHORT-4-RefugeNuisances,prs_1,physical_no_plants
575,2025-08-08 16:24:20.329000,1854.95,1855.9,1857.65,0.95,1.75,2.7,22.222,0.5429,0.3519,0.2705,-0.2661,3.3885,0.2847,-0.1521,-0.0043,0.2661,0.0,0,0.0,prs_1_PRS-SHORT-4-RefugeNuisances,prs_1,physical_no_plants
576,2025-08-08 16:24:22.940000,1857.65,1858.15,1859.2,0.5,1.05,1.55,38.71,0.4762,0.3226,0.1283,-0.175,1.608,0.2567,-0.1667,0.0,0.1284,-0.0466,0,0.0,prs_1_PRS-SHORT-4-RefugeNuisances,prs_1,physical_no_plants
577,2025-08-08 16:24:24.524000,1859.2,1859.95,1860.75,0.75,0.8,1.55,38.71,0.9375,0.4839,0.2046,-0.1862,2.5633,0.2728,-0.2328,-0.0466,0.158,-0.0283,0,0.0,prs_1_PRS-SHORT-4-RefugeNuisances,prs_1,physical_no_plants
578,2025-08-08 16:24:26.030000,1860.75,1862.0,1865.6,1.25,3.6,4.85,12.371,0.3472,0.2577,0.4002,-0.3642,5.0132,0.3201,-0.1012,-0.0283,0.3719,0.0077,0,0.0,prs_1_PRS-SHORT-9-ProperPlace,prs_1,physical_no_plants
579,2025-08-08 16:24:30.948000,1865.6,1866.05,1869.0,0.45,2.95,3.4,17.647,0.1525,0.1324,0.3121,-0.283,3.9105,0.6936,-0.0959,0.0077,0.3199,0.0369,0,0.0,prs_1_PRS-SHORT-9-ProperPlace,prs_1,physical_no_plants
580,2025-08-08 16:24:34.338000,1869.0,1870.75,1872.1,1.75,1.35,3.1,19.355,1.2963,0.5645,0.2775,-0.1747,3.4766,0.1586,-0.1294,0.0369,0.3144,0.1396,0,0.0,prs_1_PRS-SHORT-9-ProperPlace,prs_1,physical_no_plants
581,2025-08-08 16:24:37.424000,1872.1,1876.25,1878.35,4.15,2.1,6.25,9.6,1.9762,0.664,0.3363,-0.446,4.2138,0.081,-0.2124,0.1396,0.476,0.03,0,0.0,prs_1_PRS-SHORT-9-ProperPlace,prs_1,physical_no_plants
582,2025-08-08 16:24:43.639000,1878.35,1879.05,1880.0,0.7,0.95,1.65,36.364,0.7368,0.4242,0.2337,-0.2999,2.9284,0.3339,-0.3156,0.03,0.2637,-0.0361,1,0.8,prs_1_PRS-SHORT-9-ProperPlace,prs_1,physical_no_plants
583,2025-08-08 16:24:45.319000,1880.0,1880.95,1882.25,0.95,1.3,2.25,26.667,0.7308,0.4222,0.2294,-0.2443,2.8737,0.2414,-0.1879,-0.0361,0.1932,-0.0511,1,0.35,prs_1_PRS-SHORT-9-ProperPlace,prs_1,physical_no_plants
584,2025-08-08 16:24:47.627000,1882.25,1883.55,1886.75,1.3,3.2,4.5,13.333,0.4062,0.2889,0.3134,-0.2941,3.927,0.2411,-0.0919,-0.0511,0.2624,-0.0318,0,0.0,prs_1_PRS-SHORT-3-HardToBeBored,prs_1,physical_no_plants
585,2025-08-08 16:24:52.128000,1886.75,1887.6,1889.35,0.85,1.75,2.6,23.077,0.4857,0.3269,0.2617,-0.1547,3.2786,0.3079,-0.0884,-0.0318,0.2299,0.0753,0,0.0,prs_1_PRS-SHORT-3-HardToBeBored,prs_1,physical_no_plants
586,2025-08-08 16:24:54.617000,1889.35,1890.65,1892.15,1.3,1.5,2.8,21.429,0.8667,0.4643,0.1186,-0.2471,1.4858,0.0912,-0.1647,0.0753,0.1938,-0.0532,0,0.0,prs_1_PRS-SHORT-3-HardToBeBored,prs_1,physical_no_plants
587,2025-08-08 16:24:57.439000,1892.15,1893.1,1895.3,0.95,2.2,3.15,19.048,0.4318,0.3016,0.2558,-0.231,3.2044,0.2692,-0.105,-0.0532,0.2025,-0.0284,1,0.4,prs_1_PRS-SHORT-3-HardToBeBored,prs_1,physical_no_plants
588,2025-08-08 16:25:00.642000,1895.3,1898.65,1901.55,3.35,2.9,6.25,9.6,1.1552,0.536,0.4416,-0.4715,5.5331,0.1318,-0.1626,-0.0284,0.4132,-0.0583,1,0.3,prs_1_PRS-SHORT-3-HardToBeBored,prs_1,physical_no_plants
589,2025-08-08 16:25:06.822000,1901.55,1903.0,1904.85,1.45,1.85,3.3,18.182,0.7838,0.4394,0.3051,-0.3127,3.823,0.2104,-0.1691,-0.0583,0.2469,-0.0659,1,0.45,prs_1_PRS-SHORT-3-HardToBeBored,prs_1,physical_no_plants
590,2025-08-08 16:25:10.125000,1904.85,1906.15,1907.55,1.3,1.4,2.7,22.222,0.9286,0.4815,0.3551,-0.3652,4.4486,0.2731,-0.2608,-0.0659,0.2892,-0.076,0,0.0,prs_1_PRS-SHORT-3-HardToBeBored,prs_1,physical_no_plants
591,2025-08-08 16:25:12.827000,1907.55,1908.55,1910.15,1.0,1.6,2.6,23.077,0.625,0.3846,0.3491,-0.2259,4.3736,0.3491,-0.1412,-0.076,0.2731,0.0472,0,0.0,prs_1_PRS-SHORT-11-Boundaries,prs_1,physical_no_plants
592,2025-08-08 16:25:15.438000,1910.15,1910.45,1911.65,0.3,1.2,1.5,40.0,0.25,0.2,0.0827,-0.1492,1.0362,0.2757,-0.1243,0.0472,0.13,-0.0192,1,0.25,prs_1_PRS-SHORT-11-Boundaries,prs_1,physical_no_plants
593,2025-08-08 16:25:16.932000,1911.65,1912.45,1914.75,0.8,2.3,3.1,19.355,0.3478,0.2581,0.2768,-0.2578,3.4675,0.346,-0.1121,-0.0192,0.2575,-0.0003,0,0.0,prs_1_PRS-SHORT-11-Boundaries,prs_1,physical_no_plants
594,2025-08-08 16:25:20.020000,1914.75,1915.05,1915.95,0.3,0.9,1.2,50.0,0.3333,0.25,0.09,-0.0795,1.1277,0.3,-0.0883,-0.0003,0.0897,0.0102,0,0.0,prs_1_PRS-SHORT-11-Boundaries,prs_1,physical_no_plants
595,2025-08-08 16:25:21.224000,1915.95,1916.35,1917.75,0.4,1.4,1.8,33.333,0.2857,0.2222,0.1667,-0.1547,2.0879,0.4166,-0.1105,0.0102,0.1769,0.0222,0,0.0,prs_1_PRS-SHORT-11-Boundaries,prs_1,physical_no_plants
596,2025-08-08 16:25:23.025000,1917.75,1918.25,1921.25,0.5,3.0,3.5,17.143,0.1667,0.1429,0.2336,-0.2229,2.9271,0.4673,-0.0743,0.0222,0.2558,0.033,0,0.0,prs_1_PRS-SHORT-11-Boundaries,prs_1,physical_no_plants
597,2025-08-08 16:25:26.629000,1921.25,1921.75,1923.85,0.5,2.1,2.6,23.077,0.2381,0.1923,0.2695,-0.2656,3.3767,0.539,-0.1265,0.033,0.3025,0.0369,0,0.0,prs_1_PRS-SHORT-11-Boundaries,prs_1,physical_no_plants
598,2025-08-08 16:25:29.120000,1923.85,1926.35,1927.95,2.5,1.6,4.1,14.634,1.5625,0.6098,0.0979,-0.2185,1.2271,0.0392,-0.1366,0.0369,0.1349,-0.0836,1,0.7,prs_1_PRS-SHORT-11-Boundaries,prs_1,physical_no_plants
599,2025-08-08 16:25:33.226000,1927.95,1928.85,1930.95,0.9,2.1,3.0,20.0,0.4286,0.3,0.3242,-0.2601,4.0623,0.3603,-0.1238,-0.0836,0.2406,-0.0194,0,0.0,prs_1_PRS-SHORT-11-Boundaries,prs_1,physical_no_plants
600,2025-08-08 16:25:36.220000,1930.95,1932.05,1934.55,1.1,2.5,3.6,16.667,0.44,0.3056,0.1713,-0.1583,2.1461,0.1557,-0.0633,-0.0194,0.1519,-0.0065,0,0.0,prs_1_PRS-SHORT-7-ClearOrder,prs_1,physical_no_plants
601,2025-08-08 16:25:39.820000,1934.55,1935.25,1937.25,0.7,2.0,2.7,22.222,0.35,0.2593,0.2542,-0.2202,3.1842,0.3631,-0.1101,-0.0065,0.2477,0.0275,1,0.7,prs_1_PRS-SHORT-7-ClearOrder,prs_1,physical_no_plants
602,2025-08-08 16:25:42.522000,1937.25,1938.15,1940.55,0.9,2.4,3.3,18.182,0.375,0.2727,0.3208,-0.2915,4.0187,0.3564,-0.1215,0.0275,0.3483,0.0567,1,0.4,prs_1_PRS-SHORT-7-ClearOrder,prs_1,physical_no_plants
603,2025-08-08 16:25:45.828000,1940.55,1942.15,1945.45,1.6,3.3,4.9,12.245,0.4848,0.3265,0.3546,-0.3923,4.4421,0.2216,-0.1189,0.0567,0.4113,0.019,1,0.25,prs_1_PRS-SHORT-7-ClearOrder,prs_1,physical_no_plants
604,2025-08-08 16:25:50.720000,1945.45,1946.2,1948.45,0.75,2.25,3.0,20.0,0.3333,0.25,0.316,-0.3678,3.9587,0.4213,-0.1635,0.019,0.335,-0.0329,1,0.55,prs_1_PRS-SHORT-7-ClearOrder,prs_1,physical_no_plants
605,2025-08-08 16:25:53.838000,1948.45,1948.9,1950.45,0.45,1.55,2.0,30.0,0.2903,0.225,0.1906,-0.1844,2.3881,0.4236,-0.119,-0.0329,0.1577,-0.0267,0,0.0,prs_1_PRS-SHORT-7-ClearOrder,prs_1,physical_no_plants
606,2025-08-08 16:25:55.723000,1950.45,1951.45,1953.15,1.0,1.7,2.7,22.222,0.5882,0.3704,0.3216,-0.339,4.0289,0.3216,-0.1994,-0.0267,0.2949,-0.0441,0,0.0,prs_1_PRS-SHORT-7-ClearOrder,prs_1,physical_no_plants
607,2025-08-08 16:25:58.425000,1953.15,1955.55,1958.65,2.4,3.1,5.5,10.909,0.7742,0.4364,0.6159,-0.5272,7.7161,0.2566,-0.1701,-0.0441,0.5718,0.0445,0,0.0,prs_1_PRS-SHORT-6-GetAway,prs_1,physical_no_plants
608,2025-08-08 16:26:04.035000,1958.65,1959.2,1962.3,0.55,3.1,3.65,16.438,0.1774,0.1507,0.3081,-0.2745,3.8598,0.5602,-0.0886,0.0445,0.3526,0.0781,1,0.45,prs_1_PRS-SHORT-6-GetAway,prs_1,physical_no_plants
609,2025-08-08 16:26:07.638000,1962.3,1965.45,1970.05,3.15,4.6,7.75,7.742,0.6848,0.4065,0.2695,-0.4415,3.3762,0.0856,-0.096,0.0781,0.3476,-0.094,1,0.4,prs_1_PRS-SHORT-6-GetAway,prs_1,physical_no_plants
610,2025-08-08 16:26:15.433000,1970.05,1971.3,1975.35,1.25,4.05,5.3,11.321,0.3086,0.2358,0.4263,-0.3973,5.3412,0.3411,-0.0981,-0.094,0.3324,-0.0649,1,0.65,prs_1_PRS-SHORT-6-GetAway,prs_1,physical_no_plants
611,2025-08-08 16:26:20.620000,1975.35,1978.15,1982.75,2.8,4.6,7.4,8.108,0.6087,0.3784,0.8027,-0.7997,10.0565,0.2867,-0.1738,-0.0649,0.7378,-0.0619,0,0.0,prs_1_PRS-SHORT-8-Organized,prs_1,physical_no_plants
612,2025-08-08 16:26:28.039000,1982.75,1984.6,1985.75,1.85,1.15,3.0,20.0,1.6087,0.6167,0.1784,-0.1201,2.2348,0.0964,-0.1045,-0.0619,0.1165,-0.0037,0,0.0,prs_1_PRS-SHORT-8-Organized,prs_1,physical_no_plants
613,2025-08-08 16:26:31.040000,1985.75,1986.25,1988.45,0.5,2.2,2.7,22.222,0.2273,0.1852,0.253,-0.2447,3.1693,0.5059,-0.1112,-0.0037,0.2493,0.0046,0,0.0,prs_1_PRS-SHORT-8-Organized,prs_1,physical_no_plants
614,2025-08-08 16:26:33.733000,1988.45,1990.05,1990.85,1.6,0.8,2.4,25.0,2.0,0.6667,0.1231,-0.0789,1.5422,0.0769,-0.0987,0.0046,0.1277,0.0488,1,0.7,prs_1_PRS-SHORT-8-Organized,prs_1,physical_no_plants
615,2025-08-08 16:26:36.220000,1990.85,1991.25,1993.05,0.4,1.8,2.2,27.273,0.2222,0.1818,0.185,-0.2001,2.3176,0.4625,-0.1112,0.0488,0.2337,0.0336,0,0.0,prs_1_PRS-SHORT-8-Organized,prs_1,physical_no_plants
616,2025-08-08 16:26:38.321000,1993.05,1993.35,1998.05,0.3,4.7,5.0,12.0,0.0638,0.06,0.2123,-0.3173,2.6593,0.7075,-0.0675,0.0336,0.2459,-0.0714,0,0.0,prs_1_PRS-SHORT-8-Organized,prs_1,physical_no_plants
617,2025-08-08 16:26:43.334000,1998.05,1998.95,2000.75,0.9,1.8,2.7,22.222,0.5,0.3333,0.3674,-0.386,4.6025,0.4082,-0.2145,-0.0714,0.2959,-0.0901,0,0.0,prs_1_PRS-SHORT-8-Organized,prs_1,physical_no_plants
618,2025-08-08 16:26:46.036000,2000.75,2002.65,2005.6,1.9,2.95,4.85,12.371,0.6441,0.3918,0.363,-0.3482,4.548,0.1911,-0.118,-0.0901,0.2729,-0.0753,1,0.55,prs_1_PRS-SHORT-10-Exploration,prs_1,physical_no_plants
619,2025-08-08 16:26:50.922000,2005.6,2006.25,2007.05,0.65,0.8,1.45,41.379,0.8125,0.4483,0.3231,-0.2962,4.0483,0.4971,-0.3702,-0.0753,0.2479,-0.0483,0,0.0,prs_1_PRS-SHORT-10-Exploration,prs_1,physical_no_plants
620,2025-08-08 16:26:52.331000,2007.05,2009.25,2010.05,2.2,0.8,3.0,20.0,2.75,0.7333,0.247,-0.1556,3.095,0.1123,-0.1945,-0.0483,0.1987,0.0432,1,0.75,prs_1_PRS-SHORT-10-Exploration,prs_1,physical_no_plants
621,2025-08-08 16:26:55.335000,2010.05,2011.3,2014.85,1.25,3.55,4.8,12.5,0.3521,0.2604,0.1984,-0.235,2.4855,0.1587,-0.0662,0.0432,0.2416,0.0066,0,0.0,prs_1_PRS-SHORT-10-Exploration,prs_1,physical_no_plants
622,2025-08-08 16:27:00.130000,2014.85,2015.55,2021.95,0.7,6.4,7.1,8.451,0.1094,0.0986,0.6025,-0.5737,7.549,0.8608,-0.0896,0.0066,0.6091,0.0354,0,0.0,prs_1_PRS-SHORT-10-Exploration,prs_1,physical_no_plants
623,2025-08-08 16:27:07.218000,2021.95,2022.85,2024.7,0.9,1.85,2.75,21.818,0.4865,0.3273,0.289,-0.1074,3.621,0.3211,-0.058,0.0354,0.3244,0.2171,1,0.25,prs_1_PRS-SHORT-1-Fascinating,prs_1,physical_no_plants
624,2025-08-08 16:27:10,2024.7,2024.95,2025.75,0.25,0.8,1.05,57.143,0.3125,0.2381,0.0961,-0.3127,1.204,0.3844,-0.3909,0.2171,0.3132,0.0005,1,0.6,prs_1_PRS-SHORT-1-Fascinating,prs_1,physical_no_plants
625,2025-08-08 16:27:11.024000,2025.75,2026.65,2028.55,0.9,1.9,2.8,21.429,0.4737,0.3214,0.1952,-0.1951,2.4449,0.2168,-0.1027,0.0005,0.1956,0.0005,0,0.0,prs_1_PRS-SHORT-1-Fascinating,prs_1,physical_no_plants
626,2025-08-08 16:27:13.905000,2028.55,2028.85,2030.5,0.3,1.65,1.95,30.769,0.1818,0.1538,0.0853,-0.1448,1.0681,0.2842,-0.0878,0.0005,0.0858,-0.059,0,0.0,prs_1_PRS-SHORT-1-Fascinating,prs_1,physical_no_plants
627,2025-08-08 16:27:15.822000,2030.5,2031.0,2032.35,0.5,1.35,1.85,32.432,0.3704,0.2703,0.2918,-0.2273,3.6558,0.5836,-0.1684,-0.059,0.2328,0.0054,1,0.5,prs_1_PRS-SHORT-1-Fascinating,prs_1,physical_no_plants
628,2025-08-08 16:27:17.623000,2032.35,2032.8,2034.65,0.45,1.85,2.3,26.087,0.2432,0.1957,0.2128,-0.1509,2.6655,0.4728,-0.0816,0.0054,0.2182,0.0673,1,1.1,prs_1_PRS-SHORT-1-Fascinating,prs_1,physical_no_plants
629,2025-08-08 16:27:19.935000,2034.65,2035.15,2039.35,0.5,4.2,4.7,12.766,0.119,0.1064,0.2033,-0.271,2.5471,0.4066,-0.0645,0.0673,0.2706,-0.0004,1,0.4,prs_1_PRS-SHORT-1-Fascinating,prs_1,physical_no_plants
630,2025-08-08 16:27:24.736000,2039.35,2039.85,2041.05,0.5,1.2,1.7,35.294,0.4167,0.2941,0.1639,-0.1442,2.0528,0.3277,-0.1202,-0.0004,0.1634,0.0192,0,0.0,prs_1_PRS-SHORT-1-Fascinating,prs_1,physical_no_plants
631,2025-08-08 16:27:26.321000,2041.05,2041.85,2042.5,0.8,0.65,1.45,41.379,1.2308,0.5517,0.0444,-0.0877,0.5563,0.0555,-0.135,0.0192,0.0636,-0.0241,0,0.0,prs_1_PRS-SHORT-1-Fascinating,prs_1,physical_no_plants
632,2025-08-08 16:27:27.771000,2042.5,2043.15,2044.95,0.65,1.8,2.45,24.49,0.3611,0.2653,0.1904,-0.2437,2.3857,0.293,-0.1354,-0.0241,0.1663,-0.0774,1,0.45,sart_3,sart_3,physical_no_plants
633,2025-08-08 16:27:30.228000,2044.95,2045.35,2046.4,0.4,1.05,1.45,41.379,0.381,0.2759,0.1591,-0.1874,1.9937,0.3978,-0.1784,-0.0774,0.0818,-0.1056,0,0.0,sart_3,sart_3,unmarked
634,2025-08-08 16:27:31.726000,2046.4,2047.15,2048.85,0.75,1.7,2.45,24.49,0.4412,0.3061,0.2536,-0.2334,3.1777,0.3382,-0.1373,-0.1056,0.1481,-0.0854,1,0.6,sart_3,sart_3,unmarked
635,2025-08-08 16:27:34.126000,2048.85,2049.85,2051.55,1.0,1.7,2.7,22.222,0.5882,0.3704,0.2464,-0.3224,3.087,0.2464,-0.1896,-0.0854,0.161,-0.1614,0,0.0,sart_3,sart_3,unmarked
636,2025-08-08 16:27:36.821000,2051.55,2054.15,2055.75,2.6,1.6,4.2,14.286,1.625,0.619,0.8914,-0.8253,11.1677,0.3428,-0.5158,-0.1614,0.73,-0.0953,1,0.35,sart_3,sart_3,unmarked
637,2025-08-08 16:27:41.021000,2055.75,2057.75,2058.55,2.0,0.8,2.8,21.429,2.5,0.7143,0.9009,-0.5902,11.2863,0.4504,-0.7378,-0.0953,0.8056,0.2154,1,0.6,sart_3,sart_3,unmarked
638,2025-08-08 16:27:43.905000,2058.55,2059.05,2061.35,0.5,2.3,2.8,21.429,0.2174,0.1786,0.3719,-0.5929,4.6597,0.7439,-0.2578,0.2154,0.5873,-0.0056,0,0.0,sart_3,sart_3,unmarked
639,2025-08-08 16:27:46.726000,2061.35,2063.25,2063.8,1.9,0.55,2.45,24.49,3.4545,0.7755,1.2691,-0.7361,15.8996,0.6679,-1.3383,-0.0056,1.2635,0.5274,1,0.45,sart_3,sart_3,unmarked
640,2025-08-08 16:27:49.125000,2063.8,2065.35,2065.7,1.55,0.35,1.9,31.579,4.4286,0.8158,0.9531,-0.5984,11.9409,0.6149,-1.7096,0.5274,1.4805,0.8822,0,0.0,sart_3,sart_3,unmarked
641,2025-08-08 16:27:51.043000,2065.7,2066.35,2066.85,0.65,0.5,1.15,52.174,1.3,0.5652,0.8294,-0.9839,10.391,1.276,-1.9679,0.8822,1.7116,0.7276,0,0.0,sart_3,sart_3,unmarked
642,2025-08-08 16:27:52.125000,2066.85,2067.95,2069.05,1.1,1.1,2.2,27.273,1.0,0.5,1.7342,-1.4514,21.7272,1.5766,-1.3195,0.7276,2.4619,1.0105,0,0.0,sart_3,sart_3,unmarked
643,2025-08-08 16:27:54.439000,2069.05,2069.35,2070.5,0.3,1.15,1.45,41.379,0.2609,0.2069,0.6964,-1.6339,8.725,2.3214,-1.4207,1.0105,1.7069,0.073,0,0.0,sart_3,sart_3,unmarked
644,2025-08-08 16:27:55.811000,2070.5,2073.7,2075.6,3.2,1.9,5.1,11.765,1.6842,0.6275,1.5749,-0.9305,19.7314,0.4922,-0.4897,0.073,1.648,0.7175,0,0.0,sart_3,sart_3,unmarked
645,2025-08-08 16:28:00.912000,2075.6,2076.65,2078.25,1.05,1.6,2.65,22.642,0.6563,0.3962,0.6265,-0.8182,7.849,0.5967,-0.5113,0.7175,1.344,0.5258,0,0.0,sart_3,sart_3,unmarked
646,2025-08-08 16:28:03.527000,2078.25,2079.25,2080.55,1.0,1.3,2.3,26.087,0.7692,0.4348,0.6121,-0.5482,7.6687,0.6121,-0.4217,0.5258,1.1379,0.5898,0,0.0,sart_3,sart_3,unmarked
647,2025-08-08 16:28:05.839000,2080.55,2083.1,2089.25,2.55,6.15,8.7,6.897,0.4146,0.2931,0.8759,-1.5765,10.9737,0.3435,-0.2563,0.5898,1.4657,-0.1108,0,0.0,sart_3,sart_3,unmarked
648,2025-08-08 16:28:14.625000,2089.25,2095.05,2098.45,5.8,3.4,9.2,6.522,1.7059,0.6304,0.782,-0.7434,9.7972,0.1348,-0.2187,-0.1108,0.6712,-0.0722,0,0.0,sart_3,sart_3,unmarked
649,2025-08-08 16:28:23.862000,2098.45,2100.65,2103.15,2.2,2.5,4.7,12.766,0.88,0.4681,0.3317,-0.318,4.1554,0.1508,-0.1272,-0.0722,0.2595,-0.0585,0,0.0,sart_3,sart_3,unmarked
650,2025-08-08 16:28:28.432000,2103.15,2104.15,2106.15,1.0,2.0,3.0,20.0,0.5,0.3333,0.3011,-0.3049,3.772,0.3011,-0.1525,-0.0585,0.2425,-0.0624,0,0.0,sart_3,sart_3,unmarked
651,2025-08-08 16:28:31.429000,2106.15,2107.4,2109.85,1.25,2.45,3.7,16.216,0.5102,0.3378,0.3208,-0.2974,4.0197,0.2567,-0.1214,-0.0624,0.2585,-0.0389,0,0.0,sart_3,sart_3,unmarked
652,2025-08-08 16:28:35.236000,2109.85,2110.85,2112.05,1.0,1.2,2.2,27.273,0.8333,0.4545,0.3649,-0.3542,4.5717,0.3649,-0.2952,-0.0389,0.326,-0.0282,0,0.0,sart_3,sart_3,unmarked
653,2025-08-08 16:28:37.423000,2112.05,2113.55,2114.15,1.5,0.6,2.1,28.571,2.5,0.7143,0.3062,-0.142,3.8362,0.2041,-0.2367,-0.0282,0.278,0.1359,1,0.45,sart_3,sart_3,unmarked
654,2025-08-08 16:28:39.530000,2114.15,2114.5,2115.75,0.35,1.25,1.6,37.5,0.28,0.2187,0.1179,-0.2531,1.4774,0.3369,-0.2025,0.1359,0.2539,0.0007,0,0.0,sart_3,sart_3,unmarked
655,2025-08-08 16:28:41.027000,2115.75,2116.8,2118.65,1.05,1.85,2.9,20.69,0.5676,0.3621,0.3048,-0.3311,3.8192,0.2903,-0.179,0.0007,0.3056,-0.0256,1,0.3,sart_3,sart_3,unmarked
656,2025-08-08 16:28:44.057000,2118.65,2119.7,2120.35,1.05,0.65,1.7,35.294,1.6154,0.6176,0.324,-0.1744,4.0593,0.3086,-0.2683,-0.0256,0.2984,0.124,0,0.0,sart_3,sart_3,unmarked
657,2025-08-08 16:28:45.705000,2120.35,2120.65,2121.85,0.3,1.2,1.5,40.0,0.25,0.2,0.1606,-0.2737,2.0124,0.5354,-0.2281,0.124,0.2847,0.011,0,0.0,sart_3,sart_3,unmarked
658,2025-08-08 16:28:47.121000,2121.85,2122.85,2124.65,1.0,1.8,2.8,21.429,0.5556,0.3571,0.3224,-0.3542,4.0388,0.3224,-0.1968,0.011,0.3333,-0.0209,1,0.3,sart_3,sart_3,unmarked
659,2025-08-08 16:28:49.935000,2124.65,2125.75,2126.35,1.1,0.6,1.7,35.294,1.8333,0.6471,0.3245,-0.155,4.065,0.295,-0.2583,-0.0209,0.3036,0.1486,0,0.0,sart_3,sart_3,unmarked
660,2025-08-08 16:28:51.641000,2126.35,2127.0,2128.8,0.65,1.8,2.45,24.49,0.3611,0.2653,0.4873,-0.6359,6.1046,0.7496,-0.3533,0.1486,0.6359,-0.0,0,0.0,sart_3,sart_3,unmarked
661,2025-08-08 16:28:54.137000,2128.8,2129.4,2130.55,0.6,1.15,1.75,34.286,0.5217,0.3429,0.175,-0.176,2.1928,0.2917,-0.1531,-0.0,0.175,-0.001,0,0.0,sart_3,sart_3,unmarked
662,2025-08-08 16:28:55.936000,2130.55,2132.05,2133.5,1.5,1.45,2.95,20.339,1.0345,0.5085,0.3219,-0.3257,4.0333,0.2146,-0.2246,-0.001,0.3209,-0.0048,0,0.0,sart_3,sart_3,unmarked
663,2025-08-08 16:28:58.821000,2133.5,2134.6,2135.95,1.1,1.35,2.45,24.49,0.8148,0.449,0.3123,-0.2955,3.9123,0.2839,-0.2189,-0.0048,0.3075,0.012,0,0.0,sart_3,sart_3,unmarked
664,2025-08-08 16:29:01.217000,2135.95,2137.3,2138.8,1.35,1.5,2.85,21.053,0.9,0.4737,0.3104,-0.3291,3.8889,0.2299,-0.2194,0.012,0.3224,-0.0067,0,0.0,sart_3,sart_3,unmarked
665,2025-08-08 16:29:04.160000,2138.8,2140.15,2141.65,1.35,1.5,2.85,21.053,0.9,0.4737,0.3332,-0.3307,4.175,0.2468,-0.2205,-0.0067,0.3265,-0.0041,0,0.0,sart_3,sart_3,unmarked
666,2025-08-08 16:29:06.918000,2141.65,2142.9,2144.55,1.25,1.65,2.9,20.69,0.7576,0.431,0.3325,-0.3249,4.1654,0.266,-0.1969,-0.0041,0.3283,0.0034,0,0.0,sart_3,sart_3,unmarked
667,2025-08-08 16:29:09.824000,2144.55,2145.65,2147.4,1.1,1.75,2.85,21.053,0.6286,0.386,0.2917,-0.2924,3.6541,0.2652,-0.1671,0.0034,0.2951,0.0027,1,0.3,sart_3,sart_3,unmarked
668,2025-08-08 16:29:12.704000,2147.4,2148.55,2150.05,1.15,1.5,2.65,22.642,0.7667,0.434,0.3013,-0.289,3.7751,0.262,-0.1927,0.0027,0.304,0.015,0,0.0,sart_3,sart_3,unmarked
669,2025-08-08 16:29:15.403000,2150.05,2151.35,2152.55,1.3,1.2,2.5,24.0,1.0833,0.52,0.3058,-0.2748,3.8308,0.2352,-0.229,0.015,0.3208,0.046,0,0.0,sart_3,sart_3,unmarked
670,2025-08-08 16:29:17.925000,2152.55,2153.85,2155.35,1.3,1.5,2.8,21.429,0.8667,0.4643,0.3134,-0.3153,3.9262,0.2411,-0.2102,0.046,0.3594,0.0441,1,0.4,sart_3,sart_3,unmarked
671,2025-08-08 16:29:20.631000,2155.35,2156.45,2157.85,1.1,1.4,2.5,24.0,0.7857,0.44,0.3156,-0.3173,3.9537,0.2869,-0.2266,0.0441,0.3597,0.0424,0,0.0,sart_3,sart_3,unmarked
672,2025-08-08 16:29:23.207000,2157.85,2159.05,2160.6,1.2,1.55,2.75,21.818,0.7742,0.4364,0.3274,-0.336,4.1013,0.2728,-0.2168,0.0424,0.3698,0.0338,0,0.0,sart_3,sart_3,unmarked
673,2025-08-08 16:29:25.937000,2160.6,2161.8,2163.35,1.2,1.55,2.75,21.818,0.7742,0.4364,0.3233,-0.3573,4.0501,0.2694,-0.2305,0.0338,0.3571,-0.0002,0,0.0,sart_3,sart_3,unmarked
674,2025-08-08 16:29:28.637000,2163.35,2164.75,2166.25,1.4,1.5,2.9,20.69,0.9333,0.4828,0.3255,-0.3255,4.0779,0.2325,-0.217,-0.0002,0.3253,-0.0002,0,0.0,sart_3,sart_3,unmarked
675,2025-08-08 16:29:31.521000,2166.25,2167.6,2169.05,1.35,1.45,2.8,21.429,0.931,0.4821,0.3428,-0.3418,4.2944,0.2539,-0.2357,-0.0002,0.3426,0.0008,0,0.0,sart_3,sart_3,unmarked
676,2025-08-08 16:29:34.331000,2169.05,2170.4,2171.9,1.35,1.5,2.85,21.053,0.9,0.4737,0.3303,-0.3329,4.1378,0.2446,-0.222,0.0008,0.3311,-0.0019,0,0.0,sart_3,sart_3,unmarked
677,2025-08-08 16:29:37.212000,2171.9,2173.05,2174.5,1.15,1.45,2.6,23.077,0.7931,0.4423,0.3226,-0.3457,4.0419,0.2805,-0.2384,-0.0019,0.3208,-0.0249,0,0.0,sart_3,sart_3,unmarked
678,2025-08-08 16:29:39.830000,2174.5,2175.7,2177.35,1.2,1.65,2.85,21.053,0.7273,0.4211,0.3326,-0.3321,4.1675,0.2772,-0.2013,-0.0249,0.3077,-0.0244,0,0.0,sart_3,sart_3,unmarked
679,2025-08-08 16:29:42.702000,2177.35,2178.6,2180.15,1.25,1.55,2.8,21.429,0.8065,0.4464,0.3356,-0.3371,4.2049,0.2685,-0.2175,-0.0244,0.3113,-0.0258,0,0.0,sart_3,sart_3,unmarked
680,2025-08-08 16:29:45.558000,2180.15,2181.45,2182.95,1.3,1.5,2.8,21.429,0.8667,0.4643,0.3303,-0.33,4.1379,0.2541,-0.22,-0.0258,0.3045,-0.0256,0,0.0,sart_3,sart_3,unmarked
681,2025-08-08 16:29:48.225000,2182.95,2184.45,2186.0,1.5,1.55,3.05,19.672,0.9677,0.4918,0.3204,-0.3221,4.0135,0.2136,-0.2078,-0.0256,0.2948,-0.0273,0,0.0,sart_3,sart_3,unmarked
682,2025-08-08 16:29:51.316000,2186.0,2187.25,2188.8,1.25,1.55,2.8,21.429,0.8065,0.4464,0.3354,-0.3295,4.2023,0.2683,-0.2126,-0.0273,0.3081,-0.0214,0,0.0,sart_3,sart_3,unmarked
683,2025-08-08 16:29:54.105000,2188.8,2190.05,2191.8,1.25,1.75,3.0,20.0,0.7143,0.4167,0.3087,-0.3235,3.867,0.2469,-0.1849,-0.0214,0.2873,-0.0363,0,0.0,sart_3,sart_3,unmarked
684,2025-08-08 16:29:57.107000,2191.8,2193.05,2194.1,1.25,1.05,2.3,26.087,1.1905,0.5435,0.3311,-0.2946,4.1478,0.2649,-0.2806,-0.0363,0.2948,0.0002,0,0.0,sart_3,sart_3,unmarked
685,2025-08-08 16:29:59.419000,2194.1,2195.65,2197.6,1.55,1.95,3.5,17.143,0.7949,0.4429,0.4191,-0.3835,5.2504,0.2704,-0.1967,0.0002,0.4192,0.0358,0,0.0,sart_3,sart_3,unmarked
686,2025-08-08 16:30:02.931000,2197.6,2198.85,2201.05,1.25,2.2,3.45,17.391,0.5682,0.3623,0.3222,-0.3541,4.037,0.2578,-0.1609,0.0358,0.358,0.0039,1,0.5,sart_3,sart_3,unmarked
687,2025-08-08 16:30:06.321000,2201.05,2202.25,2203.85,1.2,1.6,2.8,21.429,0.75,0.4286,0.2843,-0.2788,3.5621,0.2369,-0.1742,0.0039,0.2882,0.0095,0,0.0,sart_3,sart_3,unmarked
688,2025-08-08 16:30:09.137000,2203.85,2205.15,2206.5,1.3,1.35,2.65,22.642,0.963,0.4906,0.3295,-0.3402,4.1282,0.2535,-0.252,0.0095,0.339,-0.0012,0,0.0,sart_3,sart_3,unmarked
689,2025-08-08 16:30:11.835000,2206.5,2207.95,2209.35,1.45,1.4,2.85,21.053,1.0357,0.5088,0.2853,-0.2841,3.5743,0.1968,-0.2029,-0.0012,0.2841,-0.0,0,0.0,sart_3,sart_3,unmarked
690,2025-08-08 16:30:14.630000,2209.35,2210.4,2212.15,1.05,1.75,2.8,21.429,0.6,0.375,0.3277,-0.3436,4.1054,0.3121,-0.1964,-0.0,0.3277,-0.016,1,0.35,sart_3,sart_3,unmarked
691,2025-08-08 16:30:17.527000,2212.15,2215.1,2217.15,2.95,2.05,5.0,12.0,1.439,0.59,1.6717,-1.6523,20.9443,0.5667,-0.806,-0.016,1.6558,0.0035,0,0.0,break_1,break_1,unmarked
692,2025-08-08 16:30:22.417000,2217.15,2221.05,2222.25,3.9,1.2,5.1,11.765,3.25,0.7647,0.3083,-0.2113,3.8625,0.0791,-0.1761,0.0035,0.3118,0.1005,0,0.0,break_1,break_1,unmarked
693,2025-08-08 16:30:27.598000,2222.25,2223.05,2224.9,0.8,1.85,2.65,22.642,0.4324,0.3019,0.1547,-0.2238,1.9383,0.1934,-0.121,0.1005,0.2552,0.0314,0,0.0,break_1,break_1,unmarked
694,2025-08-08 16:30:30.209000,2224.9,2226.2,2228.4,1.3,2.2,3.5,17.143,0.5909,0.3714,0.268,-0.293,3.3574,0.2061,-0.1332,0.0314,0.2993,0.0064,0,0.0,break_1,break_1,unmarked
695,2025-08-08 16:30:33.684000,2228.4,2229.85,2231.75,1.45,1.9,3.35,17.91,0.7632,0.4328,0.2716,-0.2648,3.4032,0.1873,-0.1394,0.0064,0.278,0.0132,0,0.0,break_1,break_1,unmarked
696,2025-08-08 16:30:37.106000,2231.75,2233.6,2235.65,1.85,2.05,3.9,15.385,0.9024,0.4744,0.3325,-0.3286,4.1659,0.1797,-0.1603,0.0132,0.3457,0.0172,1,0.65,break_1,break_1,unmarked
697,2025-08-08 16:30:41.007000,2235.65,2236.85,2238.95,1.2,2.1,3.3,18.182,0.5714,0.3636,0.31,-0.3201,3.8842,0.2584,-0.1524,0.0172,0.3272,0.0071,0,0.0,break_1,break_1,unmarked
698,2025-08-08 16:30:44.219000,2238.95,2240.25,2242.0,1.3,1.75,3.05,19.672,0.7429,0.4262,0.3085,-0.3076,3.8647,0.2373,-0.1758,0.0071,0.3156,0.008,0,0.0,break_1,break_1,unmarked
699,2025-08-08 16:30:47.302000,2242.0,2243.55,2245.05,1.55,1.5,3.05,19.672,1.0333,0.5082,0.3774,-0.3696,4.7287,0.2435,-0.2464,0.008,0.3854,0.0158,0,0.0,break_1,break_1,unmarked
700,2025-08-08 16:30:50.393000,2245.05,2246.45,2248.65,1.4,2.2,3.6,16.667,0.6364,0.3889,0.3406,-0.3619,4.2672,0.2433,-0.1645,0.0158,0.3564,-0.0054,1,0.25,break_1,break_1,unmarked
701,2025-08-08 16:30:53.929000,2248.65,2249.7,2251.5,1.05,1.8,2.85,21.053,0.5833,0.3684,0.3717,-0.3589,4.6574,0.354,-0.1994,-0.0054,0.3663,0.0074,1,0.3,break_1,break_1,unmarked
702,2025-08-08 16:30:56.781000,2251.5,2252.7,2254.3,1.2,1.6,2.8,21.429,0.75,0.4286,0.3302,-0.3506,4.1374,0.2752,-0.2191,0.0074,0.3376,-0.013,0,0.0,break_1,break_1,unmarked
703,2025-08-08 16:30:59.603000,2254.3,2255.45,2259.0,1.15,3.55,4.7,12.766,0.3239,0.2447,0.3498,-0.3255,4.3822,0.3042,-0.0917,-0.013,0.3368,0.0113,2,1.2,break_1,break_1,unmarked
704,2025-08-08 16:31:04.278000,2259.0,2260.6,2262.8,1.6,2.2,3.8,15.789,0.7273,0.4211,0.3487,-0.3775,4.3692,0.218,-0.1716,0.0113,0.36,-0.0174,0,0.0,break_1,break_1,unmarked
705,2025-08-08 16:31:08.089000,2262.8,2264.15,2266.45,1.35,2.3,3.65,16.438,0.587,0.3699,0.4475,-0.4392,5.6068,0.3315,-0.191,-0.0174,0.4301,-0.0091,1,0.4,break_1,break_1,unmarked
706,2025-08-08 16:31:11.811000,2266.45,2267.65,2269.55,1.2,1.9,3.1,19.355,0.6316,0.3871,0.2855,-0.2758,3.5774,0.238,-0.1451,-0.0091,0.2764,0.0006,1,0.3,break_1,break_1,unmarked
707,2025-08-08 16:31:14.907000,2269.55,2270.7,2272.65,1.15,1.95,3.1,19.355,0.5897,0.371,0.3314,-0.3386,4.1515,0.2881,-0.1737,0.0006,0.332,-0.0066,0,0.0,break_1,break_1,unmarked
708,2025-08-08 16:31:17.997000,2272.65,2273.75,2275.55,1.1,1.8,2.9,20.69,0.6111,0.3793,0.3136,-0.3125,3.9293,0.2851,-0.1736,-0.0066,0.307,-0.0055,0,0.0,break_1,break_1,unmarked
709,2025-08-08 16:31:20.907000,2275.55,2276.7,2278.5,1.15,1.8,2.95,20.339,0.6389,0.3898,0.3304,-0.316,4.1395,0.2873,-0.1756,-0.0055,0.3249,0.0089,0,0.0,break_1,break_1,unmarked
710,2025-08-08 16:31:23.785000,2278.5,2279.6,2281.75,1.1,2.15,3.25,18.462,0.5116,0.3385,0.2815,-0.2921,3.5271,0.2559,-0.1359,0.0089,0.2904,-0.0017,1,0.7,break_1,break_1,unmarked
711,2025-08-08 16:31:27.077000,2281.75,2283.2,2285.0,1.45,1.8,3.25,18.462,0.8056,0.4462,0.3346,-0.3242,4.1922,0.2308,-0.1801,-0.0017,0.3329,0.0087,0,0.0,break_1,break_1,unmarked
712,2025-08-08 16:31:30.295000,2285.0,2286.4,2288.05,1.4,1.65,3.05,19.672,0.8485,0.459,0.3717,-0.3733,4.6562,0.2655,-0.2263,0.0087,0.3803,0.007,0,0.0,break_1,break_1,unmarked
713,2025-08-08 16:31:33.378000,2288.05,2289.4,2290.9,1.35,1.5,2.85,21.053,0.9,0.4737,0.306,-0.3078,3.8333,0.2266,-0.2052,0.007,0.3129,0.0051,0,0.0,break_1,break_1,unmarked
714,2025-08-08 16:31:36.174000,2290.9,2292.15,2293.75,1.25,1.6,2.85,21.053,0.7813,0.4386,0.2441,-0.255,3.0587,0.1953,-0.1594,0.0051,0.2492,-0.0057,0,0.0,break_1,break_1,unmarked
715,2025-08-08 16:31:39.110000,2293.75,2294.95,2296.6,1.2,1.65,2.85,21.053,0.7273,0.4211,0.3019,-0.2979,3.7827,0.2516,-0.1805,-0.0057,0.2962,-0.0017,0,0.0,break_1,break_1,unmarked
716,2025-08-08 16:31:41.930000,2296.6,2298.15,2299.9,1.55,1.75,3.3,18.182,0.8857,0.4697,0.3811,-0.3688,4.7748,0.2459,-0.2108,-0.0017,0.3794,0.0106,0,0.0,break_1,break_1,unmarked
717,2025-08-08 16:31:45.207000,2299.9,2301.1,2303.1,1.2,2.0,3.2,18.75,0.6,0.375,0.3131,-0.3283,3.922,0.2609,-0.1641,0.0106,0.3236,-0.0046,0,0.0,break_1,break_1,unmarked
718,2025-08-08 16:31:48.377000,2303.1,2304.2,2305.6,1.1,1.4,2.5,24.0,0.7857,0.44,0.3052,-0.3037,3.8231,0.2774,-0.217,-0.0046,0.3005,-0.0032,0,0.0,break_1,break_1,unmarked
719,2025-08-08 16:31:50.897000,2305.6,2306.85,2308.35,1.25,1.5,2.75,21.818,0.8333,0.4545,0.2777,-0.2866,3.4793,0.2222,-0.1911,-0.0032,0.2745,-0.0121,0,0.0,break_1,break_1,unmarked
720,2025-08-08 16:31:53.696000,2308.35,2309.65,2311.1,1.3,1.45,2.75,21.818,0.8966,0.4727,0.2762,-0.2776,3.4604,0.2125,-0.1915,-0.0121,0.2641,-0.0135,0,0.0,break_1,break_1,unmarked
721,2025-08-08 16:31:56.396000,2311.1,2312.2,2313.85,1.1,1.65,2.75,21.818,0.6667,0.4,0.2899,-0.2911,3.6317,0.2635,-0.1764,-0.0135,0.2764,-0.0147,1,0.5,break_1,break_1,unmarked
722,2025-08-08 16:31:59.184000,2313.85,2314.95,2316.8,1.1,1.85,2.95,20.339,0.5946,0.3729,0.2715,-0.2223,3.4015,0.2468,-0.1202,-0.0147,0.2568,0.0344,1,0.4,break_1,break_1,unmarked
723,2025-08-08 16:32:02.089000,2316.8,2317.75,2319.6,0.95,1.85,2.8,21.429,0.5135,0.3393,0.2453,-0.2737,3.0729,0.2582,-0.148,0.0344,0.2797,0.006,1,0.3,break_1,break_1,unmarked
724,2025-08-08 16:32:04.881000,2319.6,2320.75,2322.5,1.15,1.75,2.9,20.69,0.6571,0.3966,0.2756,-0.2777,3.4526,0.2396,-0.1587,0.006,0.2815,0.0039,0,0.0,break_1,break_1,unmarked
725,2025-08-08 16:32:07.792000,2322.5,2323.6,2325.45,1.1,1.85,2.95,20.339,0.5946,0.3729,0.299,-0.3012,3.7459,0.2718,-0.1628,0.0039,0.3029,0.0016,1,0.35,break_1,break_1,unmarked
726,2025-08-08 16:32:10.796000,2325.45,2326.55,2328.3,1.1,1.75,2.85,21.053,0.6286,0.386,0.3054,-0.3108,3.8261,0.2776,-0.1776,0.0016,0.307,-0.0038,1,0.45,break_1,break_1,unmarked
727,2025-08-08 16:32:13.609000,2328.3,2329.55,2331.25,1.25,1.7,2.95,20.339,0.7353,0.4237,0.2841,-0.2802,3.5593,0.2273,-0.1648,-0.0038,0.2803,0.0001,0,0.0,break_1,break_1,unmarked
728,2025-08-08 16:32:16.525000,2331.25,2332.4,2334.1,1.15,1.7,2.85,21.053,0.6765,0.4035,0.2788,-0.2703,3.4933,0.2425,-0.159,0.0001,0.279,0.0086,1,0.45,break_1,break_1,unmarked
729,2025-08-08 16:32:19.397000,2334.1,2336.0,2338.6,1.9,2.6,4.5,13.333,0.7308,0.4222,0.4929,-0.4967,6.1747,0.2594,-0.191,0.0086,0.5015,0.0048,0,0.0,break_1,break_1,unmarked
730,2025-08-08 16:32:23.905000,2338.6,2339.8,2341.95,1.2,2.15,3.35,17.91,0.5581,0.3582,0.2942,-0.3005,3.6864,0.2452,-0.1398,0.0048,0.299,-0.0014,1,0.5,break_1,break_1,unmarked
731,2025-08-08 16:32:27.293000,2341.95,2343.45,2346.15,1.5,2.7,4.2,14.286,0.5556,0.3571,0.347,-0.3521,4.3469,0.2313,-0.1304,-0.0014,0.3455,-0.0065,0,0.0,break_1,break_1,unmarked
732,2025-08-08 16:32:31.496000,2346.15,2347.7,2350.2,1.55,2.5,4.05,14.815,0.62,0.3827,0.3378,-0.335,4.2318,0.2179,-0.134,-0.0065,0.3312,-0.0038,0,0.0,break_1,break_1,unmarked
733,2025-08-08 16:32:35.481000,2350.2,2351.55,2353.3,1.35,1.75,3.1,19.355,0.7714,0.4355,0.3286,-0.3164,4.1166,0.2434,-0.1808,-0.0038,0.3248,0.0084,0,0.0,break_1,break_1,unmarked
734,2025-08-08 16:32:38.601000,2353.3,2354.7,2356.75,1.4,2.05,3.45,17.391,0.6829,0.4058,0.304,-0.3098,3.8092,0.2172,-0.1511,0.0084,0.3125,0.0027,1,0.4,break_1,break_1,unmarked
735,2025-08-08 16:32:42.110000,2356.75,2357.9,2359.85,1.15,1.95,3.1,19.355,0.5897,0.371,0.2708,-0.2737,3.3933,0.2355,-0.1404,0.0027,0.2735,-0.0002,1,0.4,break_1,break_1,unmarked
736,2025-08-08 16:32:45.198000,2359.85,2361.05,2362.8,1.2,1.75,2.95,20.339,0.6857,0.4068,0.3311,-0.3238,4.1483,0.2759,-0.185,-0.0002,0.3309,0.0071,0,0.0,break_1,break_1,unmarked
737,2025-08-08 16:32:48.111000,2362.8,2363.95,2365.75,1.15,1.8,2.95,20.339,0.6389,0.3898,0.3457,-0.3564,4.3311,0.3006,-0.198,0.0071,0.3528,-0.0036,0,0.0,break_1,break_1,unmarked
738,2025-08-08 16:32:51.087000,2365.75,2366.85,2368.65,1.1,1.8,2.9,20.69,0.6111,0.3793,0.3368,-0.3436,4.2193,0.3062,-0.1909,-0.0036,0.3332,-0.0104,0,0.0,break_1,break_1,unmarked
739,2025-08-08 16:32:53.991000,2368.65,2370.45,2372.35,1.8,1.9,3.7,16.216,0.9474,0.4865,0.3417,-0.336,4.281,0.1898,-0.1769,-0.0104,0.3313,-0.0047,1,0.3,break_1,break_1,unmarked
740,2025-08-08 16:32:57.680000,2372.35,2373.45,2375.35,1.1,1.9,3.0,20.0,0.5789,0.3667,0.2942,-0.2927,3.6857,0.2674,-0.1541,-0.0047,0.2895,-0.0033,1,0.25,break_1,break_1,unmarked
741,2025-08-08 16:33:00.680000,2375.35,2376.45,2378.25,1.1,1.8,2.9,20.69,0.6111,0.3793,0.3144,-0.3118,3.9384,0.2858,-0.1732,-0.0033,0.3111,-0.0008,0,0.0,break_1,break_1,unmarked
742,2025-08-08 16:33:03.594000,2378.25,2379.35,2381.25,1.1,1.9,3.0,20.0,0.5789,0.3667,0.3183,-0.3253,3.9883,0.2894,-0.1712,-0.0008,0.3176,-0.0077,1,0.4,break_1,break_1,unmarked
743,2025-08-08 16:33:06.591000,2381.25,2382.4,2384.3,1.15,1.9,3.05,19.672,0.6053,0.377,0.2918,-0.2807,3.6554,0.2537,-0.1477,-0.0077,0.2841,0.0033,1,0.5,break_1,break_1,unmarked
744,2025-08-08 16:33:09.588000,2384.3,2385.5,2387.05,1.2,1.55,2.75,21.818,0.7742,0.4364,0.3069,-0.2993,3.8446,0.2557,-0.1931,0.0033,0.3102,0.0109,0,0.0,break_1,break_1,unmarked
745,2025-08-08 16:33:12.409000,2387.05,2388.2,2389.9,1.15,1.7,2.85,21.053,0.6765,0.4035,0.2847,-0.29,3.5667,0.2476,-0.1706,0.0109,0.2956,0.0056,0,0.0,break_1,break_1,unmarked
746,2025-08-08 16:33:15.200000,2389.9,2391.55,2393.4,1.65,1.85,3.5,17.143,0.8919,0.4714,0.3435,-0.3482,4.3041,0.2082,-0.1882,0.0056,0.3491,0.0009,0,0.0,break_1,break_1,unmarked
747,2025-08-08 16:33:18.706000,2393.4,2394.65,2396.55,1.25,1.9,3.15,19.048,0.6579,0.3968,0.313,-0.3106,3.9214,0.2504,-0.1635,0.0009,0.3139,0.0033,0,0.0,break_1,break_1,unmarked
748,2025-08-08 16:33:21.887000,2396.55,2397.6,2399.6,1.05,2.0,3.05,19.672,0.525,0.3443,0.2857,-0.2881,3.5798,0.2721,-0.1441,0.0033,0.289,0.0009,0,0.0,break_1,break_1,unmarked
749,2025-08-08 16:33:24.897000,2399.6,2400.85,2402.95,1.25,2.1,3.35,17.91,0.5952,0.3731,0.3517,-0.352,4.4057,0.2813,-0.1676,0.0009,0.3526,0.0006,0,0.0,break_1,break_1,unmarked
750,2025-08-08 16:33:28.217000,2402.95,2404.35,2406.15,1.4,1.8,3.2,18.75,0.7778,0.4375,0.3031,-0.307,3.7971,0.2165,-0.1706,0.0006,0.3037,-0.0033,0,0.0,break_1,break_1,unmarked
751,2025-08-08 16:33:31.495000,2406.15,2407.55,2409.3,1.4,1.75,3.15,19.048,0.8,0.4444,0.2811,-0.2719,3.5217,0.2008,-0.1554,-0.0033,0.2778,0.0058,0,0.0,break_1,break_1,unmarked
752,2025-08-08 16:33:34.585000,2409.3,2410.65,2412.3,1.35,1.65,3.0,20.0,0.8182,0.45,0.31,-0.3094,3.8834,0.2296,-0.1875,0.0058,0.3158,0.0064,0,0.0,break_1,break_1,unmarked
753,2025-08-08 16:33:37.587000,2412.3,2413.6,2415.4,1.3,1.8,3.1,19.355,0.7222,0.4194,0.3207,-0.3309,4.0178,0.2467,-0.1838,0.0064,0.3271,-0.0037,0,0.0,break_1,break_1,unmarked
754,2025-08-08 16:33:40.702000,2415.4,2416.55,2418.45,1.15,1.9,3.05,19.672,0.6053,0.377,0.2878,-0.2916,3.6059,0.2503,-0.1535,-0.0037,0.2841,-0.0075,1,0.4,break_1,break_1,unmarked
755,2025-08-08 16:33:43.787000,2418.45,2419.55,2421.55,1.1,2.0,3.1,19.355,0.55,0.3548,0.3317,-0.3346,4.1556,0.3015,-0.1673,-0.0075,0.3242,-0.0104,1,0.7,break_1,break_1,unmarked
756,2025-08-08 16:33:46.910000,2421.55,2422.9,2424.75,1.35,1.85,3.2,18.75,0.7297,0.4219,0.3742,-0.3646,4.688,0.2772,-0.1971,-0.0104,0.3638,-0.0008,0,0.0,break_1,break_1,unmarked
757,2025-08-08 16:33:50.098000,2424.75,2426.25,2428.3,1.5,2.05,3.55,16.901,0.7317,0.4225,0.3423,-0.3469,4.2888,0.2282,-0.1692,-0.0008,0.3415,-0.0054,0,0.0,break_1,break_1,unmarked
758,2025-08-08 16:33:53.605000,2428.3,2429.4,2431.3,1.1,1.9,3.0,20.0,0.5789,0.3667,0.2756,-0.2793,3.4526,0.2505,-0.147,-0.0054,0.2702,-0.0091,0,0.0,break_1,break_1,unmarked
759,2025-08-08 16:33:56.605000,2431.3,2432.45,2433.9,1.15,1.45,2.6,23.077,0.7931,0.4423,0.3025,-0.2855,3.7903,0.2631,-0.1969,-0.0091,0.2934,0.008,0,0.0,break_1,break_1,unmarked
760,2025-08-08 16:33:59.177000,2433.9,2435.15,2437.0,1.25,1.85,3.1,19.355,0.6757,0.4032,0.281,-0.2875,3.5209,0.2248,-0.1554,0.008,0.289,0.0015,1,0.4,break_1,break_1,unmarked
761,2025-08-08 16:34:02.297000,2437.0,2438.1,2439.85,1.1,1.75,2.85,21.053,0.6286,0.386,0.3179,-0.3146,3.9824,0.289,-0.1798,0.0015,0.3194,0.0048,0,0.0,break_1,break_1,unmarked
762,2025-08-08 16:34:05.152000,2439.85,2440.85,2442.65,1.0,1.8,2.8,21.429,0.5556,0.3571,0.3066,-0.3067,3.841,0.3066,-0.1704,0.0048,0.3114,0.0047,1,0.4,break_1,break_1,unmarked
763,2025-08-08 16:34:07.975000,2442.65,2443.75,2445.15,1.1,1.4,2.5,24.0,0.7857,0.44,0.2744,-0.2676,3.4378,0.2495,-0.1911,0.0047,0.2791,0.0116,0,0.0,break_1,break_1,unmarked
764,2025-08-08 16:34:10.486000,2445.15,2446.8,2448.25,1.65,1.45,3.1,19.355,1.1379,0.5323,0.3044,-0.3036,3.8133,0.1845,-0.2094,0.0116,0.3159,0.0123,0,0.0,break_1,break_1,unmarked
765,2025-08-08 16:34:13.615000,2448.25,2450.9,2455.55,2.65,4.65,7.3,8.219,0.5699,0.363,0.963,-0.9684,12.0645,0.3634,-0.2083,0.0123,0.9753,0.0069,0,0.0,break_1,break_1,unmarked
766,2025-08-08 16:34:20.897000,2455.55,2457.0,2458.95,1.45,1.95,3.4,17.647,0.7436,0.4265,0.2581,-0.2654,3.2342,0.178,-0.1361,0.0069,0.2651,-0.0003,0,0.0,break_1,break_1,unmarked
767,2025-08-08 16:34:24.286000,2458.95,2460.6,2463.0,1.65,2.4,4.05,14.815,0.6875,0.4074,0.2821,-0.2873,3.5338,0.1709,-0.1197,-0.0003,0.2818,-0.0055,1,0.8,break_1,break_1,unmarked
768,2025-08-08 16:34:28.284000,2463.0,2464.2,2466.25,1.2,2.05,3.25,18.462,0.5854,0.3692,0.251,-0.2428,3.1447,0.2092,-0.1185,-0.0055,0.2455,0.0027,0,0.0,break_1,break_1,unmarked
769,2025-08-08 16:34:31.578000,2466.25,2467.8,2470.3,1.55,2.5,4.05,14.815,0.62,0.3827,0.2291,-0.2428,2.8701,0.1478,-0.0971,0.0027,0.2318,-0.0111,1,1.0,break_1,break_1,unmarked
770,2025-08-08 16:34:35.604000,2470.3,2471.35,2473.4,1.05,2.05,3.1,19.355,0.5122,0.3387,0.2609,-0.2552,3.2683,0.2484,-0.1245,-0.0111,0.2498,-0.0054,1,0.6,break_1,break_1,unmarked
771,2025-08-08 16:34:38.692000,2473.4,2475.1,2476.65,1.7,1.55,3.25,18.462,1.0968,0.5231,0.2804,-0.2719,3.5134,0.165,-0.1754,-0.0054,0.2751,0.0032,0,0.0,break_1,break_1,unmarked
772,2025-08-08 16:34:41.986000,2476.65,2478.4,2480.45,1.75,2.05,3.8,15.789,0.8537,0.4605,0.3075,-0.3076,3.8523,0.1757,-0.1501,0.0032,0.3107,0.0031,1,0.55,break_1,break_1,unmarked
773,2025-08-08 16:34:45.796000,2480.45,2481.5,2483.55,1.05,2.05,3.1,19.355,0.5122,0.3387,0.2911,-0.2926,3.6465,0.2772,-0.1427,0.0031,0.2941,0.0015,1,0.65,break_1,break_1,unmarked
774,2025-08-08 16:34:48.892000,2483.55,2484.75,2486.6,1.2,1.85,3.05,19.672,0.6486,0.3934,0.3188,-0.3218,3.9943,0.2657,-0.174,0.0015,0.3203,-0.0015,1,0.45,break_1,break_1,unmarked
775,2025-08-08 16:34:51.896000,2486.6,2487.75,2489.65,1.15,1.9,3.05,19.672,0.6053,0.377,0.292,-0.2432,3.6583,0.2539,-0.128,-0.0015,0.2905,0.0473,1,0.5,break_1,break_1,unmarked
776,2025-08-08 16:34:55.016000,2489.65,2490.9,2493.25,1.25,2.35,3.6,16.667,0.5319,0.3472,0.3508,-0.4108,4.3946,0.2806,-0.1748,0.0473,0.3981,-0.0128,1,0.7,break_1,break_1,unmarked
777,2025-08-08 16:34:58.577000,2493.25,2494.45,2496.3,1.2,1.85,3.05,19.672,0.6486,0.3934,0.2892,-0.2877,3.6228,0.241,-0.1555,-0.0128,0.2764,-0.0113,1,0.45,break_1,break_1,unmarked
778,2025-08-08 16:35:01.585000,2496.3,2497.45,2499.45,1.15,2.0,3.15,19.048,0.575,0.3651,0.3165,-0.3168,3.9655,0.2752,-0.1584,-0.0113,0.3053,-0.0115,0,0.0,break_1,break_1,unmarked
779,2025-08-08 16:35:04.824000,2499.45,2500.9,2502.55,1.45,1.65,3.1,19.355,0.8788,0.4677,0.3288,-0.3195,4.119,0.2267,-0.1936,-0.0115,0.3172,-0.0023,0,0.0,break_1,break_1,unmarked
780,2025-08-08 16:35:07.881000,2502.55,2504.05,2505.9,1.5,1.85,3.35,17.91,0.8108,0.4478,0.2733,-0.2696,3.4237,0.1822,-0.1457,-0.0023,0.271,0.0014,0,0.0,break_1,break_1,unmarked
781,2025-08-08 16:35:11.176000,2505.9,2507.7,2509.85,1.8,2.15,3.95,15.19,0.8372,0.4557,0.3195,-0.3287,4.0034,0.1775,-0.1529,0.0014,0.321,-0.0078,0,0.0,break_1,break_1,unmarked
782,2025-08-08 16:35:15.202000,2509.85,2511.1,2513.15,1.25,2.05,3.3,18.182,0.6098,0.3788,0.3117,-0.3117,3.9048,0.2493,-0.152,-0.0078,0.3039,-0.0077,0,0.0,break_1,break_1,unmarked
783,2025-08-08 16:35:18.501000,2513.15,2514.95,2516.2,1.8,1.25,3.05,19.672,1.44,0.5902,0.3009,-0.213,3.7697,0.1672,-0.1704,-0.0077,0.2932,0.0801,0,0.0,subject_idle,subject_idle,unmarked
784,2025-08-08 16:35:21.499000,2516.2,2516.75,2517.55,0.55,0.8,1.35,44.444,0.6875,0.4074,0.1037,-0.1454,1.2996,0.1886,-0.1817,0.0801,0.1838,0.0385,1,0.65,subject_idle,subject_idle,unmarked
785,2025-08-08 16:35:22.912000,2517.55,2518.65,2520.65,1.1,2.0,3.1,19.355,0.55,0.3548,0.2555,-0.2954,3.2007,0.2322,-0.1477,0.0385,0.294,-0.0014,0,0.0,subject_idle,subject_idle,unmarked
786,2025-08-08 16:35:25.997000,2520.65,2521.85,2522.95,1.2,1.1,2.3,26.087,1.0909,0.5217,0.3194,-0.2908,4.0014,0.2662,-0.2644,-0.0014,0.318,0.0271,0,0.0,subject_idle,subject_idle,unmarked
787,2025-08-08 16:35:28.310000,2522.95,2523.35,2524.05,0.4,0.7,1.1,54.545,0.5714,0.3636,0.1588,-0.1524,1.9896,0.397,-0.2177,0.0271,0.1859,0.0336,1,0.55,subject_idle,subject_idle,unmarked
788,2025-08-08 16:35:29.419000,2524.05,2525.0,2527.0,0.95,2.0,2.95,20.339,0.475,0.322,0.2468,-0.2937,3.0925,0.2598,-0.1468,0.0336,0.2804,-0.0133,1,0.75,sart_4,sart_4,unmarked
789,2025-08-08 16:35:32.297000,2527.0,2528.2,2530.35,1.2,2.15,3.35,17.91,0.5581,0.3582,0.2863,-0.3164,3.587,0.2386,-0.1472,-0.0133,0.273,-0.0434,1,0.45,sart_4,sart_4,unmarked
790,2025-08-08 16:35:35.687000,2530.35,2531.4,2533.4,1.05,2.0,3.05,19.672,0.525,0.3443,0.4503,-0.3736,5.641,0.4288,-0.1868,-0.0434,0.4069,0.0333,0,0.0,sart_4,sart_4,unmarked
791,2025-08-08 16:35:38.688000,2533.4,2534.5,2536.3,1.1,1.8,2.9,20.69,0.6111,0.3793,0.2237,-0.2887,2.8026,0.2034,-0.1604,0.0333,0.257,-0.0317,0,0.0,sart_4,sart_4,unmarked
792,2025-08-08 16:35:41.571000,2536.3,2538.85,2542.35,2.55,3.5,6.05,9.917,0.7286,0.4215,0.6005,-0.5977,7.5236,0.2355,-0.1708,-0.0317,0.5688,-0.0289,1,0.7,sart_4,sart_4,unmarked
793,2025-08-08 16:35:47.694000,2542.35,2543.55,2544.95,1.2,1.4,2.6,23.077,0.8571,0.4615,0.2606,-0.2504,3.2651,0.2172,-0.1789,-0.0289,0.2317,-0.0187,0,0.0,sart_4,sart_4,unmarked
794,2025-08-08 16:35:50.304000,2544.95,2545.85,2547.35,0.9,1.5,2.4,25.0,0.6,0.375,0.2063,-0.2006,2.5845,0.2292,-0.1337,-0.0187,0.1876,-0.013,0,0.0,sart_4,sart_4,unmarked
795,2025-08-08 16:35:52.699000,2547.35,2547.85,2548.35,0.5,0.5,1.0,60.0,1.0,0.5,0.3826,-0.2198,4.7938,0.7653,-0.4395,-0.013,0.3696,0.1499,0,0.0,sart_4,sart_4,unmarked
796,2025-08-08 16:35:53.687000,2548.35,2548.95,2550.55,0.6,1.6,2.2,27.273,0.375,0.2727,0.3089,-0.4598,3.8701,0.5148,-0.2874,0.1499,0.4588,-0.001,0,0.0,sart_4,sart_4,unmarked
797,2025-08-08 16:35:55.907000,2550.55,2551.75,2554.1,1.2,2.35,3.55,16.901,0.5106,0.338,0.2765,-0.2447,3.4643,0.2304,-0.1041,-0.001,0.2755,0.0308,0,0.0,sart_4,sart_4,unmarked
798,2025-08-08 16:35:59.391000,2554.1,2555.05,2556.55,0.95,1.5,2.45,24.49,0.6333,0.3878,0.4061,-0.3443,5.0874,0.4274,-0.2295,0.0308,0.4369,0.0926,0,0.0,sart_4,sart_4,unmarked
799,2025-08-08 16:36:01.885000,2556.55,2557.95,2559.55,1.4,1.6,3.0,20.0,0.875,0.4667,0.4205,-0.3975,5.2676,0.3003,-0.2485,0.0926,0.5131,0.1155,0,0.0,sart_4,sart_4,unmarked
800,2025-08-08 16:36:04.882000,2559.55,2560.65,2562.05,1.1,1.4,2.5,24.0,0.7857,0.44,0.3274,-0.355,4.1021,0.2977,-0.2536,0.1155,0.443,0.088,0,0.0,sart_4,sart_4,unmarked
801,2025-08-08 16:36:07.396000,2562.05,2563.1,2565.05,1.05,1.95,3.0,20.0,0.5385,0.35,0.2296,-0.272,2.8766,0.2187,-0.1395,0.088,0.3176,0.0456,0,0.0,sart_4,sart_4,unmarked
802,2025-08-08 16:36:10.406000,2565.05,2567.95,2571.95,2.9,4.0,6.9,8.696,0.725,0.4203,1.3599,-1.4102,17.0373,0.4689,-0.3525,0.0456,1.4055,-0.0047,0,0.0,sart_4,sart_4,unmarked
803,2025-08-08 16:36:17.299000,2571.95,2573.45,2575.35,1.5,1.9,3.4,17.647,0.7895,0.4412,0.2489,-0.2657,3.118,0.1659,-0.1399,-0.0047,0.2442,-0.0215,0,0.0,sart_4,sart_4,unmarked
804,2025-08-08 16:36:20.688000,2575.35,2576.5,2577.8,1.15,1.3,2.45,24.49,0.8846,0.4694,0.2484,-0.2268,3.1125,0.216,-0.1745,-0.0215,0.2269,0.0001,0,0.0,sart_4,sart_4,unmarked
805,2025-08-08 16:36:23.094000,2577.8,2579.35,2581.75,1.55,2.4,3.95,15.19,0.6458,0.3924,0.201,-0.2051,2.5181,0.1297,-0.0854,0.0001,0.2011,-0.004,0,0.0,sart_4,sart_4,unmarked
806,2025-08-08 16:36:27.139000,2581.75,2582.75,2585.05,1.0,2.3,3.3,18.182,0.4348,0.303,0.243,-0.2456,3.0442,0.243,-0.1068,-0.004,0.239,-0.0067,1,0.7,sart_4,sart_4,unmarked
807,2025-08-08 16:36:30.414000,2585.05,2586.0,2588.1,0.95,2.1,3.05,19.672,0.4524,0.3115,0.2571,-0.2908,3.2207,0.2706,-0.1385,-0.0067,0.2504,-0.0404,1,0.4,sart_4,sart_4,unmarked
808,2025-08-08 16:36:33.377000,2588.1,2589.2,2590.6,1.1,1.4,2.5,24.0,0.7857,0.44,0.32,-0.2807,4.0085,0.2909,-0.2005,-0.0404,0.2796,-0.0011,0,0.0,sart_4,sart_4,unmarked
809,2025-08-08 16:36:35.896000,2590.6,2592.1,2593.8,1.5,1.7,3.2,18.75,0.8824,0.4687,0.2939,-0.2387,3.6816,0.1959,-0.1404,-0.0011,0.2928,0.054,1,0.35,sart_4,sart_4,unmarked
810,2025-08-08 16:36:39.080000,2593.8,2594.95,2596.45,1.15,1.5,2.65,22.642,0.7667,0.434,0.2456,-0.2909,3.0764,0.2135,-0.1939,0.054,0.2996,0.0087,0,0.0,sart_4,sart_4,unmarked
811,2025-08-08 16:36:41.814000,2596.45,2597.95,2599.8,1.5,1.85,3.35,17.91,0.8108,0.4478,0.2953,-0.2993,3.6992,0.1968,-0.1618,0.0087,0.304,0.0047,0,0.0,sart_4,sart_4,unmarked
812,2025-08-08 16:36:45.084000,2599.8,2601.0,2602.45,1.2,1.45,2.65,22.642,0.8276,0.4528,0.2973,-0.2939,3.7245,0.2477,-0.2027,0.0047,0.302,0.008,0,0.0,sart_4,sart_4,unmarked
813,2025-08-08 16:36:47.786000,2602.45,2603.85,2605.4,1.4,1.55,2.95,20.339,0.9032,0.4746,0.281,-0.2952,3.5206,0.2007,-0.1905,0.008,0.2891,-0.0061,0,0.0,sart_4,sart_4,unmarked
814,2025-08-08 16:36:50.720000,2605.4,2606.75,2608.4,1.35,1.65,3.0,20.0,0.8182,0.45,0.3528,-0.3462,4.4201,0.2613,-0.2098,-0.0061,0.3467,0.0004,0,0.0,sart_4,sart_4,unmarked
815,2025-08-08 16:36:53.694000,2608.4,2609.65,2610.95,1.25,1.3,2.55,23.529,0.9615,0.4902,0.3077,-0.3278,3.8553,0.2462,-0.2522,0.0004,0.3082,-0.0197,0,0.0,sart_4,sart_4,unmarked
816,2025-08-08 16:36:56.296000,2610.95,2612.25,2613.85,1.3,1.6,2.9,20.69,0.8125,0.4483,0.3145,-0.2991,3.9402,0.2419,-0.1869,-0.0197,0.2948,-0.0043,0,0.0,sart_4,sart_4,unmarked
817,2025-08-08 16:36:59.119000,2613.85,2614.85,2616.65,1.0,1.8,2.8,21.429,0.5556,0.3571,0.3166,-0.3195,3.9669,0.3166,-0.1775,-0.0043,0.3124,-0.0071,0,0.0,sart_4,sart_4,unmarked
818,2025-08-08 16:37:02.003000,2616.65,2617.7,2619.4,1.05,1.7,2.75,21.818,0.6176,0.3818,0.3438,-0.3339,4.307,0.3274,-0.1964,-0.0071,0.3367,0.0028,0,0.0,sart_4,sart_4,unmarked
819,2025-08-08 16:37:04.696000,2619.4,2620.45,2622.1,1.05,1.65,2.7,22.222,0.6364,0.3889,0.3348,-0.3382,4.194,0.3188,-0.205,0.0028,0.3375,-0.0007,0,0.0,sart_4,sart_4,unmarked
820,2025-08-08 16:37:07.404000,2622.1,2623.25,2625.0,1.15,1.75,2.9,20.69,0.6571,0.3966,0.3246,-0.3225,4.0661,0.2822,-0.1843,-0.0007,0.3239,0.0014,0,0.0,sart_4,sart_4,unmarked
821,2025-08-08 16:37:10.279000,2625.0,2626.2,2627.75,1.2,1.55,2.75,21.818,0.7742,0.4364,0.3193,-0.3222,4.0003,0.2661,-0.2079,0.0014,0.3207,-0.0015,0,0.0,sart_4,sart_4,unmarked
822,2025-08-08 16:37:13.103000,2627.75,2628.9,2630.4,1.15,1.5,2.65,22.642,0.7667,0.434,0.2949,-0.2991,3.6951,0.2565,-0.1994,-0.0015,0.2934,-0.0056,0,0.0,sart_4,sart_4,unmarked
823,2025-08-08 16:37:15.686000,2630.4,2631.3,2633.0,0.9,1.7,2.6,23.077,0.5294,0.3462,0.289,-0.2782,3.6213,0.3212,-0.1637,-0.0056,0.2834,0.0052,0,0.0,sart_4,sart_4,unmarked
824,2025-08-08 16:37:18.293000,2633.0,2634.1,2635.75,1.1,1.65,2.75,21.818,0.6667,0.4,0.3319,-0.3401,4.1585,0.3017,-0.2061,0.0052,0.3371,-0.003,0,0.0,sart_4,sart_4,unmarked
825,2025-08-08 16:37:21.082000,2635.75,2637.25,2639.05,1.5,1.8,3.3,18.182,0.8333,0.4545,0.32,-0.306,4.0085,0.2133,-0.17,-0.003,0.317,0.011,0,0.0,sart_4,sart_4,unmarked
826,2025-08-08 16:37:24.407000,2639.05,2640.3,2641.65,1.25,1.35,2.6,23.077,0.9259,0.4808,0.3091,-0.2992,3.8719,0.2472,-0.2216,0.011,0.3201,0.0209,0,0.0,sart_4,sart_4,unmarked
827,2025-08-08 16:37:26.986000,2641.65,2643.45,2645.3,1.8,1.85,3.65,16.438,0.973,0.4932,0.2186,-0.2327,2.7393,0.1215,-0.1258,0.0209,0.2395,0.0068,0,0.0,sart_4,sart_4,unmarked
828,2025-08-08 16:37:30.587000,2645.3,2646.7,2648.5,1.4,1.8,3.2,18.75,0.7778,0.4375,0.3174,-0.3053,3.9766,0.2267,-0.1696,0.0068,0.3242,0.0189,0,0.0,sart_4,sart_4,unmarked
829,2025-08-08 16:37:33.796000,2648.5,2649.7,2651.15,1.2,1.45,2.65,22.642,0.8276,0.4528,0.3194,-0.3398,4.0011,0.2661,-0.2343,0.0189,0.3383,-0.0015,0,0.0,sart_4,sart_4,unmarked
830,2025-08-08 16:37:36.502000,2651.15,2652.65,2654.25,1.5,1.6,3.1,19.355,0.9375,0.4839,0.2971,-0.3021,3.7225,0.1981,-0.1888,-0.0015,0.2956,-0.0065,0,0.0,sart_4,sart_4,unmarked
831,2025-08-08 16:37:39.588000,2654.25,2655.45,2657.3,1.2,1.85,3.05,19.672,0.6486,0.3934,0.2976,-0.296,3.7287,0.248,-0.16,-0.0065,0.2911,-0.0049,0,0.0,sart_4,sart_4,unmarked
832,2025-08-08 16:37:42.587000,2657.3,2658.6,2660.25,1.3,1.65,2.95,20.339,0.7879,0.4407,0.3078,-0.3043,3.8561,0.2368,-0.1844,-0.0049,0.3029,-0.0014,0,0.0,sart_4,sart_4,unmarked
833,2025-08-08 16:37:45.591000,2660.25,2661.6,2663.2,1.35,1.6,2.95,20.339,0.8437,0.4576,0.3118,-0.3136,3.9064,0.231,-0.196,-0.0014,0.3104,-0.0033,0,0.0,sart_4,sart_4,unmarked
834,2025-08-08 16:37:48.590000,2663.2,2664.55,2666.1,1.35,1.55,2.9,20.69,0.871,0.4655,0.324,-0.3182,4.0586,0.24,-0.2053,-0.0033,0.3207,0.0025,0,0.0,sart_4,sart_4,unmarked
835,2025-08-08 16:37:51.376000,2666.1,2667.3,2669.0,1.2,1.7,2.9,20.69,0.7059,0.4138,0.3176,-0.3145,3.9785,0.2646,-0.185,0.0025,0.32,0.0055,0,0.0,sart_4,sart_4,unmarked
836,2025-08-08 16:37:54.290000,2669.0,2670.25,2671.95,1.25,1.7,2.95,20.339,0.7353,0.4237,0.3254,-0.3247,4.0764,0.2603,-0.191,0.0055,0.3309,0.0062,0,0.0,sart_4,sart_4,unmarked
837,2025-08-08 16:37:57.287000,2671.95,2673.15,2674.85,1.2,1.7,2.9,20.69,0.7059,0.4138,0.3012,-0.3447,3.7735,0.251,-0.2028,0.0062,0.3074,-0.0373,0,0.0,sart_4,sart_4,unmarked
838,2025-08-08 16:38:00.206000,2674.85,2676.4,2677.95,1.55,1.55,3.1,19.355,1.0,0.5,0.3184,-0.3265,3.9884,0.2054,-0.2107,-0.0373,0.2811,-0.0455,0,0.0,sart_4,sart_4,unmarked
839,2025-08-08 16:38:03.296000,2677.95,2679.25,2680.6,1.3,1.35,2.65,22.642,0.963,0.4906,0.3133,-0.2808,3.925,0.241,-0.208,-0.0455,0.2678,-0.013,0,0.0,sart_4,sart_4,unmarked
840,2025-08-08 16:38:05.896000,2680.6,2684.05,2688.1,3.45,4.05,7.5,8.0,0.8519,0.46,1.0527,-1.0051,13.1882,0.3051,-0.2482,-0.013,1.0397,0.0346,0,0.0,sart_4,sart_4,unmarked
841,2025-08-08 16:38:13.398000,2688.1,2688.45,2689.35,0.35,0.9,1.25,48.0,0.3889,0.28,0.4406,-0.4681,5.5205,1.259,-0.5201,0.0346,0.4752,0.0071,1,0.5,sart_4,sart_4,unmarked
842,2025-08-08 16:38:14.689000,2689.35,2690.25,2691.55,0.9,1.3,2.2,27.273,0.6923,0.4091,0.2346,-0.2481,2.9394,0.2607,-0.1909,0.0071,0.2417,-0.0064,0,0.0,sart_4,sart_4,unmarked
843,2025-08-08 16:38:16.883000,2691.55,2693.65,2696.0,2.1,2.35,4.45,13.483,0.8936,0.4719,0.5083,-0.523,6.3678,0.242,-0.2225,-0.0064,0.5018,-0.0211,0,0.0,sart_4,sart_4,unmarked
844,2025-08-08 16:38:21.290000,2696.0,2697.5,2698.6,1.5,1.1,2.6,23.077,1.3636,0.5769,0.2177,-0.1856,2.7277,0.1451,-0.1688,-0.0211,0.1966,0.0109,0,0.0,sart_4,sart_4,unmarked
845,2025-08-08 16:38:23.867000,2698.6,2699.5,2701.2,0.9,1.7,2.6,23.077,0.5294,0.3462,0.3451,-0.3905,4.324,0.3835,-0.2297,0.0109,0.3561,-0.0344,0,0.0,stressor_test_2,stressor_test_2,unmarked
846,2025-08-08 16:38:26.485000,2701.2,2702.1,2705.75,0.9,3.65,4.55,13.187,0.2466,0.1978,0.3577,-0.3104,4.4808,0.3974,-0.085,-0.0344,0.3232,0.0128,1,0.8,stressor_test_2,stressor_test_2,unmarked
847,2025-08-08 16:38:31.096000,2705.75,2706.65,2708.35,0.9,1.7,2.6,23.077,0.5294,0.3462,0.1629,-0.2241,2.0409,0.181,-0.1318,0.0128,0.1757,-0.0484,0,0.0,stressor_test_2,stressor_test_2,unmarked
848,2025-08-08 16:38:33.713000,2708.35,2709.25,2710.55,0.9,1.3,2.2,27.273,0.6923,0.4091,0.2401,-0.2091,3.0082,0.2668,-0.1608,-0.0484,0.1917,-0.0174,0,0.0,stressor_test_2,stressor_test_2,unmarked
849,2025-08-08 16:38:35.906000,2710.55,2712.45,2713.85,1.9,1.4,3.3,18.182,1.3571,0.5758,0.3045,-0.2992,3.8147,0.1603,-0.2137,-0.0174,0.2871,-0.0121,0,0.0,stressor_test_2,stressor_test_2,unmarked
850,2025-08-08 16:38:39.201000,2713.85,2715.4,2717.3,1.55,1.9,3.45,17.391,0.8158,0.4493,0.3357,-0.3112,4.2052,0.2166,-0.1638,-0.0121,0.3236,0.0123,0,0.0,stressor_test_2,stressor_test_2,unmarked
851,2025-08-08 16:38:42.596000,2717.3,2718.3,2720.8,1.0,2.5,3.5,17.143,0.4,0.2857,0.4168,-0.3564,5.2219,0.4168,-0.1426,0.0123,0.4292,0.0728,1,0.45,stressor_test_2,stressor_test_2,unmarked
852,2025-08-08 16:38:46.099000,2720.8,2721.15,2722.1,0.35,0.95,1.3,46.154,0.3684,0.2692,0.1378,-0.1363,1.7267,0.3938,-0.1435,0.0728,0.2106,0.0742,0,0.0,stressor_test_2,stressor_test_2,unmarked
853,2025-08-08 16:38:47.390000,2722.1,2722.8,2724.45,0.7,1.65,2.35,25.532,0.4242,0.2979,0.2676,-0.3418,3.3527,0.3823,-0.2071,0.0742,0.3418,0.0,0,0.0,stressor_test_2,stressor_test_2,unmarked
854,2025-08-08 16:38:49.796000,2724.45,2725.6,2730.1,1.15,4.5,5.65,10.619,0.2556,0.2035,0.4046,-0.4014,5.0693,0.3518,-0.0892,0.0,0.4047,0.0033,0,0.0,stressor_test_2,stressor_test_2,unmarked
855,2025-08-08 16:38:55.486000,2730.1,2730.95,2732.2,0.85,1.25,2.1,28.571,0.68,0.4048,0.2166,-0.2495,2.7139,0.2548,-0.1996,0.0033,0.2199,-0.0296,0,0.0,stressor_test_2,stressor_test_2,unmarked
856,2025-08-08 16:38:57.473000,2732.2,2734.4,2735.2,2.2,0.8,3.0,20.0,2.75,0.7333,0.3475,-0.2115,4.354,0.158,-0.2644,-0.0296,0.318,0.1065,0,0.0,stressor_test_2,stressor_test_2,unmarked
857,2025-08-08 16:39:00.496000,2735.2,2735.75,2736.75,0.55,1.0,1.55,38.71,0.55,0.3548,0.1681,-0.1896,2.1065,0.3057,-0.1896,0.1065,0.2746,0.085,0,0.0,stressor_test_2,stressor_test_2,unmarked
858,2025-08-08 16:39:02.086000,2736.75,2737.1,2739.25,0.35,2.15,2.5,24.0,0.1628,0.14,0.1592,-0.2339,1.9946,0.4549,-0.1088,0.085,0.2442,0.0103,0,0.0,stressor_test_2,stressor_test_2,unmarked
859,2025-08-08 16:39:04.614000,2739.25,2740.2,2741.55,0.95,1.35,2.3,26.087,0.7037,0.413,0.2511,-0.2614,3.1452,0.2643,-0.1936,0.0103,0.2614,0.0,0,0.0,stressor_test_2,stressor_test_2,unmarked
860,2025-08-08 16:39:06.886000,2741.55,2743.5,2745.9,1.95,2.4,4.35,13.793,0.8125,0.4483,0.3128,-0.2532,3.9186,0.1604,-0.1055,0.0,0.3128,0.0596,0,0.0,stressor_test_2,stressor_test_2,unmarked
861,2025-08-08 16:39:11.178000,2745.9,2746.9,2749.45,1.0,2.55,3.55,16.901,0.3922,0.2817,0.4086,-0.4727,5.1185,0.4086,-0.1854,0.0596,0.4681,-0.0045,0,0.0,stressor_test_2,stressor_test_2,unmarked
862,2025-08-08 16:39:14.783000,2749.45,2756.5,2758.3,7.05,1.8,8.85,6.78,3.9167,0.7966,1.7309,-1.6062,21.6856,0.2455,-0.8923,-0.0045,1.7264,0.1202,1,0.6,stressor_test_2,stressor_test_2,unmarked
863,2025-08-08 16:39:23.572000,2758.3,2759.6,2762.9,1.3,3.3,4.6,13.043,0.3939,0.2826,0.4433,-0.5606,5.5541,0.341,-0.1699,0.1202,0.5635,0.0029,0,0.0,stressor_test_2,stressor_test_2,unmarked
864,2025-08-08 16:39:28.187000,2762.9,2763.25,2764.2,0.35,0.95,1.3,46.154,0.3684,0.2692,0.213,-0.2383,2.669,0.6087,-0.2509,0.0029,0.2159,-0.0224,0,0.0,stressor_test_2,stressor_test_2,unmarked
865,2025-08-08 16:39:29.478000,2764.2,2767.45,2769.65,3.25,2.2,5.45,11.009,1.4773,0.5963,0.4409,-0.3929,5.5239,0.1357,-0.1786,-0.0224,0.4185,0.0256,0,0.0,stressor_test_2,stressor_test_2,unmarked
866,2025-08-08 16:39:34.997000,2769.65,2770.95,2774.45,1.3,3.5,4.8,12.5,0.3714,0.2708,0.2888,-0.3112,3.6179,0.2221,-0.0889,0.0256,0.3144,0.0032,1,1.45,stressor_test_2,stressor_test_2,unmarked
867,2025-08-08 16:39:39.806000,2774.45,2776.8,2778.55,2.35,1.75,4.1,14.634,1.3429,0.5732,0.3305,-0.3184,4.1406,0.1406,-0.182,0.0032,0.3337,0.0153,0,0.0,stressor_test_2,stressor_test_2,unmarked
868,2025-08-08 16:39:43.876000,2778.55,2780.05,2784.3,1.5,4.25,5.75,10.435,0.3529,0.2609,0.8125,-0.8411,10.1791,0.5417,-0.1979,0.0153,0.8278,-0.0134,0,0.0,stressor_test_2,stressor_test_2,unmarked
869,2025-08-08 16:39:49.576000,2784.3,2786.85,2789.15,2.55,2.3,4.85,12.371,1.1087,0.5258,0.3499,-0.3665,4.3837,0.1372,-0.1594,-0.0134,0.3365,-0.03,0,0.0,stressor_test_2,stressor_test_2,unmarked
870,2025-08-08 16:39:54.500000,2789.15,2790.0,2792.25,0.85,2.25,3.1,19.355,0.3778,0.2742,0.1887,-0.198,2.3635,0.2219,-0.088,-0.03,0.1586,-0.0393,1,0.65,stressor_test_2,stressor_test_2,unmarked
871,2025-08-08 16:39:57.596000,2792.25,2793.1,2794.5,0.85,1.4,2.25,26.667,0.6071,0.3778,0.245,-0.1826,3.0688,0.2882,-0.1304,-0.0393,0.2056,0.0231,0,0.0,stressor_test_2,stressor_test_2,unmarked
872,2025-08-08 16:39:59.784000,2794.5,2795.2,2798.35,0.7,3.15,3.85,15.584,0.2222,0.1818,0.2695,-0.2979,3.376,0.385,-0.0946,0.0231,0.2925,-0.0054,0,0.0,stressor_test_2,stressor_test_2,unmarked
873,2025-08-08 16:40:03.709000,2798.35,2799.15,2801.4,0.8,2.25,3.05,19.672,0.3556,0.2623,0.1863,-0.2312,2.3337,0.2328,-0.1028,-0.0054,0.1809,-0.0503,0,0.0,stressor_test_2,stressor_test_2,unmarked
874,2025-08-08 16:40:06.683000,2801.4,2802.6,2804.4,1.2,1.8,3.0,20.0,0.6667,0.4,0.2445,-0.2487,3.0626,0.2037,-0.1382,-0.0503,0.1941,-0.0546,1,0.4,stressor_test_2,stressor_test_2,unmarked
875,2025-08-08 16:40:09.678000,2804.4,2805.6,2808.4,1.2,2.8,4.0,15.0,0.4286,0.3,0.3153,-0.2565,3.9502,0.2628,-0.0916,-0.0546,0.2607,0.0042,1,0.55,stressor_test_2,stressor_test_2,unmarked
876,2025-08-08 16:40:13.698000,2808.4,2809.3,2810.75,0.9,1.45,2.35,25.532,0.6207,0.383,0.2496,-0.221,3.1274,0.2774,-0.1524,0.0042,0.2539,0.0328,0,0.0,stressor_test_2,stressor_test_2,unmarked
877,2025-08-08 16:40:16.103000,2810.75,2811.15,2813.25,0.4,2.1,2.5,24.0,0.1905,0.16,0.3717,-0.4802,4.6571,0.9293,-0.2287,0.0328,0.4045,-0.0757,0,0.0,stressor_test_2,stressor_test_2,unmarked
878,2025-08-08 16:40:18.533000,2813.25,2814.5,2818.05,1.25,3.55,4.8,12.5,0.3521,0.2604,0.6455,-0.1911,8.0865,0.5164,-0.0538,-0.0757,0.5698,0.3787,0,0.0,stressor_test_2,stressor_test_2,unmarked
879,2025-08-08 16:40:23.391000,2818.05,2819.35,2824.8,1.3,5.45,6.75,8.889,0.2385,0.1926,0.9693,-1.4269,12.1437,0.7456,-0.2618,0.3787,1.348,-0.0789,0,0.0,stressor_test_2,stressor_test_2,unmarked
880,2025-08-08 16:40:30.081000,2824.8,2827.5,2829.1,2.7,1.6,4.3,13.953,1.6875,0.6279,1.2055,-0.9667,15.1032,0.4465,-0.6042,-0.0789,1.1266,0.16,0,0.0,stressor_test_2,stressor_test_2,unmarked
881,2025-08-08 16:40:34.367000,2829.1,2830.15,2833.6,1.05,3.45,4.5,13.333,0.3043,0.2333,0.4817,-0.6116,6.0352,0.4588,-0.1773,0.16,0.6417,0.0301,1,0.7,stressor_test_2,stressor_test_2,unmarked
882,2025-08-08 16:40:38.900000,2833.6,2837.1,2840.9,3.5,3.8,7.3,8.219,0.9211,0.4795,0.5572,-0.7626,6.9805,0.1592,-0.2007,0.0301,0.5872,-0.1754,1,1.55,stressor_test_2,stressor_test_2,unmarked
883,2025-08-08 16:40:46.188000,2840.9,2844.8,2849.15,3.9,4.35,8.25,7.273,0.8966,0.4727,0.6505,-0.6177,8.1496,0.1668,-0.142,-0.1754,0.4751,-0.1426,1,1.65,stressor_test_2,stressor_test_2,unmarked
884,2025-08-08 16:40:54.499000,2849.15,2852.4,2854.15,3.25,1.75,5.0,12.0,1.8571,0.65,1.154,-0.7416,14.4583,0.3551,-0.4238,-0.1426,1.0114,0.2698,0,0.0,stressor_test_2,stressor_test_2,unmarked
885,2025-08-08 16:40:59.485000,2854.15,2854.7,2856.0,0.55,1.3,1.85,32.432,0.4231,0.2973,0.3548,-0.5946,4.4456,0.6452,-0.4574,0.2698,0.6247,0.0301,0,0.0,stressor_test_2,stressor_test_2,unmarked
886,2025-08-08 16:41:01.280000,2856.0,2856.7,2859.65,0.7,2.95,3.65,16.438,0.2373,0.1918,0.6334,-0.5574,7.9361,0.9049,-0.189,0.0301,0.6635,0.1061,1,0.45,stressor_test_2,stressor_test_2,unmarked
887,2025-08-08 16:41:05,2859.65,2860.45,2861.95,0.8,1.5,2.3,26.087,0.5333,0.3478,0.2863,-0.2953,3.5869,0.3579,-0.1969,0.1061,0.3924,0.0971,0,0.0,stressor_test_2,stressor_test_2,unmarked
888,2025-08-08 16:41:07.314000,2861.95,2863.9,2867.55,1.95,3.65,5.6,10.714,0.5342,0.3482,0.4829,-0.5342,6.05,0.2476,-0.1464,0.0971,0.58,0.0458,0,0.0,stressor_test_2,stressor_test_2,unmarked
889,2025-08-08 16:41:12.889000,2867.55,2868.3,2870.05,0.75,1.75,2.5,24.0,0.4286,0.3,0.2466,-0.2372,3.0894,0.3288,-0.1355,0.0458,0.2924,0.0552,1,0.7,stressor_test_2,stressor_test_2,unmarked
890,2025-08-08 16:41:15.317000,2870.05,2871.05,2874.15,1.0,3.1,4.1,14.634,0.3226,0.2439,0.4884,-0.5064,6.1187,0.4884,-0.1634,0.0552,0.5436,0.0372,0,0.0,stressor_test_2,stressor_test_2,unmarked
891,2025-08-08 16:41:19.495000,2874.15,2875.05,2876.85,0.9,1.8,2.7,22.222,0.5,0.3333,0.2255,-0.3255,2.8255,0.2506,-0.1808,0.0372,0.2627,-0.0627,1,0.4,stressor_test_2,stressor_test_2,unmarked
892,2025-08-08 16:41:22.193000,2876.85,2877.9,2879.3,1.05,1.4,2.45,24.49,0.75,0.4286,0.3396,-0.3121,4.2543,0.3234,-0.2229,-0.0627,0.2768,-0.0353,0,0.0,stressor_test_2,stressor_test_2,unmarked
893,2025-08-08 16:41:24.588000,2879.3,2880.55,2884.65,1.25,4.1,5.35,11.215,0.3049,0.2336,0.5558,-0.6154,6.9627,0.4446,-0.1501,-0.0353,0.5205,-0.0949,2,0.85,stressor_test_2,stressor_test_2,unmarked
894,2025-08-08 16:41:29.990000,2884.65,2885.6,2887.3,0.95,1.7,2.65,22.642,0.5588,0.3585,0.5167,-0.499,6.474,0.5439,-0.2935,-0.0949,0.4218,-0.0772,0,0.0,stressor_test_2,stressor_test_2,unmarked
895,2025-08-08 16:41:32.572000,2887.3,2888.2,2889.7,0.9,1.5,2.4,25.0,0.6,0.375,0.4333,-0.9493,5.4288,0.4815,-0.6329,-0.0772,0.3561,-0.5931,1,0.3,stressor_test_2,stressor_test_2,unmarked
896,2025-08-08 16:41:34.972000,2889.7,2890.4,2893.65,0.7,3.25,3.95,15.19,0.2154,0.1772,0.458,-0.4363,5.7386,0.6544,-0.1342,-0.5931,-0.1351,-0.5714,1,0.75,stressor_test_2,stressor_test_2,unmarked
897,2025-08-08 16:41:38.986000,2893.65,2895.15,2897.15,1.5,2.0,3.5,17.143,0.75,0.4286,0.9002,-0.651,11.2785,0.6002,-0.3255,-0.5714,0.3288,-0.3222,0,0.0,stressor_test_2,stressor_test_2,unmarked
898,2025-08-08 16:41:42.496000,2897.15,2900.7,2903.55,3.55,2.85,6.4,9.375,1.2456,0.5547,1.334,-0.852,16.713,0.3758,-0.299,-0.3222,1.0119,0.1598,1,0.35,stressor_test_2,stressor_test_2,unmarked
899,2025-08-08 16:41:48.889000,2903.55,2904.65,2906.45,1.1,1.8,2.9,20.69,0.6111,0.3793,0.3815,-0.4302,4.7792,0.3468,-0.239,0.1598,0.5413,0.1111,0,0.0,stressor_test_2,stressor_test_2,unmarked
900,2025-08-08 16:41:51.796000,2906.45,2907.95,2909.5,1.5,1.55,3.05,19.672,0.9677,0.4918,0.3884,-0.3861,4.8657,0.2589,-0.2491,0.1111,0.4994,0.1133,0,0.0,stressor_test_2,stressor_test_2,unmarked
901,2025-08-08 16:41:54.797000,2909.5,2910.3,2913.55,0.8,3.25,4.05,14.815,0.2462,0.1975,0.5841,-0.6234,7.3179,0.7301,-0.1918,0.1133,0.6974,0.074,0,0.0,stressor_test_2,stressor_test_2,unmarked
902,2025-08-08 16:41:58.883000,2913.55,2914.6,2916.25,1.05,1.65,2.7,22.222,0.6364,0.3889,0.5559,-0.3592,6.964,0.5294,-0.2177,0.074,0.6298,0.2707,0,0.0,stressor_test_2,stressor_test_2,unmarked
903,2025-08-08 16:42:01.583000,2916.25,2917.85,2921.5,1.6,3.65,5.25,11.429,0.4384,0.3048,0.8348,-0.8224,10.4585,0.5217,-0.2253,0.2707,1.1054,0.283,0,0.0,stressor_test_2,stressor_test_2,unmarked
904,2025-08-08 16:42:06.801000,2921.5,2922.65,2925.5,1.15,2.85,4.0,15.0,0.4035,0.2875,0.594,-0.6056,7.4422,0.5165,-0.2125,0.283,0.8771,0.2715,1,0.35,stressor_test_2,stressor_test_2,unmarked
905,2025-08-08 16:42:10.792000,2925.5,2926.5,2927.7,1.0,1.2,2.2,27.273,0.8333,0.4545,0.386,-0.6082,4.8365,0.386,-0.5068,0.2715,0.6576,0.0494,0,0.0,stressor_test_2,stressor_test_2,unmarked
906,2025-08-08 16:42:12.981000,2927.7,2929.25,2931.9,1.55,2.65,4.2,14.286,0.5849,0.369,0.3897,-0.4942,4.8824,0.2514,-0.1865,0.0494,0.4391,-0.055,0,0.0,stressor_test_2,stressor_test_2,unmarked
907,2025-08-08 16:42:17.176000,2931.9,2933.05,2934.8,1.15,1.75,2.9,20.69,0.6571,0.3966,0.3609,-0.3357,4.5212,0.3138,-0.1918,-0.055,0.3058,-0.0299,0,0.0,stressor_test_2,stressor_test_2,unmarked
908,2025-08-08 16:42:20.096000,2934.8,2936.9,2940.25,2.1,3.35,5.45,11.009,0.6269,0.3853,0.5788,-0.5398,7.2513,0.2756,-0.1611,-0.0299,0.5489,0.0091,1,0.5,stressor_test_2,stressor_test_2,unmarked
909,2025-08-08 16:42:25.585000,2940.25,2941.2,2943.1,0.95,1.9,2.85,21.053,0.5,0.3333,0.3484,-0.3897,4.3643,0.3667,-0.2051,0.0091,0.3574,-0.0323,1,0.6,stressor_test_2,stressor_test_2,unmarked
910,2025-08-08 16:42:28.369000,2943.1,2944.4,2946.0,1.3,1.6,2.9,20.69,0.8125,0.4483,0.3983,-0.3684,4.9897,0.3064,-0.2302,-0.0323,0.3659,-0.0024,1,0.3,stressor_test_2,stressor_test_2,unmarked
911,2025-08-08 16:42:31.283000,2946.0,2947.55,2950.05,1.55,2.5,4.05,14.815,0.62,0.3827,0.6172,-0.5947,7.733,0.3982,-0.2379,-0.0024,0.6148,0.0201,0,0.0,stressor_test_2,stressor_test_2,unmarked
912,2025-08-08 16:42:35.391000,2950.05,2950.8,2953.1,0.75,2.3,3.05,19.672,0.3261,0.2459,0.4252,-0.4627,5.3271,0.5669,-0.2012,0.0201,0.4453,-0.0174,0,0.0,stressor_test_2,stressor_test_2,unmarked
913,2025-08-08 16:42:38.386000,2953.1,2954.55,2955.95,1.45,1.4,2.85,21.053,1.0357,0.5088,0.445,-0.4014,5.5752,0.3069,-0.2867,-0.0174,0.4276,0.0262,0,0.0,stressor_test_2,stressor_test_2,unmarked
914,2025-08-08 16:42:41.300000,2955.95,2957.75,2958.6,1.8,0.85,2.65,22.642,2.1176,0.6792,0.3974,-0.2382,4.9785,0.2208,-0.2803,0.0262,0.4236,0.1853,1,0.7,stressor_test_2,stressor_test_2,unmarked
915,2025-08-08 16:42:43.877000,2958.6,2959.45,2961.75,0.85,2.3,3.15,19.048,0.3696,0.2698,0.3827,-0.6024,4.7951,0.4503,-0.2619,0.1853,0.5681,-0.0343,0,0.0,stressor_test_2,stressor_test_2,unmarked
916,2025-08-08 16:42:47.091000,2961.75,2962.55,2963.55,0.8,1.0,1.8,33.333,0.8,0.4444,0.3623,-0.3353,4.5392,0.4529,-0.3353,-0.0343,0.328,-0.0074,0,0.0,stressor_test_2,stressor_test_2,unmarked
917,2025-08-08 16:42:48.894000,2963.55,2964.1,2965.95,0.55,1.85,2.4,25.0,0.2973,0.2292,0.1976,-0.2437,2.4756,0.3593,-0.1317,-0.0074,0.1902,-0.0535,0,0.0,stressor_test_2,stressor_test_2,unmarked
918,2025-08-08 16:42:51.286000,2965.95,2968.45,2970.15,2.5,1.7,4.2,14.286,1.4706,0.5952,0.3465,-0.3227,4.3405,0.1386,-0.1898,-0.0535,0.293,-0.0297,1,0.35,stressor_test_2,stressor_test_2,unmarked
919,2025-08-08 16:42:55.489000,2970.15,2971.8,2973.9,1.65,2.1,3.75,16.0,0.7857,0.44,0.3607,-0.3755,4.5187,0.2186,-0.1788,-0.0297,0.3309,-0.0446,0,0.0,stressor_test_2,stressor_test_2,unmarked
920,2025-08-08 16:42:59.184000,2973.9,2975.25,2978.8,1.35,3.55,4.9,12.245,0.3803,0.2755,0.4338,-0.4462,5.4343,0.3213,-0.1257,-0.0446,0.3891,-0.0571,0,0.0,stressor_test_2,stressor_test_2,unmarked
921,2025-08-08 16:43:04.068000,2978.8,2979.7,2981.05,0.9,1.35,2.25,26.667,0.6667,0.4,0.3241,-0.2279,4.0611,0.3602,-0.1688,-0.0571,0.2671,0.0391,0,0.0,stressor_test_2,stressor_test_2,unmarked
922,2025-08-08 16:43:06.413000,2981.05,2982.5,2984.25,1.45,1.75,3.2,18.75,0.8286,0.4531,0.3085,-0.3056,3.8648,0.2127,-0.1746,0.0391,0.3476,0.0421,0,0.0,stressor_test_2,stressor_test_2,unmarked
923,2025-08-08 16:43:09.594000,2984.25,2985.55,2987.05,1.3,1.5,2.8,21.429,0.8667,0.4643,0.2904,-0.2939,3.6377,0.2233,-0.1959,0.0421,0.3324,0.0385,0,0.0,stressor_test_2,stressor_test_2,unmarked
924,2025-08-08 16:43:12.439000,2987.05,2988.95,2990.15,1.9,1.2,3.1,19.355,1.5833,0.6129,0.3295,-0.3013,4.1286,0.1734,-0.2511,0.0385,0.368,0.0667,0,0.0,stressor_test_2,stressor_test_2,unmarked
925,2025-08-08 16:43:15.500000,2990.15,2990.65,2993.85,0.5,3.2,3.7,16.216,0.1563,0.1351,0.2747,-0.3474,3.4413,0.5494,-0.1086,0.0667,0.3414,-0.006,0,0.0,stressor_test_2,stressor_test_2,unmarked
926,2025-08-08 16:43:19.222000,2993.85,2994.85,2996.8,1.0,1.95,2.95,20.339,0.5128,0.339,0.2992,-0.3274,3.7482,0.2992,-0.1679,-0.006,0.2931,-0.0343,1,0.65,stressor_test_2,stressor_test_2,unmarked
927,2025-08-08 16:43:22.099000,2996.8,2997.85,2999.8,1.05,1.95,3.0,20.0,0.5385,0.35,0.348,-0.3028,4.36,0.3314,-0.1553,-0.0343,0.3137,0.0109,0,0.0,stressor_test_2,stressor_test_2,unmarked
928,2025-08-08 16:43:25.102000,2999.8,3000.85,3002.65,1.05,1.8,2.85,21.053,0.5833,0.3684,0.2795,-0.3169,3.5015,0.2662,-0.1761,0.0109,0.2904,-0.0265,0,0.0,stressor_test_2,stressor_test_2,unmarked
929,2025-08-08 16:43:27.977000,3002.65,3003.75,3005.55,1.1,1.8,2.9,20.69,0.6111,0.3793,0.3187,-0.3209,3.9933,0.2898,-0.1783,-0.0265,0.2922,-0.0287,1,0.4,subject_idle,subject_idle,unmarked
930,2025-08-08 16:43:30.895000,3005.55,3006.6,3007.9,1.05,1.3,2.35,25.532,0.8077,0.4468,0.2951,-0.289,3.6971,0.281,-0.2223,-0.0287,0.2664,-0.0226,0,0.0,subject_idle,subject_idle,unmarked
931,2025-08-08 16:43:33.199000,3007.9,3009.3,3010.9,1.4,1.6,3.0,20.0,0.875,0.4667,0.2918,-0.3017,3.6561,0.2084,-0.1885,-0.0226,0.2692,-0.0325,0,0.0,subject_idle,subject_idle,unmarked
932,2025-08-08 16:43:36.174000,3010.9,3012.0,3013.3,1.1,1.3,2.4,25.0,0.8462,0.4583,0.324,-0.2918,4.0586,0.2945,-0.2245,-0.0325,0.2915,-0.0003,0,0.0,subject_idle,subject_idle,unmarked
933,2025-08-08 16:43:38.569000,3013.3,3014.1,3016.3,0.8,2.2,3.0,20.0,0.3636,0.2667,0.2358,-0.2144,2.9537,0.2947,-0.0974,-0.0003,0.2354,0.021,0,0.0,subject_idle,subject_idle,unmarked
934,2025-08-08 16:43:41.571000,3016.3,3017.3,3018.85,1.0,1.55,2.55,23.529,0.6452,0.3922,0.2888,-0.3103,3.6185,0.2888,-0.2002,0.021,0.3099,-0.0005,1,0.45,subject_idle,subject_idle,unmarked
935,2025-08-08 16:43:44.209000,3018.85,3019.95,3021.9,1.1,1.95,3.05,19.672,0.5641,0.3607,0.3203,-0.3277,4.0126,0.2912,-0.168,-0.0005,0.3198,-0.0078,1,0.45,subject_idle,subject_idle,unmarked
936,2025-08-08 16:43:47.205000,3021.9,3023.15,3024.5,1.25,1.35,2.6,23.077,0.9259,0.4808,0.3387,-0.3238,4.2428,0.2709,-0.2398,-0.0078,0.3308,0.007,0,0.0,subject_idle,subject_idle,unmarked
937,2025-08-08 16:43:49.791000,3024.5,3026.05,3027.5,1.55,1.45,3.0,20.0,1.069,0.5167,0.3399,-0.3647,4.2582,0.2193,-0.2515,0.007,0.3469,-0.0178,0,0.0,subject_idle,subject_idle,unmarked
938,2025-08-08 16:43:52.796000,3027.5,3028.95,3030.4,1.45,1.45,2.9,20.69,1.0,0.5,0.3324,-0.3148,4.1648,0.2293,-0.2171,-0.0178,0.3146,-0.0002,0,0.0,subject_idle,subject_idle,unmarked
939,2025-08-08 16:43:55.697000,3030.4,3031.35,3033.1,0.95,1.75,2.7,22.222,0.5429,0.3519,0.3493,-0.3169,4.3764,0.3677,-0.1811,-0.0002,0.3491,0.0323,0,0.0,subject_idle,subject_idle,unmarked
940,2025-08-08 16:43:58.405000,3033.1,3033.5,3034.6,0.4,1.1,1.5,40.0,0.3636,0.2667,0.2174,-0.2197,2.724,0.5436,-0.1997,0.0323,0.2497,0.03,0,0.0,subject_idle,subject_idle,unmarked
941,2025-08-08 16:43:59.904000,3034.6,3035.55,3037.05,0.95,1.5,2.45,24.49,0.6333,0.3878,0.2562,-0.278,3.2099,0.2697,-0.1853,0.03,0.2862,0.0082,0,0.0,subject_idle,subject_idle,unmarked
942,2025-08-08 16:44:02.391000,3037.05,3038.55,3039.8,1.5,1.25,2.75,21.818,1.2,0.5455,0.3363,-0.3502,4.2134,0.2242,-0.2801,0.0082,0.3445,-0.0056,0,0.0,subject_idle,subject_idle,unmarked
943,2025-08-08 16:44:05.087000,3039.8,3041.4,3042.95,1.6,1.55,3.15,19.048,1.0323,0.5079,0.2813,-0.2886,3.5247,0.1758,-0.1862,-0.0056,0.2757,-0.0129,0,0.0,subject_idle,subject_idle,unmarked
944,2025-08-08 16:44:08.305000,3042.95,3044.4,3046.1,1.45,1.7,3.15,19.048,0.8529,0.4603,0.3402,-0.3457,4.2622,0.2346,-0.2034,-0.0129,0.3273,-0.0185,0,0.0,subject_idle,subject_idle,unmarked
945,2025-08-08 16:44:11.394000,3046.1,3047.5,3049.3,1.4,1.8,3.2,18.75,0.7778,0.4375,0.4018,-0.3937,5.0333,0.287,-0.2187,-0.0185,0.3833,-0.0104,0,0.0,subject_idle,subject_idle,unmarked
946,2025-08-08 16:44:14.576000,3049.3,3050.8,3051.9,1.5,1.1,2.6,23.077,1.3636,0.5769,0.3441,-0.2679,4.3112,0.2294,-0.2436,-0.0104,0.3337,0.0657,0,0.0,subject_idle,subject_idle,unmarked
947,2025-08-08 16:44:17.175000,3051.9,3052.25,3053.1,0.35,0.85,1.2,50.0,0.4118,0.2917,0.142,-0.1584,1.7794,0.4058,-0.1864,0.0657,0.2078,0.0493,1,0.7,subject_idle,subject_idle,unmarked
948,2025-08-08 16:44:18.383000,3053.1,3054.25,3056.0,1.15,1.75,2.9,20.69,0.6571,0.3966,0.293,-0.343,3.6713,0.2548,-0.196,0.0493,0.3424,-0.0007,0,0.0,subject_idle,subject_idle,unmarked
949,2025-08-08 16:44:21.292000,3056.0,3057.65,3059.0,1.65,1.35,3.0,20.0,1.2222,0.55,0.3539,-0.3272,4.4334,0.2145,-0.2424,-0.0007,0.3532,0.026,0,0.0,subject_idle,subject_idle,unmarked
950,2025-08-08 16:44:24.291000,3059.0,3060.15,3061.75,1.15,1.6,2.75,21.818,0.7188,0.4182,0.3852,-0.4068,4.8264,0.335,-0.2542,0.026,0.4112,0.0045,0,0.0,sart_5,sart_5,unmarked
951,2025-08-08 16:44:27.082000,3061.75,3062.95,3064.65,1.2,1.7,2.9,20.69,0.7059,0.4138,0.2993,-0.305,3.7497,0.2494,-0.1794,0.0045,0.3038,-0.0012,0,0.0,sart_5,sart_5,unmarked
952,2025-08-08 16:44:29.995000,3064.65,3065.85,3067.65,1.2,1.8,3.0,20.0,0.6667,0.4,0.2922,-0.2778,3.6612,0.2435,-0.1544,-0.0012,0.291,0.0132,1,0.65,sart_5,sart_5,unmarked
953,2025-08-08 16:44:32.987000,3067.65,3068.7,3070.6,1.05,1.9,2.95,20.339,0.5526,0.3559,0.3022,-0.3021,3.7861,0.2878,-0.159,0.0132,0.3154,0.0133,1,0.3,sart_5,sart_5,unmarked
954,2025-08-08 16:44:35.894000,3070.6,3076.6,3080.45,6.0,3.85,9.85,6.091,1.5584,0.6091,1.4803,-1.5217,18.5456,0.2467,-0.3953,0.0133,1.4936,-0.0282,2,1.3,sart_5,sart_5,unmarked
955,2025-08-08 16:44:45.765000,3080.45,3084.45,3085.9,4.0,1.45,5.45,11.009,2.7586,0.7339,0.4166,-0.3907,5.2194,0.1042,-0.2694,-0.0282,0.3884,-0.0022,1,0.35,sart_5,sart_5,unmarked
956,2025-08-08 16:44:51.169000,3085.9,3086.5,3088.6,0.6,2.1,2.7,22.222,0.2857,0.2222,0.2272,-0.2434,2.8465,0.3787,-0.1159,-0.0022,0.225,-0.0184,0,0.0,sart_5,sart_5,unmarked
957,2025-08-08 16:44:53.868000,3088.6,3089.8,3092.15,1.2,2.35,3.55,16.901,0.5106,0.338,0.1629,-0.2704,2.0411,0.1358,-0.1151,-0.0184,0.1445,-0.126,1,0.3,sart_5,sart_5,unmarked
958,2025-08-08 16:44:57.495000,3092.15,3094.9,3095.55,2.75,0.65,3.4,17.647,4.2308,0.8088,1.4957,-0.8191,18.7381,0.5439,-1.2602,-0.126,1.3697,0.5506,1,0.55,sart_5,sart_5,unmarked
959,2025-08-08 16:45:00.893000,3095.55,3097.55,3103.7,2.0,6.15,8.15,7.362,0.3252,0.2454,0.4462,-0.999,5.5903,0.2231,-0.1624,0.5506,0.9968,-0.0022,0,0.0,sart_5,sart_5,unmarked
960,2025-08-08 16:45:08.988000,3103.7,3106.9,3108.7,3.2,1.8,5.0,12.0,1.7778,0.64,0.3089,-0.1477,3.8699,0.0965,-0.0821,-0.0022,0.3067,0.1589,2,0.65,sart_5,sart_5,unmarked
961,2025-08-08 16:45:13.967000,3108.7,3109.65,3110.7,0.95,1.05,2.0,30.0,0.9048,0.475,0.2614,-0.3348,3.2754,0.2752,-0.3189,0.1589,0.4204,0.0855,0,0.0,sart_5,sart_5,unmarked
962,2025-08-08 16:45:15.975000,3110.7,3113.15,3116.0,2.45,2.85,5.3,11.321,0.8596,0.4623,0.3177,-0.3786,3.9799,0.1297,-0.1329,0.0855,0.4032,0.0246,0,0.0,sart_5,sart_5,unmarked
963,2025-08-08 16:45:21.289000,3116.0,3117.2,3119.6,1.2,2.4,3.6,16.667,0.5,0.3333,0.3123,-0.3471,3.9131,0.2603,-0.1446,0.0246,0.3369,-0.0102,0,0.0,sart_5,sart_5,unmarked
964,2025-08-08 16:45:24.886000,3119.6,3121.9,3125.35,2.3,3.45,5.75,10.435,0.6667,0.4,1.0935,-1.1286,13.7002,0.4755,-0.3271,-0.0102,1.0834,-0.0453,1,0.95,sart_5,sart_5,unmarked
965,2025-08-08 16:45:30.678000,3125.35,3128.65,3131.7,3.3,3.05,6.35,9.449,1.082,0.5197,0.2555,-0.2241,3.2007,0.0774,-0.0735,-0.0453,0.2102,-0.0139,1,0.35,sart_5,sart_5,unmarked
966,2025-08-08 16:45:36.985000,3131.7,3133.65,3136.1,1.95,2.45,4.4,13.636,0.7959,0.4432,0.1948,-0.1771,2.4399,0.0999,-0.0723,-0.0139,0.1808,0.0037,0,0.0,sart_5,sart_5,unmarked
967,2025-08-08 16:45:41.388000,3136.1,3137.6,3139.0,1.5,1.4,2.9,20.69,1.0714,0.5172,0.431,-0.4934,5.3995,0.2873,-0.3524,0.0037,0.4347,-0.0587,0,0.0,sart_5,sart_5,unmarked
968,2025-08-08 16:45:44.389000,3139.0,3141.4,3145.7,2.4,4.3,6.7,8.955,0.5581,0.3582,0.6253,-0.5704,7.8337,0.2605,-0.1327,-0.0587,0.5666,-0.0039,1,1.2,sart_5,sart_5,unmarked
969,2025-08-08 16:45:50.989000,3145.7,3146.7,3149.1,1.0,2.4,3.4,17.647,0.4167,0.2941,0.2362,-0.2324,2.959,0.2362,-0.0968,-0.0039,0.2323,-0.0001,1,0.35,sart_5,sart_5,unmarked
970,2025-08-08 16:45:54.408000,3149.1,3150.8,3153.25,1.7,2.45,4.15,14.458,0.6939,0.4096,0.2851,-0.2919,3.5712,0.1677,-0.1191,-0.0001,0.285,-0.0069,0,0.0,sart_5,sart_5,unmarked
971,2025-08-08 16:45:58.607000,3153.25,3154.3,3156.1,1.05,1.8,2.85,21.053,0.5833,0.3684,0.3127,-0.3099,3.9178,0.2978,-0.1722,-0.0069,0.3058,-0.0041,0,0.0,sart_5,sart_5,unmarked
972,2025-08-08 16:46:01.372000,3156.1,3157.9,3163.35,1.8,5.45,7.25,8.276,0.3303,0.2483,0.3459,-0.3363,4.3331,0.1921,-0.0617,-0.0041,0.3417,0.0054,1,0.65,sart_5,sart_5,unmarked
973,2025-08-08 16:46:08.686000,3163.35,3164.25,3165.5,0.9,1.25,2.15,27.907,0.72,0.4186,0.2159,-0.2188,2.7046,0.2399,-0.1751,0.0054,0.2213,0.0025,0,0.0,sart_5,sart_5,unmarked
974,2025-08-08 16:46:10.788000,3165.5,3167.4,3169.3,1.9,1.9,3.8,15.789,1.0,0.5,0.2269,-0.2014,2.8425,0.1194,-0.106,0.0025,0.2293,0.0279,1,0.35,sart_5,sart_5,unmarked
975,2025-08-08 16:46:14.598000,3169.3,3170.25,3172.15,0.95,1.9,2.85,21.053,0.5,0.3333,0.2199,-0.2286,2.7552,0.2315,-0.1203,0.0279,0.2478,0.0192,0,0.0,sart_5,sart_5,unmarked
976,2025-08-08 16:46:17.482000,3172.15,3173.35,3175.6,1.2,2.25,3.45,17.391,0.5333,0.3478,0.3481,-0.345,4.3608,0.2901,-0.1533,0.0192,0.3673,0.0223,1,0.8,sart_5,sart_5,unmarked
977,2025-08-08 16:46:20.869000,3175.6,3176.4,3177.7,0.8,1.3,2.1,28.571,0.6154,0.381,0.241,-0.2633,3.0191,0.3012,-0.2025,0.0223,0.2633,-0.0,0,0.0,sart_5,sart_5,unmarked
978,2025-08-08 16:46:23.087000,3177.7,3179.4,3180.6,1.7,1.2,2.9,20.69,1.4167,0.5862,0.2086,-0.2492,2.6131,0.1227,-0.2077,-0.0,0.2086,-0.0406,0,0.0,sart_5,sart_5,unmarked
979,2025-08-08 16:46:25.879000,3180.6,3182.2,3183.65,1.6,1.45,3.05,19.672,1.1034,0.5246,0.285,-0.2293,3.57,0.1781,-0.1582,-0.0406,0.2443,0.015,1,0.3,sart_5,sart_5,unmarked
980,2025-08-08 16:46:28.967000,3183.65,3184.95,3186.65,1.3,1.7,3.0,20.0,0.7647,0.4333,0.24,-0.2578,3.0062,0.1846,-0.1516,0.015,0.2549,-0.0028,1,0.35,sart_5,sart_5,unmarked
981,2025-08-08 16:46:31.972000,3186.65,3187.9,3189.6,1.25,1.7,2.95,20.339,0.7353,0.4237,0.2538,-0.2459,3.1798,0.203,-0.1447,-0.0028,0.251,0.005,1,0.45,sart_5,sart_5,unmarked
982,2025-08-08 16:46:34.879000,3189.6,3190.6,3192.6,1.0,2.0,3.0,20.0,0.5,0.3333,0.2399,-0.2376,3.0056,0.2399,-0.1188,0.005,0.2449,0.0073,0,0.0,sart_5,sart_5,unmarked
983,2025-08-08 16:46:37.878000,3192.6,3193.65,3195.75,1.05,2.1,3.15,19.048,0.5,0.3333,0.2646,-0.2518,3.3147,0.252,-0.1199,0.0073,0.2719,0.0201,0,0.0,sart_5,sart_5,unmarked
984,2025-08-08 16:46:41.093000,3195.75,3196.7,3198.6,0.95,1.9,2.85,21.053,0.5,0.3333,0.2621,-0.3126,3.2832,0.2759,-0.1645,0.0201,0.2821,-0.0304,0,0.0,sart_5,sart_5,unmarked
985,2025-08-08 16:46:43.876000,3198.6,3199.65,3201.05,1.05,1.4,2.45,24.49,0.75,0.4286,0.281,-0.2433,3.5202,0.2676,-0.1738,-0.0304,0.2505,0.0073,0,0.0,sart_5,sart_5,unmarked
986,2025-08-08 16:46:46.395000,3201.05,3202.55,3204.2,1.5,1.65,3.15,19.048,0.9091,0.4762,0.2515,-0.2606,3.1507,0.1677,-0.158,0.0073,0.2588,-0.0019,0,0.0,sart_5,sart_5,unmarked
987,2025-08-08 16:46:49.491000,3204.2,3205.5,3207.2,1.3,1.7,3.0,20.0,0.7647,0.4333,0.2562,-0.2605,3.2092,0.197,-0.1532,-0.0019,0.2543,-0.0062,1,0.45,sart_5,sart_5,unmarked
988,2025-08-08 16:46:52.487000,3207.2,3208.2,3210.2,1.0,2.0,3.0,20.0,0.5,0.3333,0.2337,-0.2343,2.9283,0.2337,-0.1172,-0.0062,0.2275,-0.0068,1,0.6,sart_5,sart_5,unmarked
989,2025-08-08 16:46:55.485000,3210.2,3211.2,3212.9,1.0,1.7,2.7,22.222,0.5882,0.3704,0.2688,-0.2647,3.3672,0.2688,-0.1557,-0.0068,0.262,-0.0027,0,0.0,sart_5,sart_5,unmarked
990,2025-08-08 16:46:58.189000,3212.9,3214.0,3215.7,1.1,1.7,2.8,21.429,0.6471,0.3929,0.2424,-0.2396,3.0373,0.2204,-0.1409,-0.0027,0.2397,0.0001,1,0.3,sart_5,sart_5,unmarked
991,2025-08-08 16:47:00.981000,3215.7,3216.9,3218.3,1.2,1.4,2.6,23.077,0.8571,0.4615,0.2576,-0.2721,3.2274,0.2147,-0.1944,0.0001,0.2577,-0.0144,0,0.0,sart_5,sart_5,unmarked
992,2025-08-08 16:47:03.619000,3218.3,3219.9,3221.9,1.6,2.0,3.6,16.667,0.8,0.4444,0.2658,-0.2918,3.3298,0.1661,-0.1459,-0.0144,0.2514,-0.0404,1,0.5,sart_5,sart_5,unmarked
993,2025-08-08 16:47:07.192000,3221.9,3224.7,3227.35,2.8,2.65,5.45,11.009,1.0566,0.5138,1.0117,-0.974,12.6752,0.3613,-0.3676,-0.0404,0.9714,-0.0027,0,0.0,sart_5,sart_5,unmarked
994,2025-08-08 16:47:12.676000,3227.35,3229.35,3231.45,2.0,2.1,4.1,14.634,0.9524,0.4878,0.452,-0.3661,5.6634,0.226,-0.1743,-0.0027,0.4494,0.0833,0,0.0,sart_5,sart_5,unmarked
995,2025-08-08 16:47:16.786000,3231.45,3237.9,3241.15,6.45,3.25,9.7,6.186,1.9846,0.6649,2.6145,-2.6202,32.755,0.4053,-0.8062,0.0833,2.6977,0.0776,1,1.3,sart_5,sart_5,unmarked
996,2025-08-08 16:47:26.477000,3241.15,3242.3,3243.5,1.15,1.2,2.35,25.532,0.9583,0.4894,0.6402,-0.4836,8.0212,0.5567,-0.403,0.0776,0.7178,0.2342,0,0.0,sart_5,sart_5,unmarked
997,2025-08-08 16:47:28.791000,3243.5,3246.7,3248.4,3.2,1.7,4.9,12.245,1.8824,0.6531,0.9246,-1.0752,11.5837,0.2889,-0.6325,0.2342,1.1588,0.0836,0,0.0,sart_5,sart_5,unmarked
998,2025-08-08 16:47:33.675000,3248.4,3248.9,3249.9,0.5,1.0,1.5,40.0,0.5,0.3333,1.0148,-0.8169,12.714,2.0296,-0.8169,0.0836,1.0984,0.2815,1,0.25,sart_5,sart_5,unmarked
999,2025-08-08 16:47:35.185000,3249.9,3251.15,3252.65,1.25,1.5,2.75,21.818,0.8333,0.4545,0.2656,-0.5038,3.327,0.2124,-0.3359,0.2815,0.547,0.0432,0,0.0,sart_5,sart_5,unmarked
1000,2025-08-08 16:47:38.028000,3252.65,3254.5,3257.55,1.85,3.05,4.9,12.245,0.6066,0.3776,0.3373,-0.3806,4.2255,0.1823,-0.1248,0.0432,0.3805,-0.0001,1,0.7,sart_5,sart_5,unmarked
1001,2025-08-08 16:47:42.885000,3257.55,3258.9,3261.4,1.35,2.5,3.85,15.584,0.54,0.3506,0.3472,-0.3611,4.3499,0.2572,-0.1444,-0.0001,0.3471,-0.0139,1,0.85,sart_5,sart_5,unmarked
1002,2025-08-08 16:47:46.702000,3261.4,3262.6,3264.05,1.2,1.45,2.65,22.642,0.8276,0.4528,0.2864,-0.2787,3.5887,0.2387,-0.1922,-0.0139,0.2725,-0.0062,0,0.0,sart_5,sart_5,unmarked
1003,2025-08-08 16:47:49.395000,3264.05,3265.05,3267.2,1.0,2.15,3.15,19.048,0.4651,0.3175,0.3124,-0.3401,3.9135,0.3124,-0.1582,-0.0062,0.3062,-0.0339,1,0.55,sart_5,sart_5,unmarked
1004,2025-08-08 16:47:52.485000,3267.2,3270.05,3272.35,2.85,2.3,5.15,11.65,1.2391,0.5534,0.4139,-0.3797,5.1851,0.1452,-0.1651,-0.0339,0.3799,0.0003,0,0.0,sart_5,sart_5,physical_plants
1005,2025-08-08 16:47:57.624000,3272.35,3273.4,3275.2,1.05,1.8,2.85,21.053,0.5833,0.3684,0.3675,-0.3625,4.6041,0.35,-0.2014,0.0003,0.3678,0.0053,0,0.0,task_2,task_2,physical_plants
1006,2025-08-08 16:48:00.505000,3275.2,3276.5,3278.05,1.3,1.55,2.85,21.053,0.8387,0.4561,0.3484,-0.3639,4.365,0.268,-0.2348,0.0053,0.3537,-0.0101,0,0.0,task_2,task_2,physical_plants
1007,2025-08-08 16:48:03.377000,3278.05,3279.4,3281.05,1.35,1.65,3.0,20.0,0.8182,0.45,0.4049,-0.3767,5.0731,0.2999,-0.2283,-0.0101,0.3948,0.0181,1,0.25,task_2,task_2,physical_plants
1008,2025-08-08 16:48:06.377000,3281.05,3284.75,3286.4,3.7,1.65,5.35,11.215,2.2424,0.6916,0.5722,-0.4149,7.1684,0.1546,-0.2515,0.0181,0.5903,0.1754,0,0.0,task_2,task_2,physical_plants
1009,2025-08-08 16:48:11.695000,3286.4,3287.8,3291.2,1.4,3.4,4.8,12.5,0.4118,0.2917,0.6414,-0.8419,8.0353,0.4581,-0.2476,0.1754,0.8167,-0.0252,0,0.0,task_2,task_2,physical_plants
1010,2025-08-08 16:48:16.491000,3291.2,3292.5,3295.1,1.3,2.6,3.9,15.385,0.5,0.3333,0.4566,-0.4501,5.7199,0.3512,-0.1731,-0.0252,0.4314,-0.0187,1,0.55,task_2,task_2,physical_plants
1011,2025-08-08 16:48:20.395000,3295.1,3296.3,3298.3,1.2,2.0,3.2,18.75,0.6,0.375,0.2747,-0.2686,3.4418,0.2289,-0.1343,-0.0187,0.2561,-0.0125,0,0.0,task_2,task_2,physical_plants
1012,2025-08-08 16:48:23.598000,3298.3,3300.2,3302.55,1.9,2.35,4.25,14.118,0.8085,0.4471,0.3394,-0.3355,4.2524,0.1786,-0.1428,-0.0125,0.3269,-0.0086,1,0.55,task_2,task_2,physical_plants
1013,2025-08-08 16:48:27.832000,3302.55,3303.6,3305.05,1.05,1.45,2.5,24.0,0.7241,0.42,0.194,-0.166,2.4304,0.1848,-0.1145,-0.0086,0.1854,0.0193,0,0.0,task_2,task_2,physical_plants
1014,2025-08-08 16:48:30.375000,3305.05,3306.45,3308.2,1.4,1.75,3.15,19.048,0.8,0.4444,0.3618,-0.3728,4.5323,0.2584,-0.213,0.0193,0.3811,0.0083,0,0.0,task_2,task_2,physical_plants
1015,2025-08-08 16:48:33.498000,3308.2,3309.25,3310.85,1.05,1.6,2.65,22.642,0.6563,0.3962,0.3002,-0.2838,3.761,0.2859,-0.1774,0.0083,0.3085,0.0247,0,0.0,task_2,task_2,physical_plants
1016,2025-08-08 16:48:36.195000,3310.85,3312.3,3314.35,1.45,2.05,3.5,17.143,0.7073,0.4143,0.3665,-0.385,4.5914,0.2527,-0.1878,0.0247,0.3912,0.0062,0,0.0,task_2,task_2,physical_plants
1017,2025-08-08 16:48:39.681000,3314.35,3315.45,3317.4,1.1,1.95,3.05,19.672,0.5641,0.3607,0.3112,-0.317,3.8988,0.2829,-0.1626,0.0062,0.3174,0.0004,0,0.0,task_2,task_2,physical_plants
1018,2025-08-08 16:48:42.736000,3317.4,3318.6,3320.45,1.2,1.85,3.05,19.672,0.6486,0.3934,0.3148,-0.3153,3.9445,0.2624,-0.1704,0.0004,0.3153,-0.0,0,0.0,task_2,task_2,physical_plants
1019,2025-08-08 16:48:45.767000,3320.45,3321.9,3323.55,1.45,1.65,3.1,19.355,0.8788,0.4677,0.3061,-0.3061,3.8347,0.2111,-0.1855,-0.0,0.3061,-0.0,0,0.0,task_2,task_2,physical_plants
1020,2025-08-08 16:48:48.917000,3323.55,3325.0,3326.65,1.45,1.65,3.1,19.355,0.8788,0.4677,0.246,-0.2475,3.0817,0.1696,-0.15,-0.0,0.2459,-0.0016,0,0.0,task_2,task_2,physical_plants
1021,2025-08-08 16:48:51.986000,3326.65,3328.35,3330.7,1.7,2.35,4.05,14.815,0.7234,0.4198,0.2828,-0.2815,3.5425,0.1663,-0.1198,-0.0016,0.2812,-0.0003,0,0.0,task_2,task_2,physical_plants
1022,2025-08-08 16:48:55.996000,3330.7,3331.85,3333.5,1.15,1.65,2.8,21.429,0.697,0.4107,0.2939,-0.2937,3.6817,0.2555,-0.178,-0.0003,0.2935,-0.0002,0,0.0,task_2,task_2,physical_plants
1023,2025-08-08 16:48:58.785000,3333.5,3335.0,3336.6,1.5,1.6,3.1,19.355,0.9375,0.4839,0.3335,-0.3287,4.1786,0.2224,-0.2054,-0.0002,0.3333,0.0046,0,0.0,task_2,task_2,physical_plants
1024,2025-08-08 16:49:01.883000,3336.6,3337.9,3339.8,1.3,1.9,3.2,18.75,0.6842,0.4063,0.3256,-0.3383,4.0787,0.2504,-0.178,0.0046,0.3302,-0.0081,0,0.0,task_2,task_2,physical_plants
1025,2025-08-08 16:49:05.085000,3339.8,3340.8,3343.0,1.0,2.2,3.2,18.75,0.4545,0.3125,0.3257,-0.3395,4.0807,0.3257,-0.1543,-0.0081,0.3177,-0.0218,1,0.45,task_2,task_2,physical_plants
1026,2025-08-08 16:49:08.272000,3343.0,3344.4,3346.25,1.4,1.85,3.25,18.462,0.7568,0.4308,0.3243,-0.3124,4.0628,0.2316,-0.1689,-0.0218,0.3025,-0.0099,0,0.0,task_2,task_2,physical_plants
1027,2025-08-08 16:49:11.571000,3346.25,3347.6,3349.65,1.35,2.05,3.4,17.647,0.6585,0.3971,0.3721,-0.3699,4.662,0.2756,-0.1804,-0.0099,0.3622,-0.0077,0,0.0,task_2,task_2,physical_plants
1028,2025-08-08 16:49:14.934000,3349.65,3351.05,3352.9,1.4,1.85,3.25,18.462,0.7568,0.4308,0.389,-0.3832,4.8731,0.2778,-0.2071,-0.0077,0.3813,-0.0019,0,0.0,task_2,task_2,physical_plants
1029,2025-08-08 16:49:18.174000,3352.9,3354.1,3355.6,1.2,1.5,2.7,22.222,0.8,0.4444,0.4173,-0.3262,5.2281,0.3478,-0.2175,-0.0019,0.4154,0.0892,0,0.0,task_2,task_2,physical_plants
1030,2025-08-08 16:49:20.872000,3355.6,3356.65,3359.65,1.05,3.0,4.05,14.815,0.35,0.2593,0.4233,-0.4858,5.3028,0.4031,-0.1619,0.0892,0.5125,0.0266,1,0.85,task_2,task_2,physical_plants
1031,2025-08-08 16:49:24.977000,3359.65,3360.9,3362.7,1.25,1.8,3.05,19.672,0.6944,0.4098,0.4367,-0.4413,5.4711,0.3494,-0.2451,0.0266,0.4633,0.0221,0,0.0,task_2,task_2,physical_plants
1032,2025-08-08 16:49:27.977000,3362.7,3363.8,3365.55,1.1,1.75,2.85,21.053,0.6286,0.386,0.3398,-0.3457,4.2573,0.3089,-0.1976,0.0221,0.3619,0.0162,1,0.45,task_2,task_2,physical_plants
1033,2025-08-08 16:49:30.885000,3365.55,3366.65,3368.45,1.1,1.8,2.9,20.69,0.6111,0.3793,0.364,-0.3596,4.5608,0.3309,-0.1998,0.0162,0.3802,0.0206,0,0.0,task_2,task_2,physical_plants
1034,2025-08-08 16:49:33.797000,3368.45,3369.75,3371.7,1.3,1.95,3.25,18.462,0.6667,0.4,0.3607,-0.3733,4.5192,0.2775,-0.1915,0.0206,0.3813,0.0079,0,0.0,task_2,task_2,physical_plants
1035,2025-08-08 16:49:36.985000,3371.7,3372.9,3375.0,1.2,2.1,3.3,18.182,0.5714,0.3636,0.3428,-0.3599,4.2952,0.2857,-0.1714,0.0079,0.3508,-0.0091,0,0.0,task_2,task_2,physical_plants
1036,2025-08-08 16:49:40.277000,3375.0,3376.0,3380.4,1.0,4.4,5.4,11.111,0.2273,0.1852,0.309,-0.2817,3.8718,0.309,-0.064,-0.0091,0.2999,0.0183,0,0.0,task_2,task_2,physical_plants
1037,2025-08-08 16:49:45.675000,3380.4,3383.3,3389.75,2.9,6.45,9.35,6.417,0.4496,0.3102,1.7085,-1.8402,21.4046,0.5891,-0.2853,0.0183,1.7268,-0.1135,0,0.0,task_2,task_2,physical_plants
1038,2025-08-08 16:49:55.101000,3389.75,3391.6,3393.1,1.85,1.5,3.35,17.91,1.2333,0.5522,0.2854,-0.2798,3.5753,0.1543,-0.1865,-0.1135,0.1719,-0.1079,0,0.0,task_2,task_2,physical_plants
1039,2025-08-08 16:49:58.405000,3393.1,3393.5,3396.95,0.4,3.45,3.85,15.584,0.1159,0.1039,0.5319,-0.4521,6.6643,1.3298,-0.131,-0.1079,0.424,-0.028,0,0.0,task_2,task_2,physical_plants
1040,2025-08-08 16:50:02.297000,3396.95,3399.85,3404.5,2.9,4.65,7.55,7.947,0.6237,0.3841,0.7238,-0.6847,9.0677,0.2496,-0.1473,-0.028,0.6957,0.011,0,0.0,task_2_1,task_2_1,physical_plants
1041,2025-08-08 16:50:09.889000,3404.5,3405.05,3406.35,0.55,1.3,1.85,32.432,0.4231,0.2973,0.2793,-0.3039,3.4989,0.5078,-0.2338,0.011,0.2903,-0.0137,0,0.0,task_2_1,task_2_1,physical_plants
1042,2025-08-08 16:50:11.688000,3406.35,3407.1,3410.6,0.75,3.5,4.25,14.118,0.2143,0.1765,0.3296,-0.301,4.129,0.4394,-0.086,-0.0137,0.3159,0.0149,0,0.0,task_2_1,task_2_1,physical_plants
1043,2025-08-08 16:50:15.888000,3410.6,3411.15,3414.8,0.55,3.65,4.2,14.286,0.1507,0.131,0.2912,-0.3288,3.6487,0.5295,-0.0901,0.0149,0.3061,-0.0227,1,0.65,task_2_1,task_2_1,physical_plants
1044,2025-08-08 16:50:20.086000,3414.8,3415.2,3418.2,0.4,3.0,3.4,17.647,0.1333,0.1176,0.2324,-0.2416,2.9113,0.5809,-0.0805,-0.0227,0.2096,-0.032,1,0.65,task_2_1,task_2_1,physical_plants
1045,2025-08-08 16:50:23.478000,3418.2,3418.7,3419.2,0.5,0.5,1.0,60.0,1.0,0.5,0.3468,-0.144,4.345,0.6936,-0.288,-0.032,0.3148,0.1709,0,0.0,task_2_1,task_2_1,physical_plants
1046,2025-08-08 16:50:24.467000,3419.2,3419.7,3423.1,0.5,3.4,3.9,15.385,0.1471,0.1282,0.1749,-0.3515,2.191,0.3498,-0.1034,0.1709,0.3458,-0.0058,0,0.0,task_2_1,task_2_1,physical_plants
1047,2025-08-08 16:50:28.374000,3423.1,3425.35,3429.2,2.25,3.85,6.1,9.836,0.5844,0.3689,1.0964,-0.7813,13.7356,0.4873,-0.2029,-0.0058,1.0906,0.3093,0,0.0,task_2_1,task_2_1,physical_plants
1048,2025-08-08 16:50:34.486000,3429.2,3429.7,3435.0,0.5,5.3,5.8,10.345,0.0943,0.0862,0.4331,-0.5879,5.4258,0.8662,-0.1109,0.3093,0.7423,0.1545,1,1.85,task_2_1,task_2_1,physical_plants
1049,2025-08-08 16:50:40.280000,3435.0,3435.6,3439.4,0.6,3.8,4.4,13.636,0.1579,0.1364,0.4193,-0.506,5.2532,0.6988,-0.1332,0.1545,0.5738,0.0678,1,1.0,task_2_1,task_2_1,physical_plants
1050,2025-08-08 16:50:44.695000,3439.4,3439.85,3445.35,0.45,5.5,5.95,10.084,0.0818,0.0756,0.4064,-0.587,5.0918,0.9032,-0.1067,0.0678,0.4742,-0.1127,1,2.2,task_2_1,task_2_1,physical_plants
1051,2025-08-08 16:50:50.687000,3445.35,3447.0,3451.55,1.65,4.55,6.2,9.677,0.3626,0.2661,0.8631,-0.7592,10.813,0.5231,-0.1669,-0.1127,0.7503,-0.0089,1,1.1,task_2_1,task_2_1,physical_plants
1052,2025-08-08 16:50:56.864000,3451.55,3452.3,3453.0,0.75,0.7,1.45,41.379,1.0714,0.5172,0.6946,-0.2362,8.7023,0.9261,-0.3374,-0.0089,0.6858,0.4495,0,0.0,task_2_1,task_2_1,physical_plants
1053,2025-08-08 16:50:58.277000,3453.0,3453.55,3458.75,0.55,5.2,5.75,10.435,0.1058,0.0957,0.1954,-0.6076,2.4475,0.3552,-0.1168,0.4495,0.6449,0.0373,0,0.0,task_2_1,task_2_1,physical_plants
1054,2025-08-08 16:51:04.105000,3458.75,3460.1,3462.55,1.35,2.45,3.8,15.789,0.551,0.3553,0.3718,-0.27,4.658,0.2754,-0.1102,0.0373,0.4091,0.1391,0,0.0,task_2_1,task_2_1,physical_plants
1055,2025-08-08 16:51:07.885000,3462.55,3464.55,3471.1,2.0,6.55,8.55,7.018,0.3053,0.2339,0.3492,-0.8833,4.3748,0.1746,-0.1348,0.1391,0.4883,-0.395,2,1.55,task_2_1,task_2_1,physical_plants
1056,2025-08-08 16:51:16.367000,3471.1,3471.6,3473.5,0.5,1.9,2.4,25.0,0.2632,0.2083,0.2551,-0.2123,3.1966,0.5103,-0.1117,-0.395,-0.1398,-0.3521,0,0.0,task_2_1,task_2_1,physical_plants
1057,2025-08-08 16:51:18.925000,3473.5,3474.15,3478.3,0.65,4.15,4.8,12.5,0.1566,0.1354,0.3573,-0.3739,4.476,0.5496,-0.0901,-0.3521,0.0052,-0.3687,0,0.0,task_2_1,task_2_1,physical_plants
1058,2025-08-08 16:51:23.568000,3478.3,3478.7,3482.7,0.4,4.0,4.4,13.636,0.1,0.0909,0.2587,-0.2623,3.2407,0.6467,-0.0656,-0.3687,-0.11,-0.3723,0,0.0,task_2_1,task_2_1,physical_plants
1059,2025-08-08 16:51:27.984000,3482.7,3483.3,3484.6,0.6,1.3,1.9,31.579,0.4615,0.3158,0.2643,-0.1977,3.3112,0.4405,-0.1521,-0.3723,-0.108,-0.3058,0,0.0,task_2_1,task_2_1,physical_plants
1060,2025-08-08 16:51:29.990000,3484.6,3485.1,3489.0,0.5,3.9,4.4,13.636,0.1282,0.1136,0.2259,-0.3525,2.8301,0.4518,-0.0904,-0.3058,-0.0799,-0.4323,2,0.95,task_2_1,task_2_1,physical_plants
1061,2025-08-08 16:51:34.276000,3489.0,3490.75,3495.45,1.75,4.7,6.45,9.302,0.3723,0.2713,0.7846,-0.2807,9.8295,0.4483,-0.0597,-0.4323,0.3522,0.0715,1,0.35,task_2_1,task_2_1,physical_plants
1062,2025-08-08 16:51:40.791000,3495.45,3496.35,3498.95,0.9,2.6,3.5,17.143,0.3462,0.2571,0.3394,-0.411,4.2518,0.3771,-0.1581,0.0715,0.4109,-0.0001,1,0.4,task_2_1,task_2_1,physical_plants
1063,2025-08-08 16:51:44.295000,3498.95,3500.05,3502.1,1.1,2.05,3.15,19.048,0.5366,0.3492,0.3872,-0.3051,4.8509,0.352,-0.1488,-0.0001,0.3871,0.0819,0,0.0,task_2_1,task_2_1,physical_plants
1064,2025-08-08 16:51:47.395000,3502.1,3503.2,3505.7,1.1,2.5,3.6,16.667,0.44,0.3056,0.3202,-0.3998,4.0111,0.2911,-0.1599,0.0819,0.4021,0.0023,1,0.4,task_2_1,task_2_1,physical_plants
1065,2025-08-08 16:51:50.989000,3505.7,3506.8,3508.45,1.1,1.65,2.75,21.818,0.6667,0.4,0.3567,-0.3208,4.4694,0.3243,-0.1944,0.0023,0.359,0.0382,0,0.0,task_2_1,task_2_1,physical_plants
1066,2025-08-08 16:51:53.780000,3508.45,3510.05,3512.1,1.6,2.05,3.65,16.438,0.7805,0.4384,0.4539,-0.4664,5.6861,0.2837,-0.2275,0.0382,0.4921,0.0257,0,0.0,task_2_1,task_2_1,physical_plants
1067,2025-08-08 16:51:57.377000,3512.1,3513.5,3515.7,1.4,2.2,3.6,16.667,0.6364,0.3889,0.5117,-0.5042,6.4102,0.3655,-0.2292,0.0257,0.5373,0.0331,0,0.0,task_2_1,task_2_1,physical_plants
1068,2025-08-08 16:52:00.975000,3515.7,3517.85,3519.95,2.15,2.1,4.25,14.118,1.0238,0.5059,0.7655,-1.0779,9.5903,0.356,-0.5133,0.0331,0.7986,-0.2793,0,0.0,task_2_1,task_2_1,physical_plants
1069,2025-08-08 16:52:05.299000,3519.95,3522.4,3523.95,2.45,1.55,4.0,15.0,1.5806,0.6125,2.2088,-1.8308,27.6723,0.9015,-1.1811,-0.2793,1.9295,0.0987,0,0.0,task_2_1,task_2_1,physical_plants
1070,2025-08-08 16:52:09.286000,3523.95,3525.4,3534.95,1.45,9.55,11.0,5.455,0.1518,0.1318,1.1148,-1.388,13.966,0.7688,-0.1453,0.0987,1.2135,-0.1746,2,1.25,task_2_2,task_2_2,physical_plants
1071,2025-08-08 16:52:20.267000,3534.95,3536.05,3537.3,1.1,1.25,2.35,25.532,0.88,0.4681,0.4793,-0.1673,6.0046,0.4357,-0.1339,-0.1746,0.3047,0.1374,1,0.4,task_2_2,task_2_2,physical_plants
1072,2025-08-08 16:52:22.582000,3537.3,3537.95,3541.6,0.65,3.65,4.3,13.953,0.1781,0.1512,0.1607,-0.3927,2.0129,0.2472,-0.1076,0.1374,0.298,-0.0947,0,0.0,task_2_2,task_2_2,physical_plants
1073,2025-08-08 16:52:26.989000,3541.6,3542.8,3545.0,1.2,2.2,3.4,17.647,0.5455,0.3529,0.2418,-0.2336,3.0292,0.2015,-0.1062,-0.0947,0.1471,-0.0865,0,0.0,task_2_2,task_2_2,physical_plants
1074,2025-08-08 16:52:30.286000,3545.0,3545.6,3549.25,0.6,3.65,4.25,14.118,0.1644,0.1412,0.3622,-0.3654,4.538,0.6037,-0.1001,-0.0865,0.2757,-0.0897,0,0.0,task_2_2,task_2_2,physical_plants
1075,2025-08-08 16:52:34.582000,3549.25,3551.25,3553.6,2.0,2.35,4.35,13.793,0.8511,0.4598,0.2826,-0.1347,3.5404,0.1413,-0.0573,-0.0897,0.1929,0.0581,0,0.0,task_2_2,task_2_2,physical_plants
1076,2025-08-08 16:52:38.897000,3553.6,3554.1,3554.9,0.5,0.8,1.3,46.154,0.625,0.3846,0.1838,-0.1492,2.3028,0.3676,-0.1865,0.0581,0.2419,0.0927,1,0.6,task_2_2,task_2_2,physical_plants
1077,2025-08-08 16:52:40.185000,3554.9,3555.55,3561.9,0.65,6.35,7.0,8.571,0.1024,0.0929,0.3538,-0.431,4.4324,0.5443,-0.0679,0.0927,0.4465,0.0155,1,1.0,task_2_2,task_2_2,physical_plants
1078,2025-08-08 16:52:47.181000,3561.9,3562.3,3563.9,0.4,1.6,2.0,30.0,0.25,0.2,0.2057,-0.2213,2.5765,0.5141,-0.1383,0.0155,0.2211,-0.0002,0,0.0,task_2_2,task_2_2,physical_plants
1079,2025-08-08 16:52:49.185000,3563.9,3565.2,3572.2,1.3,7.0,8.3,7.229,0.1857,0.1566,0.4161,-0.5328,5.2133,0.3201,-0.0761,-0.0002,0.4159,-0.1169,1,1.9,task_2_2,task_2_2,physical_plants
1080,2025-08-08 16:52:57.495000,3572.2,3572.7,3577.6,0.5,4.9,5.4,11.111,0.102,0.0926,0.3783,-0.331,4.7398,0.7567,-0.0676,-0.1169,0.2615,-0.0695,1,1.65,task_2_2,task_2_2,physical_plants
1081,2025-08-08 16:53:02.875000,3577.6,3578.65,3580.4,1.05,1.75,2.8,21.429,0.6,0.375,0.1138,-0.1204,1.4253,0.1083,-0.0688,-0.0695,0.0442,-0.0762,0,0.0,task_2_2,task_2_2,physical_plants
1082,2025-08-08 16:53:05.688000,3580.4,3581.1,3584.05,0.7,2.95,3.65,16.438,0.2373,0.1918,0.3676,-0.3743,4.6054,0.5251,-0.1269,-0.0762,0.2914,-0.0829,2,0.85,task_2_2,task_2_2,physical_plants
1083,2025-08-08 16:53:09.377000,3584.05,3584.8,3586.8,0.75,2.0,2.75,21.818,0.375,0.2727,0.4275,-0.2477,5.3558,0.57,-0.1239,-0.0829,0.3446,0.0969,0,0.0,task_2_2,task_2_2,physical_plants
1084,2025-08-08 16:53:12.083000,3586.8,3587.1,3587.6,0.3,0.5,0.8,75.0,0.6,0.375,0.3903,-0.231,4.8893,1.3009,-0.462,0.0969,0.4871,0.2561,0,0.0,task_2_2,task_2_2,physical_plants
1085,2025-08-08 16:53:12.886000,3587.6,3588.5,3591.4,0.9,2.9,3.8,15.789,0.3103,0.2368,0.3402,-0.5024,4.2624,0.378,-0.1733,0.2561,0.5964,0.0939,0,0.0,task_2_2,task_2_2,physical_plants
1086,2025-08-08 16:53:16.785000,3591.4,3592.5,3593.8,1.1,1.3,2.4,25.0,0.8462,0.4583,0.4746,-0.3192,5.9462,0.4315,-0.2455,0.0939,0.5685,0.2494,0,0.0,task_2_2,task_2_2,physical_plants
1087,2025-08-08 16:53:19.070000,3593.8,3594.25,3596.6,0.45,2.35,2.8,21.429,0.1915,0.1607,0.305,-0.4689,3.8212,0.6778,-0.1995,0.2494,0.5544,0.0855,1,0.6,task_2_2,task_2_2,physical_plants
1088,2025-08-08 16:53:21.887000,3596.6,3598.1,3598.7,1.5,0.6,2.1,28.571,2.5,0.7143,0.2297,-0.212,2.8775,0.1531,-0.3534,0.0855,0.3152,0.1031,1,0.5,task_2_2,task_2_2,physical_plants
1089,2025-08-08 16:53:23.992000,3598.7,3600.25,3602.3,1.55,2.05,3.6,16.667,0.7561,0.4306,0.0781,-0.1393,0.9788,0.0504,-0.0679,0.1031,0.1812,0.042,1,0.55,task_2_2,task_2_2,physical_plants
1090,2025-08-08 16:53:27.588000,3602.3,3602.9,3604.75,0.6,1.85,2.45,24.49,0.3243,0.2449,0.2391,-0.4262,2.996,0.3986,-0.2304,0.042,0.2811,-0.1451,0,0.0,task_2_2,task_2_2,physical_plants
1091,2025-08-08 16:53:30.022000,3604.75,3606.65,3611.05,1.9,4.4,6.3,9.524,0.4318,0.3016,0.3881,-0.3776,4.8626,0.2043,-0.0858,-0.1451,0.243,-0.1345,0,0.0,task_2_2,task_2_2,physical_plants
1092,2025-08-08 16:53:36.374000,3611.05,3613.2,3613.9,2.15,0.7,2.85,21.053,3.0714,0.7544,0.4908,-0.2013,6.1484,0.2283,-0.2876,-0.1345,0.3562,0.1549,0,0.0,task_2_2,task_2_2,physical_plants
1093,2025-08-08 16:53:39.196000,3613.9,3614.4,3617.1,0.5,2.7,3.2,18.75,0.1852,0.1563,0.4691,-0.7745,5.8766,0.9381,-0.2869,0.1549,0.624,-0.1505,0,0.0,task_2_2,task_2_2,physical_plants
1094,2025-08-08 16:53:42.374000,3617.1,3618.0,3622.15,0.9,4.15,5.05,11.881,0.2169,0.1782,0.4324,-0.2464,5.4174,0.4805,-0.0594,-0.1505,0.2819,0.0354,1,1.7,subject_idle,subject_idle,physical_plants
1095,2025-08-08 16:53:47.475000,3622.15,3622.9,3625.15,0.75,2.25,3.0,20.0,0.3333,0.25,0.2786,-0.3411,3.4901,0.3714,-0.1516,0.0354,0.314,-0.027,0,0.0,prs_2,prs_2,physical_plants
1096,2025-08-08 16:53:50.475000,3625.15,3628.6,3633.6,3.45,5.0,8.45,7.101,0.69,0.4083,0.2239,-0.0333,2.8052,0.0649,-0.0067,-0.027,0.1969,0.1636,1,0.75,prs_2,prs_2,physical_plants
1097,2025-08-08 16:53:58.906000,3633.6,3634.75,3636.25,1.15,1.5,2.65,22.642,0.7667,0.434,0.3674,-0.3548,4.6034,0.3195,-0.2365,0.1636,0.5311,0.1763,0,0.0,prs_2,prs_2,physical_plants
1098,2025-08-08 16:54:01.578000,3636.25,3637.5,3640.6,1.25,3.1,4.35,13.793,0.4032,0.2874,0.1499,-0.3381,1.8784,0.1199,-0.1091,0.1763,0.3262,-0.0119,2,0.65,prs_2,prs_2,physical_plants
1099,2025-08-08 16:54:05.897000,3640.6,3641.75,3643.35,1.15,1.6,2.75,21.818,0.7188,0.4182,0.3428,-0.331,4.2942,0.2981,-0.2068,-0.0119,0.3309,-0.0001,0,0.0,prs_2,prs_2,physical_plants
1100,2025-08-08 16:54:08.688000,3643.35,3644.6,3645.9,1.25,1.3,2.55,23.529,0.9615,0.4902,0.3088,-0.357,3.8688,0.247,-0.2746,-0.0001,0.3087,-0.0483,0,0.0,prs_2,prs_2,physical_plants
1101,2025-08-08 16:54:11.174000,3645.9,3647.75,3649.7,1.85,1.95,3.8,15.789,0.9487,0.4868,0.2918,-0.2503,3.6554,0.1577,-0.1284,-0.0483,0.2435,-0.0068,0,0.0,prs_2,prs_2,physical_plants
1102,2025-08-08 16:54:14.986000,3649.7,3653.35,3662.2,3.65,8.85,12.5,4.8,0.4124,0.292,1.8084,-1.8049,22.656,0.4954,-0.2039,-0.0068,1.8016,-0.0033,0,0.0,prs_2,prs_2,physical_plants
1103,2025-08-08 16:54:27.470000,3662.2,3666.5,3670.4,4.3,3.9,8.2,7.317,1.1026,0.5244,0.271,-0.2952,3.3953,0.063,-0.0757,-0.0033,0.2677,-0.0275,2,0.7,prs_2,prs_2,physical_plants
1104,2025-08-08 16:54:35.687000,3670.4,3671.8,3674.25,1.4,2.45,3.85,15.584,0.5714,0.3636,0.4049,-0.4079,5.0726,0.2892,-0.1665,-0.0275,0.3774,-0.0305,0,0.0,prs_2,prs_2,physical_plants
1105,2025-08-08 16:54:39.584000,3674.25,3675.25,3676.75,1.0,1.5,2.5,24.0,0.6667,0.4,0.2248,-0.2224,2.8161,0.2248,-0.1482,-0.0305,0.1943,-0.0281,0,0.0,prs_2,prs_2,physical_plants
1106,2025-08-08 16:54:42.079000,3676.75,3678.95,3682.2,2.2,3.25,5.45,11.009,0.6769,0.4037,0.3184,-0.3304,3.989,0.1447,-0.1017,-0.0281,0.2903,-0.0401,0,0.0,prs_2_PRS-SHORT-11-Boundaries,prs_2,physical_plants
1107,2025-08-08 16:54:47.483000,3682.2,3683.35,3685.9,1.15,2.55,3.7,16.216,0.451,0.3108,0.3136,-0.2829,3.9287,0.2727,-0.1109,-0.0401,0.2735,-0.0094,0,0.0,prs_2_PRS-SHORT-11-Boundaries,prs_2,physical_plants
1108,2025-08-08 16:54:51.171000,3685.9,3686.8,3689.3,0.9,2.5,3.4,17.647,0.36,0.2647,0.155,-0.1258,1.9414,0.1722,-0.0503,-0.0094,0.1456,0.0198,0,0.0,prs_2_PRS-SHORT-11-Boundaries,prs_2,physical_plants
1109,2025-08-08 16:54:54.594000,3689.3,3690.1,3695.25,0.8,5.15,5.95,10.084,0.1553,0.1345,0.4368,-0.3918,5.4719,0.546,-0.0761,0.0198,0.4566,0.0648,1,0.45,prs_2_PRS-SHORT-11-Boundaries,prs_2,physical_plants
1110,2025-08-08 16:55:00.587000,3695.25,3695.9,3697.6,0.65,1.7,2.35,25.532,0.3824,0.2766,0.3329,-0.3733,4.1713,0.5122,-0.2196,0.0648,0.3977,0.0244,0,0.0,prs_2_PRS-SHORT-11-Boundaries,prs_2,physical_plants
1111,2025-08-08 16:55:02.868000,3697.6,3698.2,3699.5,0.6,1.3,1.9,31.579,0.4615,0.3158,0.2571,-0.3108,3.2212,0.4285,-0.2391,0.0244,0.2816,-0.0292,0,0.0,prs_2_PRS-SHORT-11-Boundaries,prs_2,physical_plants
1112,2025-08-08 16:55:04.786000,3699.5,3700.5,3703.65,1.0,3.15,4.15,14.458,0.3175,0.241,0.3123,-0.2373,3.9124,0.3123,-0.0753,-0.0292,0.2831,0.0458,1,0.25,prs_2_PRS-SHORT-8-Organized,prs_2,physical_plants
1113,2025-08-08 16:55:08.993000,3703.65,3704.15,3705.05,0.5,0.9,1.4,42.857,0.5556,0.3571,0.2856,-0.2671,3.5782,0.5712,-0.2967,0.0458,0.3314,0.0643,1,0.75,prs_2_PRS-SHORT-8-Organized,prs_2,physical_plants
1114,2025-08-08 16:55:10.400000,3705.05,3706.5,3706.95,1.45,0.45,1.9,31.579,3.2222,0.7632,0.1175,-0.077,1.4723,0.081,-0.171,0.0643,0.1819,0.1049,1,0.3,prs_2_PRS-SHORT-8-Organized,prs_2,physical_plants
1115,2025-08-08 16:55:12.290000,3706.95,3707.75,3709.6,0.8,1.85,2.65,22.642,0.4324,0.3019,0.2472,-0.3349,3.0964,0.3089,-0.181,0.1049,0.3521,0.0172,0,0.0,prs_2_PRS-SHORT-8-Organized,prs_2,physical_plants
1116,2025-08-08 16:55:14.899000,3709.6,3712.05,3718.05,2.45,6.0,8.45,7.101,0.4083,0.2899,0.3598,-0.4129,4.5078,0.1469,-0.0688,0.0172,0.377,-0.0359,0,0.0,prs_2_PRS-SHORT-8-Organized,prs_2,physical_plants
1117,2025-08-08 16:55:23.387000,3718.05,3718.8,3720.8,0.75,2.0,2.75,21.818,0.375,0.2727,0.3054,-0.3092,3.8258,0.4072,-0.1546,-0.0359,0.2695,-0.0397,1,0.7,prs_2_PRS-SHORT-8-Organized,prs_2,physical_plants
1118,2025-08-08 16:55:26.090000,3720.8,3721.85,3723.5,1.05,1.65,2.7,22.222,0.6364,0.3889,0.3538,-0.3231,4.4329,0.337,-0.1958,-0.0397,0.3141,-0.0091,0,0.0,prs_2_PRS-SHORT-8-Organized,prs_2,physical_plants
1119,2025-08-08 16:55:28.791000,3723.5,3724.65,3728.7,1.15,4.05,5.2,11.538,0.284,0.2212,0.4962,-0.4286,6.2163,0.4315,-0.1058,-0.0091,0.4871,0.0585,2,0.7,prs_2_PRS-SHORT-5-DemandAttention,prs_2,physical_plants
1120,2025-08-08 16:55:33.978000,3728.7,3730.3,3737.8,1.6,7.5,9.1,6.593,0.2133,0.1758,1.5322,-1.5804,19.1955,0.9576,-0.2107,0.0585,1.5907,0.0102,1,2.0,prs_2_PRS-SHORT-5-DemandAttention,prs_2,physical_plants
1121,2025-08-08 16:55:43.096000,3737.8,3738.55,3745.25,0.75,6.7,7.45,8.054,0.1119,0.1007,0.4621,-0.49,5.7898,0.6162,-0.0731,0.0102,0.4724,-0.0176,1,1.65,prs_2_PRS-SHORT-5-DemandAttention,prs_2,physical_plants
1122,2025-08-08 16:55:50.571000,3745.25,3746.15,3750.85,0.9,4.7,5.6,10.714,0.1915,0.1607,0.2366,-0.2489,2.9638,0.2629,-0.053,-0.0176,0.2189,-0.03,1,0.55,prs_2_PRS-SHORT-5-DemandAttention,prs_2,physical_plants
1123,2025-08-08 16:55:56.207000,3750.85,3752.0,3753.5,1.15,1.5,2.65,22.642,0.7667,0.434,0.3841,-0.2936,4.8119,0.334,-0.1957,-0.03,0.3541,0.0605,0,0.0,prs_2_PRS-SHORT-6-GetAway,prs_2,physical_plants
1124,2025-08-08 16:55:58.793000,3753.5,3754.0,3757.6,0.5,3.6,4.1,14.634,0.1389,0.122,0.2952,-0.3468,3.6985,0.5904,-0.0963,0.0605,0.3557,0.0089,0,0.0,prs_2_PRS-SHORT-6-GetAway,prs_2,physical_plants
1125,2025-08-08 16:56:02.990000,3757.6,3758.5,3760.8,0.9,2.3,3.2,18.75,0.3913,0.2813,0.3727,-0.3859,4.6698,0.4142,-0.1678,0.0089,0.3816,-0.0043,0,0.0,prs_2_PRS-SHORT-6-GetAway,prs_2,physical_plants
1126,2025-08-08 16:56:06.085000,3760.8,3762.55,3763.25,1.75,0.7,2.45,24.49,2.5,0.7143,0.1644,-0.199,2.0594,0.0939,-0.2843,-0.0043,0.1601,-0.0389,1,0.6,prs_2_PRS-SHORT-6-GetAway,prs_2,physical_plants
1127,2025-08-08 16:56:08.595000,3763.25,3764.65,3766.85,1.4,2.2,3.6,16.667,0.6364,0.3889,0.377,-0.3762,4.723,0.2693,-0.171,-0.0389,0.3381,-0.0381,1,0.25,prs_2_PRS-SHORT-6-GetAway,prs_2,physical_plants
1128,2025-08-08 16:56:12.202000,3766.85,3773.35,3779.3,6.5,5.95,12.45,4.819,1.0924,0.5221,0.78,-0.6792,9.7715,0.12,-0.1141,-0.0381,0.7418,0.0626,0,0.0,prs_2_PRS-SHORT-3-HardToBeBored,prs_2,physical_plants
1129,2025-08-08 16:56:24.586000,3779.3,3780.7,3782.5,1.4,1.8,3.2,18.75,0.7778,0.4375,0.2615,-0.268,3.2755,0.1868,-0.1489,0.0626,0.3241,0.0561,1,0.3,prs_2_PRS-SHORT-3-HardToBeBored,prs_2,physical_plants
1130,2025-08-08 16:56:27.767000,3782.5,3783.65,3785.05,1.15,1.4,2.55,23.529,0.8214,0.451,0.1146,-0.139,1.4357,0.0997,-0.0993,0.0561,0.1707,0.0317,1,0.45,prs_2_PRS-SHORT-3-HardToBeBored,prs_2,physical_plants
1131,2025-08-08 16:56:30.376000,3785.05,3786.6,3788.0,1.55,1.4,2.95,20.339,1.1071,0.5254,0.203,-0.252,2.5434,0.131,-0.18,0.0317,0.2347,-0.0173,0,0.0,prs_2_PRS-SHORT-3-HardToBeBored,prs_2,physical_plants
1132,2025-08-08 16:56:33.288000,3788.0,3789.1,3792.3,1.1,3.2,4.3,13.953,0.3437,0.2558,0.4167,-0.4945,5.22,0.3788,-0.1545,-0.0173,0.3993,-0.0952,1,0.5,prs_2_PRS-SHORT-3-HardToBeBored,prs_2,physical_plants
1133,2025-08-08 16:56:37.584000,3792.3,3793.3,3794.3,1.0,1.0,2.0,30.0,1.0,0.5,0.262,-0.2283,3.2828,0.262,-0.2283,-0.0952,0.1668,-0.0615,0,0.0,prs_2_PRS-SHORT-3-HardToBeBored,prs_2,physical_plants
1134,2025-08-08 16:56:39.586000,3794.3,3795.4,3797.6,1.1,2.2,3.3,18.182,0.5,0.3333,0.3535,-0.2925,4.4289,0.3214,-0.133,-0.0615,0.292,-0.0005,0,0.0,prs_2_PRS-SHORT-9-ProperPlace,prs_2,physical_plants
1135,2025-08-08 16:56:42.888000,3797.6,3798.75,3799.4,1.15,0.65,1.8,33.333,1.7692,0.6389,0.1078,-0.0829,1.3505,0.0937,-0.1275,-0.0005,0.1073,0.0244,1,0.55,prs_2_PRS-SHORT-9-ProperPlace,prs_2,physical_plants
1136,2025-08-08 16:56:44.694000,3799.4,3799.8,3801.7,0.4,1.9,2.3,26.087,0.2105,0.1739,0.2098,-0.2268,2.6286,0.5245,-0.1194,0.0244,0.2342,0.0074,1,0.3,prs_2_PRS-SHORT-9-ProperPlace,prs_2,physical_plants
1137,2025-08-08 16:56:46.994000,3801.7,3803.55,3804.85,1.85,1.3,3.15,19.048,1.4231,0.5873,0.0963,-0.1644,1.206,0.052,-0.1265,0.0074,0.1037,-0.0608,1,0.25,prs_2_PRS-SHORT-9-ProperPlace,prs_2,physical_plants
1138,2025-08-08 16:56:50.178000,3804.85,3806.05,3810.4,1.2,4.35,5.55,10.811,0.2759,0.2162,0.3504,-0.3404,4.3894,0.292,-0.0783,-0.0608,0.2896,-0.0508,1,0.6,prs_2_PRS-SHORT-9-ProperPlace,prs_2,physical_plants
1139,2025-08-08 16:56:55.667000,3810.4,3811.3,3812.15,0.9,0.85,1.75,34.286,1.0588,0.5143,0.1777,-0.0694,2.2259,0.1974,-0.0816,-0.0508,0.1268,0.0574,0,0.0,prs_2_PRS-SHORT-9-ProperPlace,prs_2,physical_plants
1140,2025-08-08 16:56:57.473000,3812.15,3812.45,3813.25,0.3,0.8,1.1,54.545,0.375,0.2727,0.1255,-0.1174,1.5718,0.4182,-0.1468,0.0574,0.1829,0.0655,1,0.65,prs_2_PRS-SHORT-9-ProperPlace,prs_2,physical_plants
1141,2025-08-08 16:56:58.580000,3813.25,3814.05,3816.3,0.8,2.25,3.05,19.672,0.3556,0.2623,0.2694,-0.3408,3.3753,0.3368,-0.1515,0.0655,0.3349,-0.0059,1,0.85,prs_2_PRS-SHORT-9-ProperPlace,prs_2,physical_plants
1142,2025-08-08 16:57:01.580000,3816.3,3818.4,3821.6,2.1,3.2,5.3,11.321,0.6563,0.3962,1.3574,-1.0122,17.0064,0.6464,-0.3163,-0.0059,1.3515,0.3393,1,1.65,prs_2_PRS-SHORT-2-InterestingThings,prs_2,physical_plants
1143,2025-08-08 16:57:06.894000,3821.6,3822.7,3828.5,1.1,5.8,6.9,8.696,0.1897,0.1594,0.6838,-1.0536,8.5668,0.6216,-0.1817,0.3393,1.0231,-0.0305,1,3.15,prs_2_PRS-SHORT-2-InterestingThings,prs_2,physical_plants
1144,2025-08-08 16:57:13.786000,3828.5,3829.4,3833.1,0.9,3.7,4.6,13.043,0.2432,0.1957,0.3953,-0.3792,4.952,0.4392,-0.1025,-0.0305,0.3648,-0.0144,1,0.35,prs_2_PRS-SHORT-2-InterestingThings,prs_2,physical_plants
1145,2025-08-08 16:57:18.378000,3833.1,3836.6,3843.7,3.5,7.1,10.6,5.66,0.493,0.3302,1.5098,-1.4768,18.915,0.4314,-0.208,-0.0144,1.4954,0.0186,0,0.0,prs_2_PRS-SHORT-2-InterestingThings,prs_2,physical_plants
1146,2025-08-08 16:57:28.972000,3843.7,3844.1,3848.5,0.4,4.4,4.8,12.5,0.0909,0.0833,0.2963,-0.3148,3.7116,0.7406,-0.0715,0.0186,0.3148,0.0001,0,0.0,prs_2_PRS-SHORT-1-Fascinating,prs_2,physical_plants
1147,2025-08-08 16:57:33.795000,3848.5,3849.4,3853.2,0.9,3.8,4.7,12.766,0.2368,0.1915,0.4361,-0.4511,5.4633,0.4845,-0.1187,0.0001,0.4361,-0.015,0,0.0,prs_2_PRS-SHORT-1-Fascinating,prs_2,physical_plants
1148,2025-08-08 16:57:38.474000,3853.2,3855.3,3856.7,2.1,1.4,3.5,17.143,1.5,0.6,0.1694,-0.1988,2.1219,0.0807,-0.142,-0.015,0.1544,-0.0445,0,0.0,prs_2_PRS-SHORT-1-Fascinating,prs_2,physical_plants
1149,2025-08-08 16:57:41.984000,3856.7,3857.75,3862.45,1.05,4.7,5.75,10.435,0.2234,0.1826,0.3846,-0.4152,4.818,0.3663,-0.0883,-0.0445,0.3401,-0.0751,0,0.0,prs_2_PRS-SHORT-1-Fascinating,prs_2,physical_plants
1150,2025-08-08 16:57:47.783000,3862.45,3864.05,3869.2,1.6,5.15,6.75,8.889,0.3107,0.237,0.4602,-0.3692,5.766,0.2876,-0.0717,-0.0751,0.3852,0.0159,1,0.65,prs_2_PRS-SHORT-7-ClearOrder,prs_2,physical_plants
1151,2025-08-08 16:57:54.502000,3869.2,3869.55,3871.1,0.35,1.55,1.9,31.579,0.2258,0.1842,0.1467,-0.1849,1.8381,0.4192,-0.1193,0.0159,0.1626,-0.0223,0,0.0,prs_2_PRS-SHORT-7-ClearOrder,prs_2,physical_plants
1152,2025-08-08 16:57:56.394000,3871.1,3872.2,3877.2,1.1,5.0,6.1,9.836,0.22,0.1803,0.3523,-0.3341,4.4135,0.3203,-0.0668,-0.0223,0.33,-0.0041,0,0.0,prs_2_PRS-SHORT-7-ClearOrder,prs_2,physical_plants
1153,2025-08-08 16:58:02.482000,3877.2,3877.7,3879.95,0.5,2.25,2.75,21.818,0.2222,0.1818,0.3363,-0.3454,4.2129,0.6725,-0.1535,-0.0041,0.3322,-0.0132,0,0.0,prs_2_PRS-SHORT-7-ClearOrder,prs_2,physical_plants
1154,2025-08-08 16:58:05.272000,3879.95,3883.15,3884.05,3.2,0.9,4.1,14.634,3.5556,0.7805,0.1381,-0.2202,1.7299,0.0431,-0.2446,-0.0132,0.1248,-0.0953,1,0.75,prs_2_PRS-SHORT-7-ClearOrder,prs_2,physical_plants
1155,2025-08-08 16:58:09.383000,3884.05,3885.3,3888.0,1.25,2.7,3.95,15.19,0.463,0.3165,0.2626,-0.1596,3.2895,0.2101,-0.0591,-0.0953,0.1673,0.0076,0,0.0,prs_2_PRS-SHORT-10-Exploration,prs_2,physical_plants
1156,2025-08-08 16:58:13.282000,3888.0,3890.1,3892.55,2.1,2.45,4.55,13.187,0.8571,0.4615,0.2565,-0.1964,3.2134,0.1221,-0.0801,0.0076,0.2641,0.0678,1,0.25,prs_2_PRS-SHORT-10-Exploration,prs_2,physical_plants
1157,2025-08-08 16:58:17.894000,3892.55,3893.1,3893.6,0.55,0.5,1.05,57.143,1.1,0.5238,0.7701,-0.4672,9.6484,1.4002,-0.9343,0.0678,0.8379,0.3707,0,0.0,prs_2_PRS-SHORT-10-Exploration,prs_2,physical_plants
1158,2025-08-08 16:58:18.884000,3893.6,3894.15,3896.8,0.55,2.65,3.2,18.75,0.2075,0.1719,0.4053,-0.4036,5.0777,0.7369,-0.1523,0.3707,0.776,0.3725,1,0.5,prs_2_PRS-SHORT-10-Exploration,prs_2,physical_plants
1159,2025-08-08 16:58:22.100000,3896.8,3897.45,3898.4,0.65,0.95,1.6,37.5,0.6842,0.4062,0.3082,-0.2764,3.8616,0.4742,-0.2909,0.3725,0.6807,0.4043,1,0.85,prs_2_PRS-SHORT-10-Exploration,prs_2,physical_plants
1160,2025-08-08 16:58:23.684000,3898.4,3899.7,3904.25,1.3,4.55,5.85,10.256,0.2857,0.2222,0.297,-0.6916,3.7211,0.2285,-0.152,0.4043,0.7013,0.0097,1,0.7,prs_2_PRS-SHORT-10-Exploration,prs_2,physical_plants
1161,2025-08-08 16:58:29.563000,3904.25,3905.35,3907.3,1.1,1.95,3.05,19.672,0.5641,0.3607,0.4062,-0.3066,5.0886,0.3692,-0.1572,0.0097,0.4159,0.1093,0,0.0,prs_2_PRS-SHORT-10-Exploration,prs_2,physical_plants
1162,2025-08-08 16:58:32.568000,3907.3,3908.05,3912.1,0.75,4.05,4.8,12.5,0.1852,0.1563,0.1921,-0.3764,2.4062,0.2561,-0.0929,0.1093,0.3014,-0.075,1,0.35,prs_2_PRS-SHORT-4-RefugeNuisances,prs_2,physical_plants
1163,2025-08-08 16:58:37.370000,3912.1,3913.5,3919.9,1.4,6.4,7.8,7.692,0.2188,0.1795,1.2848,-1.2561,16.0964,0.9177,-0.1963,-0.075,1.2098,-0.0463,1,1.0,prs_2_PRS-SHORT-4-RefugeNuisances,prs_2,physical_plants
1164,2025-08-08 16:58:45.197000,3919.9,3922.15,3923.2,2.25,1.05,3.3,18.182,2.1429,0.6818,0.214,-0.2086,2.6815,0.0951,-0.1986,-0.0463,0.1678,-0.0408,0,0.0,prs_2_PRS-SHORT-4-RefugeNuisances,prs_2,physical_plants
1165,2025-08-08 16:58:48.497000,3923.2,3924.9,3927.85,1.7,2.95,4.65,12.903,0.5763,0.3656,0.1609,-0.1566,2.0161,0.0947,-0.0531,-0.0408,0.1201,-0.0364,0,0.0,prs_2_PRS-SHORT-4-RefugeNuisances,prs_2,physical_plants
1166,2025-08-08 16:58:53.180000,3927.85,3929.7,3936.0,1.85,6.3,8.15,7.362,0.2937,0.227,0.2168,-0.2405,2.7159,0.1172,-0.0382,-0.0364,0.1803,-0.0602,2,1.95,sart_6,sart_6,physical_plants
1167,2025-08-08 16:59:01.284000,3936.0,3936.6,3937.05,0.6,0.45,1.05,57.143,1.3333,0.5714,0.9612,-0.4233,12.042,1.602,-0.9408,-0.0602,0.901,0.4776,0,0.0,sart_6,sart_6,unmarked
1168,2025-08-08 16:59:02.390000,3937.05,3937.4,3941.9,0.35,4.5,4.85,12.371,0.0778,0.0722,0.4333,-1.076,5.4285,1.238,-0.2391,0.4776,0.9109,-0.1651,1,0.55,sart_6,sart_6,unmarked
1169,2025-08-08 16:59:07.184000,3941.9,3943.9,3945.0,2.0,1.1,3.1,19.355,1.8182,0.6452,0.383,-0.3412,4.798,0.1915,-0.3102,-0.1651,0.2179,-0.1233,0,0.0,sart_6,sart_6,unmarked
1170,2025-08-08 16:59:10.284000,3945.0,3945.6,3945.85,0.6,0.25,0.85,70.588,2.4,0.7059,0.2005,-0.1861,2.5123,0.3342,-0.7444,-0.1233,0.0772,-0.1089,0,0.0,sart_6,sart_6,unmarked
1171,2025-08-08 16:59:11.182000,3945.85,3946.35,3946.7,0.5,0.35,0.85,70.588,1.4286,0.5882,0.2014,-0.1285,2.5238,0.4029,-0.3671,-0.1089,0.0925,-0.036,0,0.0,sart_6,sart_6,unmarked
1172,2025-08-08 16:59:11.993000,3946.7,3946.95,3948.2,0.25,1.25,1.5,40.0,0.2,0.1667,0.1238,-0.229,1.5509,0.4952,-0.1832,-0.036,0.0878,-0.1411,1,0.25,sart_6,sart_6,unmarked
1173,2025-08-08 16:59:13.489000,3948.2,3949.05,3953.4,0.85,4.35,5.2,11.538,0.1954,0.1635,0.1691,-0.0508,2.1186,0.1989,-0.0117,-0.1411,0.028,-0.0228,1,0.3,sart_6,sart_6,unmarked
1174,2025-08-08 16:59:18.680000,3953.4,3954.6,3955.35,1.2,0.75,1.95,30.769,1.6,0.6154,2.5755,-1.4301,32.2664,2.1462,-1.9068,-0.0228,2.5527,1.1226,1,0.65,sart_6,sart_6,unmarked
1175,2025-08-08 16:59:20.684000,3955.35,3956.3,3957.6,0.95,1.3,2.25,26.667,0.7308,0.4222,1.0771,-1.5949,13.4947,1.1338,-1.2269,1.1226,2.1997,0.6048,0,0.0,sart_6,sart_6,unmarked
1176,2025-08-08 16:59:22.877000,3957.6,3959.25,3960.15,1.65,0.9,2.55,23.529,1.8333,0.6471,1.2477,-1.1695,15.632,0.7562,-1.2994,0.6048,1.8525,0.683,1,0.8,sart_6,sart_6,unmarked
1177,2025-08-08 16:59:25.488000,3960.15,3962.0,3963.1,1.85,1.1,2.95,20.339,1.6818,0.6271,0.2909,-0.3137,3.6448,0.1573,-0.2852,0.683,0.9739,0.6603,0,0.0,sart_6,sart_6,unmarked
1178,2025-08-08 16:59:28.401000,3963.1,3964.1,3966.95,1.0,2.85,3.85,15.584,0.3509,0.2597,0.4816,-0.5847,6.0335,0.4816,-0.2051,0.6603,1.1419,0.5572,1,0.45,sart_6,sart_6,unmarked
1179,2025-08-08 16:59:32.299000,3966.95,3968.2,3969.15,1.25,0.95,2.2,27.273,1.3158,0.5682,0.6947,-0.7011,8.7032,0.5557,-0.738,0.5572,1.2519,0.5508,1,0.85,sart_6,sart_6,unmarked
1180,2025-08-08 16:59:34.493000,3969.15,3972.3,3973.0,3.15,0.7,3.85,15.584,4.5,0.8182,1.6551,-1.9362,20.7354,0.5254,-2.7659,0.5508,2.2059,0.2697,0,0.0,sart_6,sart_6,unmarked
1181,2025-08-08 16:59:38.270000,3973.0,3973.35,3974.2,0.35,0.85,1.2,50.0,0.4118,0.2917,0.4485,-0.5974,5.6185,1.2813,-0.7029,0.2697,0.7182,0.1208,0,0.0,sart_6,sart_6,unmarked
1182,2025-08-08 16:59:39.468000,3974.2,3979.2,3981.75,5.0,2.55,7.55,7.947,1.9608,0.6623,0.5645,-0.7155,7.0723,0.1129,-0.2806,0.1208,0.6853,-0.0303,1,0.45,sart_6,sart_6,unmarked
1183,2025-08-08 16:59:47.093000,3981.75,3982.75,3984.65,1.0,1.9,2.9,20.69,0.5263,0.3448,0.247,-0.2592,3.095,0.247,-0.1364,-0.0303,0.2168,-0.0424,1,0.4,sart_6,sart_6,unmarked
1184,2025-08-08 16:59:50.002000,3984.65,3986.95,3990.25,2.3,3.3,5.6,10.714,0.697,0.4107,0.297,-0.2764,3.7212,0.1291,-0.0838,-0.0424,0.2546,-0.0218,1,0.55,sart_6,sart_6,unmarked
1185,2025-08-08 16:59:55.574000,3990.25,3991.3,3993.3,1.05,2.0,3.05,19.672,0.525,0.3443,0.2689,-0.2671,3.3689,0.2561,-0.1336,-0.0218,0.2471,-0.02,1,0.45,sart_6,sart_6,unmarked
1186,2025-08-08 16:59:58.580000,3993.3,3994.4,3995.7,1.1,1.3,2.4,25.0,0.8462,0.4583,0.301,-0.2821,3.7715,0.2737,-0.217,-0.02,0.281,-0.0011,0,0.0,sart_6,sart_6,unmarked
1187,2025-08-08 17:00:00.974000,3995.7,3997.15,3998.5,1.45,1.35,2.8,21.429,1.0741,0.5179,0.2963,-0.2928,3.712,0.2043,-0.2169,-0.0011,0.2951,0.0024,0,0.0,sart_6,sart_6,unmarked
1188,2025-08-08 17:00:03.767000,3998.5,4000.0,4001.55,1.5,1.55,3.05,19.672,0.9677,0.4918,0.2637,-0.2769,3.3042,0.1758,-0.1786,0.0024,0.2661,-0.0108,1,0.35,sart_6,sart_6,unmarked
1189,2025-08-08 17:00:06.888000,4001.55,4002.7,4004.3,1.15,1.6,2.75,21.818,0.7187,0.4182,0.3114,-0.3013,3.9013,0.2708,-0.1883,-0.0108,0.3006,-0.0007,0,0.0,sart_6,sart_6,unmarked
1190,2025-08-08 17:00:09.593000,4004.3,4005.4,4007.3,1.1,1.9,3.0,20.0,0.5789,0.3667,0.3051,-0.3142,3.8224,0.2774,-0.1654,-0.0007,0.3044,-0.0098,1,0.4,sart_6,sart_6,unmarked
1191,2025-08-08 17:00:12.585000,4007.3,4008.5,4010.25,1.2,1.75,2.95,20.339,0.6857,0.4068,0.3072,-0.3054,3.8492,0.256,-0.1745,-0.0098,0.2974,-0.0079,0,0.0,sart_6,sart_6,unmarked
1192,2025-08-08 17:00:15.529000,4010.25,4011.35,4013.1,1.1,1.75,2.85,21.053,0.6286,0.386,0.3217,-0.3054,4.0304,0.2925,-0.1745,-0.0079,0.3138,0.0084,1,0.4,sart_6,sart_6,unmarked
1193,2025-08-08 17:00:18.391000,4013.1,4014.3,4015.95,1.2,1.65,2.85,21.053,0.7273,0.4211,0.3436,-0.3531,4.3043,0.2863,-0.214,0.0084,0.3519,-0.0012,0,0.0,sart_6,sart_6,unmarked
1194,2025-08-08 17:00:21.219000,4015.95,4017.1,4018.7,1.15,1.6,2.75,21.818,0.7188,0.4182,0.349,-0.3387,4.3719,0.3034,-0.2117,-0.0012,0.3478,0.009,1,0.25,sart_6,sart_6,unmarked
1195,2025-08-08 17:00:24.003000,4018.7,4019.85,4021.55,1.15,1.7,2.85,21.053,0.6765,0.4035,0.3076,-0.3167,3.8537,0.2675,-0.1863,0.009,0.3166,-0.0,0,0.0,sart_6,sart_6,unmarked
1196,2025-08-08 17:00:26.922000,4021.55,4022.65,4024.05,1.1,1.4,2.5,24.0,0.7857,0.44,0.3045,-0.2922,3.8147,0.2768,-0.2087,-0.0,0.3045,0.0123,0,0.0,sart_6,sart_6,unmarked
1197,2025-08-08 17:00:29.323000,4024.05,4025.35,4027.15,1.3,1.8,3.1,19.355,0.7222,0.4194,0.3131,-0.2941,3.9227,0.2409,-0.1634,0.0123,0.3254,0.0313,1,0.45,sart_6,sart_6,unmarked
1198,2025-08-08 17:00:32.506000,4027.15,4027.95,4030.05,0.8,2.1,2.9,20.69,0.381,0.2759,0.2459,-0.3028,3.0805,0.3074,-0.1442,0.0313,0.2772,-0.0256,1,0.5,sart_6,sart_6,unmarked
1199,2025-08-08 17:00:35.424000,4030.05,4031.15,4033.25,1.1,2.1,3.2,18.75,0.5238,0.3437,0.3105,-0.2819,3.8897,0.2822,-0.1342,-0.0256,0.2849,0.003,1,0.6,sart_6,sart_6,unmarked
1200,2025-08-08 17:00:38.597000,4033.25,4034.5,4036.2,1.25,1.7,2.95,20.339,0.7353,0.4237,0.3318,-0.335,4.1568,0.2654,-0.1971,0.003,0.3348,-0.0003,0,0.0,sart_6,sart_6,unmarked
1201,2025-08-08 17:00:41.515000,4036.2,4037.35,4038.95,1.15,1.6,2.75,21.818,0.7188,0.4182,0.303,-0.301,3.7967,0.2635,-0.1881,-0.0003,0.3028,0.0017,0,0.0,sart_6,sart_6,unmarked
1202,2025-08-08 17:00:44.302000,4038.95,4040.05,4041.75,1.1,1.7,2.8,21.429,0.6471,0.3929,0.2972,-0.3071,3.7236,0.2702,-0.1806,0.0017,0.299,-0.0081,0,0.0,sart_6,sart_6,unmarked
1203,2025-08-08 17:00:47.037000,4041.75,4043.0,4044.7,1.25,1.7,2.95,20.339,0.7353,0.4237,0.2982,-0.3223,3.7354,0.2385,-0.1896,-0.0081,0.29,-0.0323,0,0.0,sart_6,sart_6,unmarked
1204,2025-08-08 17:00:50.033000,4044.7,4045.8,4047.25,1.1,1.45,2.55,23.529,0.7586,0.4314,0.3157,-0.2532,3.9551,0.287,-0.1746,-0.0323,0.2834,0.0302,1,0.25,sart_6,sart_6,unmarked
1205,2025-08-08 17:00:52.528000,4047.25,4048.35,4050.05,1.1,1.7,2.8,21.429,0.6471,0.3929,0.2656,-0.2922,3.3279,0.2415,-0.1719,0.0302,0.2959,0.0037,0,0.0,sart_6,sart_6,unmarked
1206,2025-08-08 17:00:55.317000,4050.05,4051.1,4052.65,1.05,1.55,2.6,23.077,0.6774,0.4038,0.3098,-0.3089,3.8807,0.295,-0.1993,0.0037,0.3135,0.0045,0,0.0,sart_6,sart_6,unmarked
1207,2025-08-08 17:00:57.921000,4052.65,4053.8,4055.75,1.15,1.95,3.1,19.355,0.5897,0.371,0.2947,-0.2532,3.6925,0.2563,-0.1298,0.0045,0.2993,0.0461,0,0.0,sart_6,sart_6,unmarked
1208,2025-08-08 17:01:01.169000,4055.75,4056.55,4056.95,0.8,0.4,1.2,50.0,2.0,0.6667,0.3028,-0.1076,3.7941,0.3786,-0.269,0.0461,0.3489,0.2413,0,0.0,sart_6,sart_6,unmarked
1209,2025-08-08 17:01:02.338000,4056.95,4057.65,4059.85,0.7,2.2,2.9,20.69,0.3182,0.2414,0.1879,-0.4213,2.3546,0.2685,-0.1915,0.2413,0.4292,0.0079,1,0.3,sart_6,sart_6,unmarked
1210,2025-08-08 17:01:05.125000,4059.85,4060.95,4062.65,1.1,1.7,2.8,21.429,0.6471,0.3929,0.2882,-0.3014,3.6103,0.262,-0.1773,0.0079,0.2961,-0.0053,0,0.0,sart_6,sart_6,unmarked
1211,2025-08-08 17:01:07.920000,4062.65,4063.75,4065.05,1.1,1.3,2.4,25.0,0.8462,0.4583,0.2608,-0.2698,3.2676,0.2371,-0.2075,-0.0053,0.2555,-0.0143,0,0.0,sart_6,sart_6,unmarked
1212,2025-08-08 17:01:10.320000,4065.05,4066.5,4067.55,1.45,1.05,2.5,24.0,1.381,0.58,0.3476,-0.2876,4.3546,0.2397,-0.2739,-0.0143,0.3333,0.0457,0,0.0,sart_6,sart_6,unmarked
1213,2025-08-08 17:01:12.923000,4067.55,4068.65,4070.55,1.1,1.9,3.0,20.0,0.5789,0.3667,0.1934,-0.2605,2.4228,0.1758,-0.1371,0.0457,0.239,-0.0215,1,0.45,sart_6,sart_6,unmarked
1214,2025-08-08 17:01:15.927000,4070.55,4071.65,4073.25,1.1,1.6,2.7,22.222,0.6875,0.4074,0.2603,-0.2681,3.2613,0.2366,-0.1676,-0.0215,0.2388,-0.0293,0,0.0,sart_6,sart_6,unmarked
1215,2025-08-08 17:01:18.628000,4073.25,4074.45,4075.95,1.2,1.5,2.7,22.222,0.8,0.4444,0.2553,-0.2625,3.1987,0.2128,-0.175,-0.0293,0.226,-0.0365,0,0.0,sart_6,sart_6,unmarked
1216,2025-08-08 17:01:21.244000,4075.95,4077.05,4078.75,1.1,1.7,2.8,21.429,0.6471,0.3929,0.2666,-0.2429,3.3403,0.2424,-0.1429,-0.0365,0.2302,-0.0128,0,0.0,sart_6,sart_6,unmarked
1217,2025-08-08 17:01:24.029000,4078.75,4079.9,4081.45,1.15,1.55,2.7,22.222,0.7419,0.4259,0.2745,-0.2761,3.439,0.2387,-0.1781,-0.0128,0.2617,-0.0144,0,0.0,sart_6,sart_6,unmarked
1218,2025-08-08 17:01:26.723000,4081.45,4082.75,4084.3,1.3,1.55,2.85,21.053,0.8387,0.4561,0.275,-0.2644,3.4452,0.2115,-0.1706,-0.0144,0.2606,-0.0038,0,0.0,sart_6,sart_6,unmarked
1219,2025-08-08 17:01:29.640000,4084.3,4090.1,4093.95,5.8,3.85,9.65,6.218,1.5065,0.601,1.7956,-1.7764,22.4954,0.3096,-0.4614,-0.0038,1.7917,0.0153,0,0.0,sart_6,sart_6,unmarked
1220,2025-08-08 17:01:39.333000,4093.95,4095.65,4097.75,1.7,2.1,3.8,15.789,0.8095,0.4474,0.2719,-0.2597,3.4067,0.16,-0.1237,0.0153,0.2872,0.0275,0,0.0,sart_6,sart_6,unmarked
1221,2025-08-08 17:01:43.023000,4097.75,4099.2,4100.45,1.45,1.25,2.7,22.222,1.16,0.537,0.2534,-0.1994,3.1748,0.1748,-0.1595,0.0275,0.2809,0.0815,0,0.0,break_2,break_2,unmarked
1222,2025-08-08 17:01:45.718000,4100.45,4101.25,4101.75,0.8,0.5,1.3,46.154,1.6,0.6154,0.0736,-0.0897,0.9227,0.0921,-0.1794,0.0815,0.1552,0.0655,0,0.0,break_2,break_2,unmarked
1223,2025-08-08 17:01:47.127000,4101.75,4102.95,4104.25,1.2,1.3,2.5,24.0,0.9231,0.48,0.2053,-0.2651,2.5726,0.1711,-0.2039,0.0655,0.2708,0.0057,0,0.0,break_2,break_2,unmarked
1224,2025-08-08 17:01:49.528000,4104.25,4106.15,4108.55,1.9,2.4,4.3,13.953,0.7917,0.4419,0.2248,-0.2466,2.8165,0.1183,-0.1027,0.0057,0.2305,-0.0161,0,0.0,break_2,break_2,unmarked
1225,2025-08-08 17:01:53.905000,4108.55,4109.15,4110.25,0.6,1.1,1.7,35.294,0.5455,0.3529,0.1041,-0.0811,1.3043,0.1735,-0.0737,-0.0161,0.088,0.0069,0,0.0,break_2,break_2,unmarked
1226,2025-08-08 17:01:55.524000,4110.25,4111.45,4113.15,1.2,1.7,2.9,20.69,0.7059,0.4138,0.2626,-0.209,3.2895,0.2188,-0.1229,0.0069,0.2695,0.0605,0,0.0,break_2,break_2,unmarked
1227,2025-08-08 17:01:58.444000,4113.15,4114.15,4115.65,1.0,1.5,2.5,24.0,0.6667,0.4,0.1756,-0.2361,2.1997,0.1756,-0.1574,0.0605,0.2361,-0.0,0,0.0,break_2,break_2,unmarked
1228,2025-08-08 17:02:00.932000,4115.65,4117.9,4119.85,2.25,1.95,4.2,14.286,1.1538,0.5357,0.2382,-0.2596,2.9847,0.1059,-0.1331,-0.0,0.2382,-0.0214,1,0.25,break_2,break_2,unmarked
1229,2025-08-08 17:02:05.124000,4119.85,4121.7,4123.85,1.85,2.15,4.0,15.0,0.8605,0.4625,0.2878,-0.2802,3.6051,0.1555,-0.1303,-0.0214,0.2664,-0.0138,0,0.0,break_2,break_2,unmarked
1230,2025-08-08 17:02:09.119000,4123.85,4125.25,4127.8,1.4,2.55,3.95,15.19,0.549,0.3544,0.2878,-0.2395,3.6056,0.2056,-0.0939,-0.0138,0.274,0.0345,1,0.25,break_2,break_2,unmarked
1231,2025-08-08 17:02:13.105000,4127.8,4128.85,4130.25,1.05,1.4,2.45,24.49,0.75,0.4286,0.2413,-0.2605,3.0237,0.2299,-0.186,0.0345,0.2758,0.0154,0,0.0,break_2,break_2,unmarked
1232,2025-08-08 17:02:15.630000,4130.25,4132.15,4134.15,1.9,2.0,3.9,15.385,0.95,0.4872,0.3,-0.3196,3.7581,0.1579,-0.1598,0.0154,0.3153,-0.0042,0,0.0,break_2,break_2,unmarked
1233,2025-08-08 17:02:19.532000,4134.15,4135.35,4137.35,1.2,2.0,3.2,18.75,0.6,0.375,0.258,-0.26,3.2318,0.215,-0.13,-0.0042,0.2537,-0.0063,0,0.0,break_2,break_2,unmarked
1234,2025-08-08 17:02:22.618000,4137.35,4138.85,4140.7,1.5,1.85,3.35,17.91,0.8108,0.4478,0.2535,-0.2533,3.1757,0.169,-0.1369,-0.0063,0.2472,-0.0061,0,0.0,break_2,break_2,unmarked
1235,2025-08-08 17:02:26.014000,4140.7,4142.35,4144.7,1.65,2.35,4.0,15.0,0.7021,0.4125,0.2665,-0.2671,3.3383,0.1615,-0.1136,-0.0061,0.2603,-0.0067,1,0.8,break_2,break_2,unmarked
1236,2025-08-08 17:02:30.027000,4144.7,4145.75,4147.1,1.05,1.35,2.4,25.0,0.7778,0.4375,0.2181,-0.2116,2.7323,0.2077,-0.1568,-0.0067,0.2114,-0.0002,0,0.0,break_2,break_2,unmarked
1237,2025-08-08 17:02:32.434000,4147.1,4148.85,4150.3,1.75,1.45,3.2,18.75,1.2069,0.5469,0.2596,-0.2589,3.2521,0.1483,-0.1785,-0.0002,0.2593,0.0005,0,0.0,break_2,break_2,unmarked
1238,2025-08-08 17:02:35.643000,4150.3,4152.05,4153.5,1.75,1.45,3.2,18.75,1.2069,0.5469,0.2713,-0.2752,3.3985,0.155,-0.1898,0.0005,0.2717,-0.0035,0,0.0,break_2,break_2,unmarked
1239,2025-08-08 17:02:38.821000,4153.5,4155.05,4156.65,1.55,1.6,3.15,19.048,0.9688,0.4921,0.2997,-0.2995,3.7553,0.1934,-0.1872,-0.0035,0.2963,-0.0032,0,0.0,break_2,break_2,unmarked
1240,2025-08-08 17:02:42.029000,4156.65,4158.25,4159.75,1.6,1.5,3.1,19.355,1.0667,0.5161,0.3002,-0.298,3.7611,0.1876,-0.1987,-0.0032,0.297,-0.001,0,0.0,break_2,break_2,unmarked
1241,2025-08-08 17:02:45.033000,4159.75,4161.15,4162.75,1.4,1.6,3.0,20.0,0.875,0.4667,0.2773,-0.2791,3.4745,0.1981,-0.1745,-0.001,0.2763,-0.0029,0,0.0,break_2,break_2,unmarked
1242,2025-08-08 17:02:48.033000,4162.75,4164.25,4165.65,1.5,1.4,2.9,20.69,1.0714,0.5172,0.2813,-0.2785,3.524,0.1875,-0.1989,-0.0029,0.2784,-0.0,0,0.0,break_2,break_2,unmarked
1243,2025-08-08 17:02:51.034000,4165.65,4167.15,4168.85,1.5,1.7,3.2,18.75,0.8824,0.4687,0.2629,-0.2435,3.2935,0.1753,-0.1432,-0.0,0.2628,0.0193,1,0.3,break_2,break_2,unmarked
1244,2025-08-08 17:02:54.122000,4168.85,4170.1,4171.55,1.25,1.45,2.7,22.222,0.8621,0.463,0.2186,-0.2241,2.7388,0.1749,-0.1545,0.0193,0.2379,0.0139,0,0.0,break_2,break_2,unmarked
1245,2025-08-08 17:02:56.906000,4171.55,4173.05,4174.55,1.5,1.5,3.0,20.0,1.0,0.5,0.2387,-0.2496,2.9901,0.1591,-0.1664,0.0139,0.2525,0.0029,0,0.0,break_2,break_2,unmarked
1246,2025-08-08 17:02:59.824000,4174.55,4176.05,4177.45,1.5,1.4,2.9,20.69,1.0714,0.5172,0.2741,-0.2623,3.4345,0.1828,-0.1873,0.0029,0.277,0.0147,0,0.0,break_2,break_2,unmarked
1247,2025-08-08 17:03:02.735000,4177.45,4179.05,4180.55,1.6,1.5,3.1,19.355,1.0667,0.5161,0.3023,-0.3045,3.7878,0.189,-0.203,0.0147,0.3171,0.0125,0,0.0,break_2,break_2,unmarked
1248,2025-08-08 17:03:05.823000,4180.55,4181.9,4183.4,1.35,1.5,2.85,21.053,0.9,0.4737,0.272,-0.2715,3.4072,0.2014,-0.181,0.0125,0.2845,0.013,0,0.0,break_2,break_2,unmarked
1249,2025-08-08 17:03:08.725000,4183.4,4184.7,4186.25,1.3,1.55,2.85,21.053,0.8387,0.4561,0.2528,-0.26,3.1668,0.1944,-0.1677,0.013,0.2658,0.0058,0,0.0,break_2,break_2,unmarked
1250,2025-08-08 17:03:11.519000,4186.25,4187.65,4189.45,1.4,1.8,3.2,18.75,0.7778,0.4375,0.2709,-0.2701,3.3935,0.1935,-0.1501,0.0058,0.2767,0.0066,0,0.0,break_2,break_2,unmarked
1251,2025-08-08 17:03:14.735000,4189.45,4190.75,4193.05,1.3,2.3,3.6,16.667,0.5652,0.3611,0.2728,-0.2679,3.4176,0.2098,-0.1165,0.0066,0.2794,0.0115,0,0.0,break_2,break_2,unmarked
1252,2025-08-08 17:03:18.334000,4193.05,4194.05,4195.9,1.0,1.85,2.85,21.053,0.5405,0.3509,0.2676,-0.3007,3.3523,0.2676,-0.1625,0.0115,0.2791,-0.0216,1,0.25,break_2,break_2,unmarked
1253,2025-08-08 17:03:21.205000,4195.9,4197.45,4198.95,1.55,1.5,3.05,19.672,1.0333,0.5082,0.2504,-0.2408,3.1366,0.1615,-0.1605,-0.0216,0.2288,-0.012,0,0.0,break_2,break_2,unmarked
1254,2025-08-08 17:03:24.330000,4198.95,4200.65,4202.85,1.7,2.2,3.9,15.385,0.7727,0.4359,0.2431,-0.2325,3.0462,0.143,-0.1057,-0.012,0.2311,-0.0014,1,0.65,break_2,break_2,unmarked
1255,2025-08-08 17:03:28.261000,4202.85,4203.95,4205.8,1.1,1.85,2.95,20.339,0.5946,0.3729,0.2722,-0.2726,3.4101,0.2474,-0.1474,-0.0014,0.2708,-0.0019,0,0.0,break_2,break_2,unmarked
1256,2025-08-08 17:03:31.112000,4205.8,4206.85,4208.85,1.05,2.0,3.05,19.672,0.525,0.3443,0.2595,-0.2592,3.2513,0.2472,-0.1296,-0.0019,0.2577,-0.0015,0,0.0,break_2,break_2,unmarked
1257,2025-08-08 17:03:34.196000,4208.85,4210.05,4212.0,1.2,1.95,3.15,19.048,0.6154,0.381,0.2649,-0.2691,3.3186,0.2207,-0.138,-0.0015,0.2634,-0.0057,1,0.35,break_2,break_2,unmarked
1258,2025-08-08 17:03:37.315000,4212.0,4213.15,4214.85,1.15,1.7,2.85,21.053,0.6765,0.4035,0.2465,-0.2365,3.0885,0.2144,-0.1391,-0.0057,0.2408,0.0044,0,0.0,break_2,break_2,unmarked
1259,2025-08-08 17:03:40.139000,4214.85,4216.1,4217.75,1.25,1.65,2.9,20.69,0.7576,0.431,0.2444,-0.2493,3.0622,0.1955,-0.1511,0.0044,0.2488,-0.0005,0,0.0,break_2,break_2,unmarked
1260,2025-08-08 17:03:43.021000,4217.75,4219.15,4220.75,1.4,1.6,3.0,20.0,0.875,0.4667,0.2797,-0.2819,3.5036,0.1998,-0.1762,-0.0005,0.2792,-0.0027,0,0.0,break_2,break_2,unmarked
1261,2025-08-08 17:03:46.019000,4220.75,4222.3,4223.85,1.55,1.55,3.1,19.355,1.0,0.5,0.2576,-0.2538,3.227,0.1662,-0.1638,-0.0027,0.2549,0.0011,0,0.0,break_2,break_2,unmarked
1262,2025-08-08 17:03:49.236000,4223.85,4225.35,4227.55,1.5,2.2,3.7,16.216,0.6818,0.4054,0.2762,-0.2556,3.4603,0.1841,-0.1162,0.0011,0.2773,0.0216,0,0.0,break_2,break_2,unmarked
1263,2025-08-08 17:03:52.831000,4227.55,4230.95,4234.5,3.4,3.55,6.95,8.633,0.9577,0.4892,1.2784,-1.2728,16.0163,0.376,-0.3585,0.0216,1.3,0.0272,1,0.45,break_2,break_2,unmarked
1264,2025-08-08 17:03:59.820000,4234.5,4238.55,4242.35,4.05,3.8,7.85,7.643,1.0658,0.5159,0.4573,-0.5029,5.7286,0.1129,-0.1323,0.0272,0.4844,-0.0185,1,0.65,break_2,break_2,unmarked
1265,2025-08-08 17:04:07.625000,4242.35,4244.3,4246.7,1.95,2.4,4.35,13.793,0.8125,0.4483,0.1928,-0.1807,2.4158,0.0989,-0.0753,-0.0185,0.1744,-0.0064,1,1.1,break_2,break_2,unmarked
1266,2025-08-08 17:04:12.026000,4246.7,4247.9,4250.05,1.2,2.15,3.35,17.91,0.5581,0.3582,0.2205,-0.2138,2.7619,0.1837,-0.0994,-0.0064,0.2141,0.0003,1,0.6,break_2,break_2,unmarked
1267,2025-08-08 17:04:15.326000,4250.05,4251.85,4254.4,1.8,2.55,4.35,13.793,0.7059,0.4138,0.2636,-0.2682,3.3024,0.1464,-0.1052,0.0003,0.2639,-0.0043,1,0.85,break_2,break_2,unmarked
1268,2025-08-08 17:04:19.713000,4254.4,4255.75,4260.05,1.35,4.3,5.65,10.619,0.314,0.2389,0.2469,-0.2554,3.0929,0.1829,-0.0594,-0.0043,0.2426,-0.0128,1,2.55,break_2,break_2,unmarked
1269,2025-08-08 17:04:25.322000,4260.05,4262.75,4264.55,2.7,1.8,4.5,13.333,1.5,0.6,0.2608,-0.2525,3.2669,0.0966,-0.1403,-0.0128,0.248,-0.0045,0,0.0,break_2,break_2,unmarked
1270,2025-08-08 17:04:29.818000,4264.55,4265.85,4267.85,1.3,2.0,3.3,18.182,0.65,0.3939,0.284,-0.2799,3.5584,0.2185,-0.1399,-0.0045,0.2796,-0.0003,0,0.0,break_2,break_2,unmarked
1271,2025-08-08 17:04:33.156000,4267.85,4269.1,4271.05,1.25,1.95,3.2,18.75,0.641,0.3906,0.2806,-0.278,3.5151,0.2245,-0.1425,-0.0003,0.2803,0.0023,0,0.0,break_2,break_2,unmarked
1272,2025-08-08 17:04:36.329000,4271.05,4272.65,4274.65,1.6,2.0,3.6,16.667,0.8,0.4444,0.2386,-0.1991,2.9891,0.1491,-0.0995,0.0023,0.2409,0.0418,0,0.0,break_2,break_2,unmarked
1273,2025-08-08 17:04:39.931000,4274.65,4275.75,4277.7,1.1,1.95,3.05,19.672,0.5641,0.3607,0.2039,-0.2457,2.5539,0.1853,-0.126,0.0418,0.2457,-0.0001,0,0.0,break_2,break_2,unmarked
1274,2025-08-08 17:04:43.026000,4277.7,4279.55,4282.05,1.85,2.5,4.35,13.793,0.74,0.4253,0.2594,-0.2593,3.2494,0.1402,-0.1037,-0.0001,0.2593,0.0,1,0.7,break_2,break_2,unmarked
1275,2025-08-08 17:04:47.340000,4282.05,4283.35,4285.15,1.3,1.8,3.1,19.355,0.7222,0.4194,0.2446,-0.2321,3.0645,0.1882,-0.1289,0.0,0.2446,0.0126,0,0.0,break_2,break_2,unmarked
1276,2025-08-08 17:04:50.458000,4285.15,4286.5,4288.05,1.35,1.55,2.9,20.69,0.871,0.4655,0.2502,-0.2598,3.1342,0.1853,-0.1676,0.0126,0.2627,0.0029,0,0.0,break_2,break_2,unmarked
1277,2025-08-08 17:04:53.435000,4288.05,4289.35,4291.35,1.3,2.0,3.3,18.182,0.65,0.3939,0.2354,-0.2479,2.9498,0.1811,-0.1239,0.0029,0.2383,-0.0095,1,0.65,break_2,break_2,unmarked
1278,2025-08-08 17:04:56.736000,4291.35,4292.55,4294.05,1.2,1.5,2.7,22.222,0.8,0.4444,0.1933,-0.1776,2.4217,0.1611,-0.1184,-0.0095,0.1838,0.0062,0,0.0,break_2,break_2,unmarked
1279,2025-08-08 17:04:59.431000,4294.05,4295.7,4297.65,1.65,1.95,3.6,16.667,0.8462,0.4583,0.2855,-0.2838,3.5764,0.173,-0.1455,0.0062,0.2917,0.0079,0,0.0,break_2,break_2,unmarked
1280,2025-08-08 17:05:03.028000,4297.65,4299.05,4300.9,1.4,1.85,3.25,18.462,0.7568,0.4308,0.2953,-0.3027,3.7,0.2109,-0.1636,0.0079,0.3032,0.0005,0,0.0,break_2,break_2,unmarked
1281,2025-08-08 17:05:06.177000,4300.9,4302.35,4304.75,1.45,2.4,3.85,15.584,0.6042,0.3766,0.261,-0.2654,3.2694,0.18,-0.1106,0.0005,0.2615,-0.0039,1,0.9,break_2,break_2,unmarked
1282,2025-08-08 17:05:10.024000,4304.75,4305.95,4307.95,1.2,2.0,3.2,18.75,0.6,0.375,0.2731,-0.2769,3.4218,0.2276,-0.1384,-0.0039,0.2692,-0.0077,1,0.25,break_2,break_2,unmarked
1283,2025-08-08 17:05:13.231000,4307.95,4309.15,4311.1,1.2,1.95,3.15,19.048,0.6154,0.381,0.2476,-0.2486,3.1019,0.2063,-0.1275,-0.0077,0.2399,-0.0088,0,0.0,break_2,break_2,unmarked
1284,2025-08-08 17:05:16.436000,4311.1,4312.75,4314.35,1.65,1.6,3.25,18.462,1.0312,0.5077,0.2924,-0.2688,3.6636,0.1772,-0.168,-0.0088,0.2837,0.0148,1,0.45,break_2,break_2,unmarked
1285,2025-08-08 17:05:19.623000,4314.35,4315.55,4317.5,1.2,1.95,3.15,19.048,0.6154,0.381,0.3062,-0.3067,3.8366,0.2552,-0.1573,0.0148,0.3211,0.0143,1,0.65,break_2,break_2,unmarked
1286,2025-08-08 17:05:22.830000,4317.5,4318.65,4320.75,1.15,2.1,3.25,18.462,0.5476,0.3538,0.295,-0.3047,3.6953,0.2565,-0.1451,0.0143,0.3093,0.0046,0,0.0,break_2,break_2,unmarked
1287,2025-08-08 17:05:26.131000,4320.75,4322.05,4323.85,1.3,1.8,3.1,19.355,0.7222,0.4194,0.2877,-0.2868,3.6045,0.2213,-0.1593,0.0046,0.2923,0.0055,0,0.0,break_2,break_2,unmarked
1288,2025-08-08 17:05:29.128000,4323.85,4325.1,4327.45,1.25,2.35,3.6,16.667,0.5319,0.3472,0.2675,-0.2814,3.3509,0.214,-0.1197,0.0055,0.273,-0.0084,0,0.0,break_2,break_2,unmarked
1289,2025-08-08 17:05:32.734000,4327.45,4328.85,4330.85,1.4,2.0,3.4,17.647,0.7,0.4118,0.227,-0.2235,2.8439,0.1621,-0.1117,-0.0084,0.2186,-0.0049,0,0.0,break_2,break_2,unmarked
1290,2025-08-08 17:05:36.122000,4330.85,4332.55,4334.2,1.7,1.65,3.35,17.91,1.0303,0.5075,0.2654,-0.2596,3.3246,0.1561,-0.1574,-0.0049,0.2605,0.0008,0,0.0,break_2,break_2,unmarked
1291,2025-08-08 17:05:39.510000,4334.2,4335.45,4337.15,1.25,1.7,2.95,20.339,0.7353,0.4237,0.2779,-0.2538,3.482,0.2223,-0.1493,0.0008,0.2788,0.025,0,0.0,break_2,break_2,unmarked
1292,2025-08-08 17:05:42.425000,4337.15,4338.35,4339.95,1.2,1.6,2.8,21.429,0.75,0.4286,0.3139,-0.313,3.9325,0.2616,-0.1956,0.025,0.3389,0.0258,0,0.0,break_2,break_2,unmarked
1293,2025-08-08 17:05:45.300000,4339.95,4341.05,4343.4,1.1,2.35,3.45,17.391,0.4681,0.3188,0.248,-0.2771,3.1074,0.2255,-0.1179,0.0258,0.2739,-0.0032,1,0.7,break_2,break_2,unmarked
1294,2025-08-08 17:05:48.723000,4343.4,4344.65,4346.35,1.25,1.7,2.95,20.339,0.7353,0.4237,0.2111,-0.198,2.6447,0.1689,-0.1165,-0.0032,0.2079,0.0099,0,0.0,break_2,break_2,unmarked
1295,2025-08-08 17:05:51.637000,4346.35,4347.75,4349.55,1.4,1.8,3.2,18.75,0.7778,0.4375,0.2886,-0.29,3.6156,0.2061,-0.1611,0.0099,0.2985,0.0085,0,0.0,break_2,break_2,unmarked
1296,2025-08-08 17:05:54.845000,4349.55,4350.85,4353.15,1.3,2.3,3.6,16.667,0.5652,0.3611,0.2931,-0.3106,3.6715,0.2254,-0.1351,0.0085,0.3015,-0.0091,1,0.4,break_2,break_2,unmarked
1297,2025-08-08 17:05:58.441000,4353.15,4354.25,4356.45,1.1,2.2,3.3,18.182,0.5,0.3333,0.2537,-0.2507,3.1788,0.2307,-0.114,-0.0091,0.2446,-0.0061,1,0.75,break_2,break_2,unmarked
1298,2025-08-08 17:06:01.836000,4356.45,4357.95,4359.75,1.5,1.8,3.3,18.182,0.8333,0.4545,0.2879,-0.2786,3.6073,0.192,-0.1548,-0.0061,0.2818,0.0032,0,0.0,break_2,break_2,unmarked
1299,2025-08-08 17:06:05.127000,4359.75,4360.85,4362.95,1.1,2.1,3.2,18.75,0.5238,0.3438,0.2668,-0.2726,3.3427,0.2426,-0.1298,0.0032,0.27,-0.0026,0,0.0,break_2,break_2,unmarked
1300,2025-08-08 17:06:08.221000,4362.95,4364.15,4366.15,1.2,2.0,3.2,18.75,0.6,0.375,0.2449,-0.2384,3.0676,0.204,-0.1192,-0.0026,0.2423,0.0039,1,0.45,break_2,break_2,unmarked
1301,2025-08-08 17:06:11.521000,4366.15,4367.45,4368.95,1.3,1.5,2.8,21.429,0.8667,0.4643,0.2667,-0.2641,3.3412,0.2051,-0.1761,0.0039,0.2706,0.0065,0,0.0,break_2,break_2,unmarked
1302,2025-08-08 17:06:14.219000,4368.95,4370.25,4371.95,1.3,1.7,3.0,20.0,0.7647,0.4333,0.2409,-0.2465,3.0175,0.1853,-0.145,0.0065,0.2473,0.0008,0,0.0,break_2,break_2,unmarked
1303,2025-08-08 17:06:17.220000,4371.95,4373.35,4375.0,1.4,1.65,3.05,19.672,0.8485,0.459,0.2958,-0.2989,3.7059,0.2113,-0.1811,0.0008,0.2966,-0.0023,0,0.0,break_2,break_2,unmarked
1304,2025-08-08 17:06:20.308000,4375.0,4376.45,4378.05,1.45,1.6,3.05,19.672,0.9062,0.4754,0.2337,-0.237,2.9282,0.1612,-0.1482,-0.0023,0.2315,-0.0056,0,0.0,break_2,break_2,unmarked
1305,2025-08-08 17:06:23.337000,4378.05,4379.35,4381.0,1.3,1.65,2.95,20.339,0.7879,0.4407,0.3325,-0.3217,4.1659,0.2558,-0.195,-0.0056,0.3269,0.0052,0,0.0,break_2,break_2,unmarked
1306,2025-08-08 17:06:26.339000,4381.0,4382.2,4383.8,1.2,1.6,2.8,21.429,0.75,0.4286,0.3177,-0.3312,3.9796,0.2647,-0.207,0.0052,0.3229,-0.0083,0,0.0,break_2,break_2,unmarked
1307,2025-08-08 17:06:29.128000,4383.8,4385.35,4387.05,1.55,1.7,3.25,18.462,0.9118,0.4769,0.2977,-0.3038,3.73,0.1921,-0.1787,-0.0083,0.2894,-0.0144,0,0.0,break_2,break_2,unmarked
1308,2025-08-08 17:06:32.338000,4387.05,4388.3,4389.95,1.25,1.65,2.9,20.69,0.7576,0.431,0.2838,-0.2976,3.5559,0.2271,-0.1804,-0.0144,0.2694,-0.0282,0,0.0,break_2,break_2,unmarked
1309,2025-08-08 17:06:35.218000,4389.95,4392.05,4394.25,2.1,2.2,4.3,13.953,0.9545,0.4884,0.293,-0.2919,3.6709,0.1395,-0.1327,-0.0282,0.2648,-0.0271,1,0.35,break_2,break_2,unmarked
1310,2025-08-08 17:06:39.637000,4394.25,4395.45,4396.85,1.2,1.4,2.6,23.077,0.8571,0.4615,0.2834,-0.2706,3.5508,0.2362,-0.1933,-0.0271,0.2563,-0.0143,0,0.0,break_2,break_2,unmarked
1311,2025-08-08 17:06:42.121000,4396.85,4404.35,4405.85,7.5,1.5,9.0,6.667,5.0,0.8333,0.9352,-0.5877,11.7164,0.1247,-0.3918,-0.0143,0.9209,0.3332,0,0.0,subject_idle,subject_idle,unmarked
1312,2025-08-08 17:06:51.118000,4405.85,4406.85,4408.65,1.0,1.8,2.8,21.429,0.5556,0.3571,0.4226,-0.4919,5.2945,0.4226,-0.2733,0.3332,0.7558,0.2639,0,0.0,subject_idle,subject_idle,unmarked
1313,2025-08-08 17:06:54,4408.65,4409.95,4411.55,1.3,1.6,2.9,20.69,0.8125,0.4483,0.3577,-0.4986,4.4818,0.2752,-0.3116,0.2639,0.6216,0.123,0,0.0,subject_idle,subject_idle,unmarked
1314,2025-08-08 17:06:56.826000,4411.55,4412.95,4414.65,1.4,1.7,3.1,19.355,0.8235,0.4516,0.4226,-0.4523,5.2947,0.3019,-0.2661,0.123,0.5457,0.0933,0,0.0,subject_idle,subject_idle,unmarked
1315,2025-08-08 17:06:59.940000,4414.65,4415.95,4417.65,1.3,1.7,3.0,20.0,0.7647,0.4333,0.4574,-0.4758,5.7304,0.3518,-0.2799,0.0933,0.5507,0.0749,0,0.0,subject_idle,subject_idle,unmarked
1316,2025-08-08 17:07:02.942000,4417.65,4419.25,4420.85,1.6,1.6,3.2,18.75,1.0,0.5,0.5012,-0.5042,6.2795,0.3133,-0.3151,0.0749,0.5761,0.0719,0,0.0,subject_idle,subject_idle,unmarked
1317,2025-08-08 17:07:06.118000,4420.85,4422.2,4423.6,1.35,1.4,2.75,21.818,0.9643,0.4909,0.4716,-0.6576,5.9083,0.3493,-0.4697,0.0719,0.5435,-0.114,0,0.0,subject_idle,subject_idle,unmarked
1318,2025-08-08 17:07:08.912000,4423.6,4424.95,4426.55,1.35,1.6,2.95,20.339,0.8437,0.4576,0.7042,-0.5735,8.8227,0.5216,-0.3584,-0.114,0.5902,0.0167,0,0.0,subject_idle,subject_idle,unmarked
1319,2025-08-08 17:07:11.820000,4426.55,4427.85,4429.35,1.3,1.5,2.8,21.429,0.8667,0.4643,0.488,-0.5046,6.1139,0.3754,-0.3364,0.0167,0.5047,0.0,0,0.0,subject_idle,subject_idle,unmarked
1320,2025-08-08 17:07:14.673000,4429.35,4430.65,4432.25,1.3,1.6,2.9,20.69,0.8125,0.4483,0.5115,-0.5162,6.408,0.3934,-0.3226,0.0,0.5115,-0.0047,0,0.0,subject_idle,subject_idle,unmarked
1321,2025-08-08 17:07:17.519000,4432.25,4433.45,4435.15,1.2,1.7,2.9,20.69,0.7059,0.4138,0.4889,-0.4694,6.1257,0.4075,-0.2761,-0.0047,0.4843,0.0149,0,0.0,subject_idle,subject_idle,unmarked
1322,2025-08-08 17:07:20.523000,4435.15,4436.65,4440.75,1.5,4.1,5.6,10.714,0.3659,0.2679,1.2771,-1.4162,15.9993,0.8514,-0.3454,0.0149,1.2919,-0.1242,0,0.0,subject_idle,subject_idle,unmarked
1323,2025-08-08 17:07:26.100000,4440.75,4443.05,4445.9,2.3,2.85,5.15,11.65,0.807,0.4466,0.7387,-0.6881,9.2551,0.3212,-0.2414,-0.1242,0.6145,-0.0736,0,0.0,subject_idle,subject_idle,unmarked
1324,2025-08-08 17:07:31.234000,4445.9,4447.25,4448.4,1.35,1.15,2.5,24.0,1.1739,0.54,0.3217,-0.2631,4.0304,0.2383,-0.2288,-0.0736,0.2481,-0.015,0,0.0,subject_idle,subject_idle,unmarked
1325,2025-08-08 17:07:33.718000,4448.4,4449.8,4451.3,1.4,1.5,2.9,20.69,0.9333,0.4828,0.4288,-0.3233,5.3719,0.3063,-0.2155,-0.015,0.4138,0.0905,0,0.0,subject_idle,subject_idle,unmarked
1326,2025-08-08 17:07:36.667000,4451.3,4452.65,4454.35,1.35,1.7,3.05,19.672,0.7941,0.4426,0.264,-0.3512,3.3078,0.1956,-0.2066,0.0905,0.3545,0.0033,0,0.0,subject_idle,subject_idle,unmarked
1327,2025-08-08 17:07:39.635000,4454.35,4456.05,4457.7,1.7,1.65,3.35,17.91,1.0303,0.5075,0.3066,-0.3054,3.8409,0.1803,-0.1851,0.0033,0.3098,0.0045,0,0.0,subject_idle,subject_idle,unmarked
1328,2025-08-08 17:07:43.019000,4457.7,4458.65,4460.25,0.95,1.6,2.55,23.529,0.5937,0.3725,0.2344,-0.2377,2.9367,0.2467,-0.1485,0.0045,0.2389,0.0012,0,0.0,subject_idle,subject_idle,unmarked
1329,2025-08-08 17:07:45.634000,4460.25,4461.55,4463.05,1.3,1.5,2.8,21.429,0.8667,0.4643,0.2746,-0.2505,3.4398,0.2112,-0.167,0.0012,0.2758,0.0253,1,0.35,subject_idle,subject_idle,unmarked
1330,2025-08-08 17:07:48.332000,4463.05,4464.2,4466.15,1.15,1.95,3.1,19.355,0.5897,0.371,0.2449,-0.2579,3.0683,0.213,-0.1323,0.0253,0.2702,0.0123,0,0.0,subject_idle,subject_idle,unmarked
1331,2025-08-08 17:07:51.422000,4466.15,4467.85,4470.15,1.7,2.3,4.0,15.0,0.7391,0.425,0.2533,-0.2537,3.1734,0.149,-0.1103,0.0123,0.2656,0.0119,1,0.6,subject_idle,subject_idle,unmarked
1332,2025-08-08 17:07:55.530000,4470.15,4472.8,4475.35,2.65,2.55,5.2,11.538,1.0392,0.5096,0.2787,-0.3362,3.4919,0.1052,-0.1318,0.0119,0.2906,-0.0456,0,0.0,subject_idle,subject_idle,unmarked
1333,2025-08-08 17:08:00.728000,4475.35,4475.75,4478.85,0.4,3.1,3.5,17.143,0.129,0.1143,0.2058,-0.2843,2.5783,0.5145,-0.0917,-0.0456,0.1602,-0.124,1,0.45,subject_idle,subject_idle,unmarked
1334,2025-08-08 17:08:04.202000,4478.85,4479.85,4482.15,1.0,2.3,3.3,18.182,0.4348,0.303,0.223,-0.1389,2.794,0.223,-0.0604,-0.124,0.099,-0.0399,0,0.0,subject_idle,subject_idle,unmarked
1335,2025-08-08 17:08:07.534000,4482.15,4483.35,4485.65,1.2,2.3,3.5,17.143,0.5217,0.3429,0.1974,-0.2425,2.4727,0.1645,-0.1054,-0.0399,0.1575,-0.0851,0,0.0,subject_idle,subject_idle,unmarked
1336,2025-08-08 17:08:10.925000,4485.65,4488.25,4488.95,2.6,0.7,3.3,18.182,3.7143,0.7879,0.3349,-0.2208,4.1955,0.1288,-0.3155,-0.0851,0.2498,0.029,1,0.55,subject_idle,subject_idle,unmarked
1337,2025-08-08 17:08:14.221000,4488.95,4489.95,4491.35,1.0,1.4,2.4,25.0,0.7143,0.4167,0.2582,-0.2813,3.2345,0.2582,-0.2009,0.029,0.2872,0.0059,0,0.0,subject_idle,subject_idle,unmarked
1338,2025-08-08 17:08:16.626000,4491.35,4492.35,4494.4,1.0,2.05,3.05,19.672,0.4878,0.3279,0.2995,-0.3072,3.7523,0.2995,-0.1499,0.0059,0.3054,-0.0018,0,0.0,subject_idle,subject_idle,unmarked
1339,2025-08-08 17:08:19.708000,4494.4,4495.95,4498.05,1.55,2.1,3.65,16.438,0.7381,0.4247,0.278,-0.2744,3.483,0.1794,-0.1307,-0.0018,0.2762,0.0018,0,0.0,subject_idle,subject_idle,unmarked
1340,2025-08-08 17:08:23.436000,4498.05,4499.15,4501.35,1.1,2.2,3.3,18.182,0.5,0.3333,0.2501,-0.2602,3.1333,0.2274,-0.1183,0.0018,0.2519,-0.0083,0,0.0,subject_idle,subject_idle,unmarked
1341,2025-08-08 17:08:26.704000,4501.35,4502.75,4504.45,1.4,1.7,3.1,19.355,0.8235,0.4516,0.2916,-0.2816,3.6538,0.2083,-0.1657,-0.0083,0.2834,0.0017,0,0.0,subject_idle,subject_idle,unmarked
1342,2025-08-08 17:08:29.823000,4504.45,4506.05,4508.25,1.6,2.2,3.8,15.789,0.7273,0.4211,0.2567,-0.2647,3.2162,0.1604,-0.1203,0.0017,0.2585,-0.0062,1,0.4,subject_idle,subject_idle,unmarked
1343,2025-08-08 17:08:33.605000,4508.25,4509.35,4511.45,1.1,2.1,3.2,18.75,0.5238,0.3438,0.2547,-0.26,3.191,0.2315,-0.1238,-0.0062,0.2485,-0.0115,0,0.0,subject_idle,subject_idle,unmarked
1344,2025-08-08 17:08:36.729000,4511.45,4512.2,4514.55,0.75,2.35,3.1,19.355,0.3191,0.2419,0.3369,-0.2901,4.2206,0.4492,-0.1235,-0.0115,0.3253,0.0352,1,0.55,subject_idle,subject_idle,unmarked
1345,2025-08-08 17:08:39.937000,4514.55,4515.55,4516.25,1.0,0.7,1.7,35.294,1.4286,0.5882,0.195,-0.1534,2.4424,0.195,-0.2192,0.0352,0.2302,0.0767,1,0.55,subject_idle,subject_idle,unmarked
1346,2025-08-08 17:08:41.520000,4516.25,4516.65,4518.65,0.4,2.0,2.4,25.0,0.2,0.1667,0.1078,-0.1489,1.3503,0.2694,-0.0744,0.0767,0.1845,0.0357,1,0.9,subject_idle,subject_idle,unmarked
1347,2025-08-08 17:08:43.926000,4518.65,4519.65,4521.35,1.0,1.7,2.7,22.222,0.5882,0.3704,0.2129,-0.2445,2.6671,0.2129,-0.1438,0.0357,0.2485,0.0041,0,0.0,subject_idle,subject_idle,unmarked
1348,2025-08-08 17:08:46.619000,4521.35,4522.05,4523.35,0.7,1.3,2.0,30.0,0.5385,0.35,0.3033,-0.2748,3.7996,0.4333,-0.2114,0.0041,0.3074,0.0325,0,0.0,subject_idle,subject_idle,unmarked
1349,2025-08-08 17:08:48.632000,4523.35,4524.35,4526.55,1.0,2.2,3.2,18.75,0.4545,0.3125,0.2293,-0.2717,2.8725,0.2293,-0.1235,0.0325,0.2618,-0.0099,1,0.6,subject_idle,subject_idle,unmarked
1350,2025-08-08 17:08:51.929000,4526.55,4527.75,4529.95,1.2,2.2,3.4,17.647,0.5455,0.3529,0.2906,-0.2889,3.6408,0.2422,-0.1313,-0.0099,0.2807,-0.0082,1,0.4,subject_idle,subject_idle,unmarked
1351,2025-08-08 17:08:55.230000,4529.95,4531.25,4533.2,1.3,1.95,3.25,18.462,0.6667,0.4,0.278,-0.2802,3.4827,0.2138,-0.1437,-0.0082,0.2698,-0.0104,0,0.0,subject_idle,subject_idle,unmarked
1352,2025-08-08 17:08:58.534000,4533.2,4534.45,4535.35,1.25,0.9,2.15,27.907,1.3889,0.5814,0.2049,-0.136,2.5672,0.1639,-0.1511,-0.0104,0.1945,0.0585,1,0.75,subject_idle,subject_idle,unmarked
1353,2025-08-08 17:09:00.632000,4535.35,4536.5,4537.55,1.15,1.05,2.2,27.273,1.0952,0.5227,0.2546,-0.2488,3.1892,0.2214,-0.2369,0.0585,0.3131,0.0643,0,0.0,subject_idle,subject_idle,unmarked
